Country,Year,Emissions,Unit,Sector
Afghanistan,2021,5.42,Tonnes of CO2-equivalent,Transport
Angola,2021,7.26,Tonnes of CO2-equivalent,Transport
Albania,2021,1.81,Tonnes of CO2-equivalent,Transport
United Arab Emirates,2021,37.29,Tonnes of CO2-equivalent,Transport
Argentina,2021,48.39,Tonnes of CO2-equivalent,Transport
Armenia,2021,2.46,Tonnes of CO2-equivalent,Transport
Antigua and Barbuda,2021,0.24,Tonnes of CO2-equivalent,Transport
Australia,2021,90.03,Tonnes of CO2-equivalent,Transport
Austria,2021,22.9,Tonnes of CO2-equivalent,Transport
Azerbaijan,2021,7.89,Tonnes of CO2-equivalent,Transport
Burundi,2021,0.67,Tonnes of CO2-equivalent,Transport
Belgium,2021,23.59,Tonnes of CO2-equivalent,Transport
Benin,2021,4.36,Tonnes of CO2-equivalent,Transport
Burkina Faso,2021,3.16,Tonnes of CO2-equivalent,Transport
Bangladesh,2021,12.02,Tonnes of CO2-equivalent,Transport
Bulgaria,2021,9.86,Tonnes of CO2-equivalent,Transport
Bahrain,2021,3.61,Tonnes of CO2-equivalent,Transport
"Bahamas, The",2021,0.45,Tonnes of CO2-equivalent,Transport
Bosnia and Herzegovina,2021,4.26,Tonnes of CO2-equivalent,Transport
Belarus,2021,10.66,Tonnes of CO2-equivalent,Transport
Belize,2021,0.47,Tonnes of CO2-equivalent,Transport
Bolivia,2021,11.51,Tonnes of CO2-equivalent,Transport
Brazil,2021,207.79,Tonnes of CO2-equivalent,Transport
Barbados,2021,0.36,Tonnes of CO2-equivalent,Transport
Brunei Darussalam,2021,1.19,Tonnes of CO2-equivalent,Transport
Bhutan,2021,0.4,Tonnes of CO2-equivalent,Transport
Botswana,2021,2.22,Tonnes of CO2-equivalent,Transport
Central African Republic,2021,0.23,Tonnes of CO2-equivalent,Transport
Canada,2021,162.04,Tonnes of CO2-equivalent,Transport
Switzerland,2021,15.02,Tonnes of CO2-equivalent,Transport
Chile,2021,28.47,Tonnes of CO2-equivalent,Transport
China,2021,996.35,Tonnes of CO2-equivalent,Transport
Cote d'Ivoire,2021,5.16,Tonnes of CO2-equivalent,Transport
Cameroon,2021,3.65,Tonnes of CO2-equivalent,Transport
"Congo, Dem. Rep.",2021,2.33,Tonnes of CO2-equivalent,Transport
"Congo, Rep.",2021,1.24,Tonnes of CO2-equivalent,Transport
Cook Islands,2021,0.05,Tonnes of CO2-equivalent,Transport
Colombia,2021,35.68,Tonnes of CO2-equivalent,Transport
Comoros,2021,0.23,Tonnes of CO2-equivalent,Transport
Cabo Verde,2021,0.23,Tonnes of CO2-equivalent,Transport
Costa Rica,2021,5.84,Tonnes of CO2-equivalent,Transport
Cuba,2021,1.2,Tonnes of CO2-equivalent,Transport
Cyprus,2021,1.96,Tonnes of CO2-equivalent,Transport
Czechia,2021,19.35,Tonnes of CO2-equivalent,Transport
Germany,2021,151.33,Tonnes of CO2-equivalent,Transport
Djibouti,2021,0.11,Tonnes of CO2-equivalent,Transport
Dominica,2021,0.05,Tonnes of CO2-equivalent,Transport
Denmark,2021,11.52,Tonnes of CO2-equivalent,Transport
Dominican Republic,2021,8.22,Tonnes of CO2-equivalent,Transport
Algeria,2021,44.25,Tonnes of CO2-equivalent,Transport
Ecuador,2021,19.64,Tonnes of CO2-equivalent,Transport
"Egypt, Arab Rep.",2021,56.41,Tonnes of CO2-equivalent,Transport
Eritrea,2021,0.23,Tonnes of CO2-equivalent,Transport
Spain,2021,88.59,Tonnes of CO2-equivalent,Transport
Estonia,2021,2.45,Tonnes of CO2-equivalent,Transport
Ethiopia,2021,7.31,Tonnes of CO2-equivalent,Transport
European Union,2021,785.63,Tonnes of CO2-equivalent,Transport
Finland,2021,10.26,Tonnes of CO2-equivalent,Transport
Fiji,2021,0.54,Tonnes of CO2-equivalent,Transport
France,2021,122.05,Tonnes of CO2-equivalent,Transport
"Micronesia, Fed. Sts.",2021,0.09,Tonnes of CO2-equivalent,Transport
Gabon,2021,0.18,Tonnes of CO2-equivalent,Transport
United Kingdom,2021,107.11,Tonnes of CO2-equivalent,Transport
Georgia,2021,4.27,Tonnes of CO2-equivalent,Transport
Ghana,2021,10.34,Tonnes of CO2-equivalent,Transport
Guinea,2021,2.4,Tonnes of CO2-equivalent,Transport
"Gambia, The",2021,0.08,Tonnes of CO2-equivalent,Transport
Guinea-Bissau,2021,0.11,Tonnes of CO2-equivalent,Transport
Equatorial Guinea,2021,0.45,Tonnes of CO2-equivalent,Transport
Greece,2021,16.37,Tonnes of CO2-equivalent,Transport
Grenada,2021,0.1,Tonnes of CO2-equivalent,Transport
Guatemala,2021,10.54,Tonnes of CO2-equivalent,Transport
Guyana,2021,1.04,Tonnes of CO2-equivalent,Transport
Honduras,2021,4.72,Tonnes of CO2-equivalent,Transport
Croatia,2021,6.32,Tonnes of CO2-equivalent,Transport
Haiti,2021,1.43,Tonnes of CO2-equivalent,Transport
Hungary,2021,13.98,Tonnes of CO2-equivalent,Transport
Indonesia,2021,140.72,Tonnes of CO2-equivalent,Transport
India,2021,302.98,Tonnes of CO2-equivalent,Transport
Ireland,2021,10.88,Tonnes of CO2-equivalent,Transport
"Iran, Islamic Rep.",2021,138.19,Tonnes of CO2-equivalent,Transport
Iraq,2021,34.39,Tonnes of CO2-equivalent,Transport
Iceland,2021,0.9,Tonnes of CO2-equivalent,Transport
Israel,2021,17.82,Tonnes of CO2-equivalent,Transport
Italy,2021,100.72,Tonnes of CO2-equivalent,Transport
Jamaica,2021,2.38,Tonnes of CO2-equivalent,Transport
Jordan,2021,8.14,Tonnes of CO2-equivalent,Transport
Japan,2021,188.12,Tonnes of CO2-equivalent,Transport
Kazakhstan,2021,23.41,Tonnes of CO2-equivalent,Transport
Kenya,2021,11.1,Tonnes of CO2-equivalent,Transport
Kyrgyz Republic,2021,1.66,Tonnes of CO2-equivalent,Transport
Cambodia,2021,7.08,Tonnes of CO2-equivalent,Transport
Kiribati,2021,0.03,Tonnes of CO2-equivalent,Transport
St. Kitts and Nevis,2021,0.08,Tonnes of CO2-equivalent,Transport
"Korea, Rep.",2021,105.82,Tonnes of CO2-equivalent,Transport
Kuwait,2021,16.49,Tonnes of CO2-equivalent,Transport
Lao PDR,2021,2.54,Tonnes of CO2-equivalent,Transport
Lebanon,2021,7.35,Tonnes of CO2-equivalent,Transport
Liberia,2021,0.37,Tonnes of CO2-equivalent,Transport
Libya,2021,17.38,Tonnes of CO2-equivalent,Transport
St. Lucia,2021,0.23,Tonnes of CO2-equivalent,Transport
Sri Lanka,2021,10.45,Tonnes of CO2-equivalent,Transport
Lesotho,2021,0.42,Tonnes of CO2-equivalent,Transport
Lithuania,2021,6.26,Tonnes of CO2-equivalent,Transport
Luxembourg,2021,5.12,Tonnes of CO2-equivalent,Transport
Latvia,2021,3.21,Tonnes of CO2-equivalent,Transport
Morocco,2021,19.0,Tonnes of CO2-equivalent,Transport
Moldova,2021,2.28,Tonnes of CO2-equivalent,Transport
Madagascar,2021,1.45,Tonnes of CO2-equivalent,Transport
Maldives,2021,0.99,Tonnes of CO2-equivalent,Transport
Mexico,2021,108.57,Tonnes of CO2-equivalent,Transport
Marshall Islands,2021,0.1,Tonnes of CO2-equivalent,Transport
North Macedonia,2021,2.3,Tonnes of CO2-equivalent,Transport
Mali,2021,4.2,Tonnes of CO2-equivalent,Transport
Malta,2021,0.65,Tonnes of CO2-equivalent,Transport
Myanmar,2021,5.2,Tonnes of CO2-equivalent,Transport
Montenegro,2021,0.91,Tonnes of CO2-equivalent,Transport
Mongolia,2021,2.84,Tonnes of CO2-equivalent,Transport
Mozambique,2021,4.26,Tonnes of CO2-equivalent,Transport
Mauritania,2021,0.0,Tonnes of CO2-equivalent,Transport
Mauritius,2021,1.06,Tonnes of CO2-equivalent,Transport
Malawi,2021,1.42,Tonnes of CO2-equivalent,Transport
Malaysia,2021,50.57,Tonnes of CO2-equivalent,Transport
Namibia,2021,1.97,Tonnes of CO2-equivalent,Transport
Niger,2021,1.29,Tonnes of CO2-equivalent,Transport
Nigeria,2021,58.98,Tonnes of CO2-equivalent,Transport
Nicaragua,2021,2.48,Tonnes of CO2-equivalent,Transport
Niue,2021,0.0,Tonnes of CO2-equivalent,Transport
Netherlands,2021,25.86,Tonnes of CO2-equivalent,Transport
Norway,2021,13.65,Tonnes of CO2-equivalent,Transport
Nepal,2021,4.48,Tonnes of CO2-equivalent,Transport
Nauru,2021,0.02,Tonnes of CO2-equivalent,Transport
New Zealand,2021,14.99,Tonnes of CO2-equivalent,Transport
Oman,2021,10.71,Tonnes of CO2-equivalent,Transport
Pakistan,2021,57.54,Tonnes of CO2-equivalent,Transport
Panama,2021,5.05,Tonnes of CO2-equivalent,Transport
Peru,2021,22.14,Tonnes of CO2-equivalent,Transport
Philippines,2021,32.63,Tonnes of CO2-equivalent,Transport
Palau,2021,0.14,Tonnes of CO2-equivalent,Transport
Papua New Guinea,2021,1.68,Tonnes of CO2-equivalent,Transport
Poland,2021,68.13,Tonnes of CO2-equivalent,Transport
"Korea, Dem. People's Rep.",2021,4.45,Tonnes of CO2-equivalent,Transport
Portugal,2021,15.84,Tonnes of CO2-equivalent,Transport
Paraguay,2021,8.07,Tonnes of CO2-equivalent,Transport
Qatar,2021,12.49,Tonnes of CO2-equivalent,Transport
Romania,2021,19.73,Tonnes of CO2-equivalent,Transport
Russian Federation,2021,259.99,Tonnes of CO2-equivalent,Transport
Rwanda,2021,0.66,Tonnes of CO2-equivalent,Transport
Saudi Arabia,2021,131.5,Tonnes of CO2-equivalent,Transport
Sudan,2021,12.26,Tonnes of CO2-equivalent,Transport
Senegal,2021,3.35,Tonnes of CO2-equivalent,Transport
Singapore,2021,6.29,Tonnes of CO2-equivalent,Transport
Solomon Islands,2021,0.2,Tonnes of CO2-equivalent,Transport
Sierra Leone,2021,0.71,Tonnes of CO2-equivalent,Transport
El Salvador,2021,4.04,Tonnes of CO2-equivalent,Transport
Somalia,2021,0.12,Tonnes of CO2-equivalent,Transport
Serbia,2021,7.66,Tonnes of CO2-equivalent,Transport
South Sudan,2021,0.97,Tonnes of CO2-equivalent,Transport
Sao Tome and Principe,2021,0.04,Tonnes of CO2-equivalent,Transport
Suriname,2021,0.84,Tonnes of CO2-equivalent,Transport
Slovak Republic,2021,7.44,Tonnes of CO2-equivalent,Transport
Slovenia,2021,5.25,Tonnes of CO2-equivalent,Transport
Sweden,2021,16.03,Tonnes of CO2-equivalent,Transport
Eswatini,2021,0.79,Tonnes of CO2-equivalent,Transport
Seychelles,2021,0.18,Tonnes of CO2-equivalent,Transport
Syrian Arab Republic,2021,4.99,Tonnes of CO2-equivalent,Transport
Chad,2021,0.83,Tonnes of CO2-equivalent,Transport
Togo,2021,1.3,Tonnes of CO2-equivalent,Transport
Thailand,2021,70.65,Tonnes of CO2-equivalent,Transport
Tajikistan,2021,1.9,Tonnes of CO2-equivalent,Transport
Turkmenistan,2021,12.08,Tonnes of CO2-equivalent,Transport
Timor-Leste,2021,0.32,Tonnes of CO2-equivalent,Transport
Tonga,2021,0.15,Tonnes of CO2-equivalent,Transport
Trinidad and Tobago,2021,2.28,Tonnes of CO2-equivalent,Transport
Tunisia,2021,8.14,Tonnes of CO2-equivalent,Transport
Turkiye,2021,91.24,Tonnes of CO2-equivalent,Transport
Tuvalu,2021,0.0,Tonnes of CO2-equivalent,Transport
Tanzania,2021,9.75,Tonnes of CO2-equivalent,Transport
Uganda,2021,3.87,Tonnes of CO2-equivalent,Transport
Ukraine,2021,26.02,Tonnes of CO2-equivalent,Transport
Uruguay,2021,4.0,Tonnes of CO2-equivalent,Transport
United States,2021,1718.46,Tonnes of CO2-equivalent,Transport
Uzbekistan,2021,16.93,Tonnes of CO2-equivalent,Transport
St. Vincent and the Grenadines,2021,0.13,Tonnes of CO2-equivalent,Transport
"Venezuela, RB",2021,11.31,Tonnes of CO2-equivalent,Transport
Viet Nam,2021,32.93,Tonnes of CO2-equivalent,Transport
Vanuatu,2021,0.17,Tonnes of CO2-equivalent,Transport
World,2021,7835.1,Tonnes of CO2-equivalent,Transport
Samoa,2021,0.15,Tonnes of CO2-equivalent,Transport
"Yemen, Rep.",2021,2.75,Tonnes of CO2-equivalent,Transport
South Africa,2021,49.43,Tonnes of CO2-equivalent,Transport
Zambia,2021,2.58,Tonnes of CO2-equivalent,Transport
Zimbabwe,2021,1.65,Tonnes of CO2-equivalent,Transport
Afghanistan,2021,5.42,Tonnes of CO2-equivalent,Transport
Angola,2021,7.26,Tonnes of CO2-equivalent,Transport
Albania,2021,1.81,Tonnes of CO2-equivalent,Transport
United Arab Emirates,2021,37.29,Tonnes of CO2-equivalent,Transport
Argentina,2021,48.39,Tonnes of CO2-equivalent,Transport
Armenia,2021,2.46,Tonnes of CO2-equivalent,Transport
Antigua and Barbuda,2021,0.24,Tonnes of CO2-equivalent,Transport
Australia,2021,90.03,Tonnes of CO2-equivalent,Transport
Austria,2021,22.9,Tonnes of CO2-equivalent,Transport
Azerbaijan,2021,7.89,Tonnes of CO2-equivalent,Transport
Burundi,2021,0.67,Tonnes of CO2-equivalent,Transport
Belgium,2021,23.59,Tonnes of CO2-equivalent,Transport
Benin,2021,4.36,Tonnes of CO2-equivalent,Transport
Burkina Faso,2021,3.16,Tonnes of CO2-equivalent,Transport
Bangladesh,2021,12.02,Tonnes of CO2-equivalent,Transport
Bulgaria,2021,9.86,Tonnes of CO2-equivalent,Transport
Bahrain,2021,3.61,Tonnes of CO2-equivalent,Transport
"Bahamas, The",2021,0.45,Tonnes of CO2-equivalent,Transport
Bosnia and Herzegovina,2021,4.26,Tonnes of CO2-equivalent,Transport
Belarus,2021,10.66,Tonnes of CO2-equivalent,Transport
Belize,2021,0.47,Tonnes of CO2-equivalent,Transport
Bolivia,2021,11.51,Tonnes of CO2-equivalent,Transport
Brazil,2021,207.79,Tonnes of CO2-equivalent,Transport
Barbados,2021,0.36,Tonnes of CO2-equivalent,Transport
Brunei Darussalam,2021,1.19,Tonnes of CO2-equivalent,Transport
Bhutan,2021,0.4,Tonnes of CO2-equivalent,Transport
Botswana,2021,2.22,Tonnes of CO2-equivalent,Transport
Central African Republic,2021,0.23,Tonnes of CO2-equivalent,Transport
Canada,2021,162.04,Tonnes of CO2-equivalent,Transport
Switzerland,2021,15.02,Tonnes of CO2-equivalent,Transport
Chile,2021,28.47,Tonnes of CO2-equivalent,Transport
China,2021,996.35,Tonnes of CO2-equivalent,Transport
Cote d'Ivoire,2021,5.16,Tonnes of CO2-equivalent,Transport
Cameroon,2021,3.65,Tonnes of CO2-equivalent,Transport
"Congo, Dem. Rep.",2021,2.33,Tonnes of CO2-equivalent,Transport
"Congo, Rep.",2021,1.24,Tonnes of CO2-equivalent,Transport
Cook Islands,2021,0.05,Tonnes of CO2-equivalent,Transport
Colombia,2021,35.68,Tonnes of CO2-equivalent,Transport
Comoros,2021,0.23,Tonnes of CO2-equivalent,Transport
Cabo Verde,2021,0.23,Tonnes of CO2-equivalent,Transport
Costa Rica,2021,5.84,Tonnes of CO2-equivalent,Transport
Cuba,2021,1.2,Tonnes of CO2-equivalent,Transport
Cyprus,2021,1.96,Tonnes of CO2-equivalent,Transport
Czechia,2021,19.35,Tonnes of CO2-equivalent,Transport
Germany,2021,151.33,Tonnes of CO2-equivalent,Transport
Djibouti,2021,0.11,Tonnes of CO2-equivalent,Transport
Dominica,2021,0.05,Tonnes of CO2-equivalent,Transport
Denmark,2021,11.52,Tonnes of CO2-equivalent,Transport
Dominican Republic,2021,8.22,Tonnes of CO2-equivalent,Transport
Algeria,2021,44.25,Tonnes of CO2-equivalent,Transport
Ecuador,2021,19.64,Tonnes of CO2-equivalent,Transport
"Egypt, Arab Rep.",2021,56.41,Tonnes of CO2-equivalent,Transport
Eritrea,2021,0.23,Tonnes of CO2-equivalent,Transport
Spain,2021,88.59,Tonnes of CO2-equivalent,Transport
Estonia,2021,2.45,Tonnes of CO2-equivalent,Transport
Ethiopia,2021,7.31,Tonnes of CO2-equivalent,Transport
European Union,2021,785.63,Tonnes of CO2-equivalent,Transport
Finland,2021,10.26,Tonnes of CO2-equivalent,Transport
Fiji,2021,0.54,Tonnes of CO2-equivalent,Transport
France,2021,122.05,Tonnes of CO2-equivalent,Transport
"Micronesia, Fed. Sts.",2021,0.09,Tonnes of CO2-equivalent,Transport
Gabon,2021,0.18,Tonnes of CO2-equivalent,Transport
United Kingdom,2021,107.11,Tonnes of CO2-equivalent,Transport
Georgia,2021,4.27,Tonnes of CO2-equivalent,Transport
Ghana,2021,10.34,Tonnes of CO2-equivalent,Transport
Guinea,2021,2.4,Tonnes of CO2-equivalent,Transport
"Gambia, The",2021,0.08,Tonnes of CO2-equivalent,Transport
Guinea-Bissau,2021,0.11,Tonnes of CO2-equivalent,Transport
Equatorial Guinea,2021,0.45,Tonnes of CO2-equivalent,Transport
Greece,2021,16.37,Tonnes of CO2-equivalent,Transport
Grenada,2021,0.1,Tonnes of CO2-equivalent,Transport
Guatemala,2021,10.54,Tonnes of CO2-equivalent,Transport
Guyana,2021,1.04,Tonnes of CO2-equivalent,Transport
Honduras,2021,4.72,Tonnes of CO2-equivalent,Transport
Croatia,2021,6.32,Tonnes of CO2-equivalent,Transport
Haiti,2021,1.43,Tonnes of CO2-equivalent,Transport
Hungary,2021,13.98,Tonnes of CO2-equivalent,Transport
Indonesia,2021,140.72,Tonnes of CO2-equivalent,Transport
India,2021,302.98,Tonnes of CO2-equivalent,Transport
Ireland,2021,10.88,Tonnes of CO2-equivalent,Transport
"Iran, Islamic Rep.",2021,138.19,Tonnes of CO2-equivalent,Transport
Iraq,2021,34.39,Tonnes of CO2-equivalent,Transport
Iceland,2021,0.9,Tonnes of CO2-equivalent,Transport
Israel,2021,17.82,Tonnes of CO2-equivalent,Transport
Italy,2021,100.72,Tonnes of CO2-equivalent,Transport
Jamaica,2021,2.38,Tonnes of CO2-equivalent,Transport
Jordan,2021,8.14,Tonnes of CO2-equivalent,Transport
Japan,2021,188.12,Tonnes of CO2-equivalent,Transport
Kazakhstan,2021,23.41,Tonnes of CO2-equivalent,Transport
Kenya,2021,11.1,Tonnes of CO2-equivalent,Transport
Kyrgyz Republic,2021,1.66,Tonnes of CO2-equivalent,Transport
Cambodia,2021,7.08,Tonnes of CO2-equivalent,Transport
Kiribati,2021,0.03,Tonnes of CO2-equivalent,Transport
St. Kitts and Nevis,2021,0.08,Tonnes of CO2-equivalent,Transport
"Korea, Rep.",2021,105.82,Tonnes of CO2-equivalent,Transport
Kuwait,2021,16.49,Tonnes of CO2-equivalent,Transport
Lao PDR,2021,2.54,Tonnes of CO2-equivalent,Transport
Lebanon,2021,7.35,Tonnes of CO2-equivalent,Transport
Liberia,2021,0.37,Tonnes of CO2-equivalent,Transport
Libya,2021,17.38,Tonnes of CO2-equivalent,Transport
St. Lucia,2021,0.23,Tonnes of CO2-equivalent,Transport
Sri Lanka,2021,10.45,Tonnes of CO2-equivalent,Transport
Lesotho,2021,0.42,Tonnes of CO2-equivalent,Transport
Lithuania,2021,6.26,Tonnes of CO2-equivalent,Transport
Luxembourg,2021,5.12,Tonnes of CO2-equivalent,Transport
Latvia,2021,3.21,Tonnes of CO2-equivalent,Transport
Morocco,2021,19.0,Tonnes of CO2-equivalent,Transport
Moldova,2021,2.28,Tonnes of CO2-equivalent,Transport
Madagascar,2021,1.45,Tonnes of CO2-equivalent,Transport
Maldives,2021,0.99,Tonnes of CO2-equivalent,Transport
Mexico,2021,108.57,Tonnes of CO2-equivalent,Transport
Marshall Islands,2021,0.1,Tonnes of CO2-equivalent,Transport
North Macedonia,2021,2.3,Tonnes of CO2-equivalent,Transport
Mali,2021,4.2,Tonnes of CO2-equivalent,Transport
Malta,2021,0.65,Tonnes of CO2-equivalent,Transport
Myanmar,2021,5.2,Tonnes of CO2-equivalent,Transport
Montenegro,2021,0.91,Tonnes of CO2-equivalent,Transport
Mongolia,2021,2.84,Tonnes of CO2-equivalent,Transport
Mozambique,2021,4.26,Tonnes of CO2-equivalent,Transport
Mauritania,2021,0.0,Tonnes of CO2-equivalent,Transport
Mauritius,2021,1.06,Tonnes of CO2-equivalent,Transport
Malawi,2021,1.42,Tonnes of CO2-equivalent,Transport
Malaysia,2021,50.57,Tonnes of CO2-equivalent,Transport
Namibia,2021,1.97,Tonnes of CO2-equivalent,Transport
Niger,2021,1.29,Tonnes of CO2-equivalent,Transport
Nigeria,2021,58.98,Tonnes of CO2-equivalent,Transport
Nicaragua,2021,2.48,Tonnes of CO2-equivalent,Transport
Niue,2021,0.0,Tonnes of CO2-equivalent,Transport
Netherlands,2021,25.86,Tonnes of CO2-equivalent,Transport
Norway,2021,13.65,Tonnes of CO2-equivalent,Transport
Nepal,2021,4.48,Tonnes of CO2-equivalent,Transport
Nauru,2021,0.02,Tonnes of CO2-equivalent,Transport
New Zealand,2021,14.99,Tonnes of CO2-equivalent,Transport
Oman,2021,10.71,Tonnes of CO2-equivalent,Transport
Pakistan,2021,57.54,Tonnes of CO2-equivalent,Transport
Panama,2021,5.05,Tonnes of CO2-equivalent,Transport
Peru,2021,22.14,Tonnes of CO2-equivalent,Transport
Philippines,2021,32.63,Tonnes of CO2-equivalent,Transport
Palau,2021,0.14,Tonnes of CO2-equivalent,Transport
Papua New Guinea,2021,1.68,Tonnes of CO2-equivalent,Transport
Poland,2021,68.13,Tonnes of CO2-equivalent,Transport
"Korea, Dem. People's Rep.",2021,4.45,Tonnes of CO2-equivalent,Transport
Portugal,2021,15.84,Tonnes of CO2-equivalent,Transport
Paraguay,2021,8.07,Tonnes of CO2-equivalent,Transport
Qatar,2021,12.49,Tonnes of CO2-equivalent,Transport
Romania,2021,19.73,Tonnes of CO2-equivalent,Transport
Russian Federation,2021,259.99,Tonnes of CO2-equivalent,Transport
Rwanda,2021,0.66,Tonnes of CO2-equivalent,Transport
Saudi Arabia,2021,131.5,Tonnes of CO2-equivalent,Transport
Sudan,2021,12.26,Tonnes of CO2-equivalent,Transport
Senegal,2021,3.35,Tonnes of CO2-equivalent,Transport
Singapore,2021,6.29,Tonnes of CO2-equivalent,Transport
Solomon Islands,2021,0.2,Tonnes of CO2-equivalent,Transport
Sierra Leone,2021,0.71,Tonnes of CO2-equivalent,Transport
El Salvador,2021,4.04,Tonnes of CO2-equivalent,Transport
Somalia,2021,0.12,Tonnes of CO2-equivalent,Transport
Serbia,2021,7.66,Tonnes of CO2-equivalent,Transport
South Sudan,2021,0.97,Tonnes of CO2-equivalent,Transport
Sao Tome and Principe,2021,0.04,Tonnes of CO2-equivalent,Transport
Suriname,2021,0.84,Tonnes of CO2-equivalent,Transport
Slovak Republic,2021,7.44,Tonnes of CO2-equivalent,Transport
Slovenia,2021,5.25,Tonnes of CO2-equivalent,Transport
Sweden,2021,16.03,Tonnes of CO2-equivalent,Transport
Eswatini,2021,0.79,Tonnes of CO2-equivalent,Transport
Seychelles,2021,0.18,Tonnes of CO2-equivalent,Transport
Syrian Arab Republic,2021,4.99,Tonnes of CO2-equivalent,Transport
Chad,2021,0.83,Tonnes of CO2-equivalent,Transport
Togo,2021,1.3,Tonnes of CO2-equivalent,Transport
Thailand,2021,70.65,Tonnes of CO2-equivalent,Transport
Tajikistan,2021,1.9,Tonnes of CO2-equivalent,Transport
Turkmenistan,2021,12.08,Tonnes of CO2-equivalent,Transport
Timor-Leste,2021,0.32,Tonnes of CO2-equivalent,Transport
Tonga,2021,0.15,Tonnes of CO2-equivalent,Transport
Trinidad and Tobago,2021,2.28,Tonnes of CO2-equivalent,Transport
Tunisia,2021,8.14,Tonnes of CO2-equivalent,Transport
Turkiye,2021,91.24,Tonnes of CO2-equivalent,Transport
Tuvalu,2021,0.0,Tonnes of CO2-equivalent,Transport
Tanzania,2021,9.75,Tonnes of CO2-equivalent,Transport
Uganda,2021,3.87,Tonnes of CO2-equivalent,Transport
Ukraine,2021,26.02,Tonnes of CO2-equivalent,Transport
Uruguay,2021,4.0,Tonnes of CO2-equivalent,Transport
United States,2021,1718.46,Tonnes of CO2-equivalent,Transport
Uzbekistan,2021,16.93,Tonnes of CO2-equivalent,Transport
St. Vincent and the Grenadines,2021,0.13,Tonnes of CO2-equivalent,Transport
"Venezuela, RB",2021,11.31,Tonnes of CO2-equivalent,Transport
Viet Nam,2021,32.93,Tonnes of CO2-equivalent,Transport
Vanuatu,2021,0.17,Tonnes of CO2-equivalent,Transport
World,2021,7835.1,Tonnes of CO2-equivalent,Transport
Samoa,2021,0.15,Tonnes of CO2-equivalent,Transport
"Yemen, Rep.",2021,2.75,Tonnes of CO2-equivalent,Transport
South Africa,2021,49.43,Tonnes of CO2-equivalent,Transport
Zambia,2021,2.58,Tonnes of CO2-equivalent,Transport
Zimbabwe,2021,1.65,Tonnes of CO2-equivalent,Transport
Afghanistan,2020,5.07,Tonnes of CO2-equivalent,Transport
Angola,2020,3.99,Tonnes of CO2-equivalent,Transport
Albania,2020,1.59,Tonnes of CO2-equivalent,Transport
United Arab Emirates,2020,31.59,Tonnes of CO2-equivalent,Transport
Argentina,2020,38.93,Tonnes of CO2-equivalent,Transport
Armenia,2020,2.35,Tonnes of CO2-equivalent,Transport
Antigua and Barbuda,2020,0.23,Tonnes of CO2-equivalent,Transport
Australia,2020,92.95,Tonnes of CO2-equivalent,Transport
Austria,2020,22.21,Tonnes of CO2-equivalent,Transport
Azerbaijan,2020,7.03,Tonnes of CO2-equivalent,Transport
Burundi,2020,0.66,Tonnes of CO2-equivalent,Transport
Belgium,2020,21.36,Tonnes of CO2-equivalent,Transport
Benin,2020,6.34,Tonnes of CO2-equivalent,Transport
Burkina Faso,2020,2.96,Tonnes of CO2-equivalent,Transport
Bangladesh,2020,10.82,Tonnes of CO2-equivalent,Transport
Bulgaria,2020,9.17,Tonnes of CO2-equivalent,Transport
Bahrain,2020,3.39,Tonnes of CO2-equivalent,Transport
"Bahamas, The",2020,0.43,Tonnes of CO2-equivalent,Transport
Bosnia and Herzegovina,2020,3.71,Tonnes of CO2-equivalent,Transport
Belarus,2020,10.89,Tonnes of CO2-equivalent,Transport
Belize,2020,0.45,Tonnes of CO2-equivalent,Transport
Bolivia,2020,9.01,Tonnes of CO2-equivalent,Transport
Brazil,2020,189.68,Tonnes of CO2-equivalent,Transport
Barbados,2020,0.34,Tonnes of CO2-equivalent,Transport
Brunei Darussalam,2020,1.24,Tonnes of CO2-equivalent,Transport
Bhutan,2020,0.38,Tonnes of CO2-equivalent,Transport
Botswana,2020,2.19,Tonnes of CO2-equivalent,Transport
Central African Republic,2020,0.22,Tonnes of CO2-equivalent,Transport
Canada,2020,153.62,Tonnes of CO2-equivalent,Transport
Switzerland,2020,14.85,Tonnes of CO2-equivalent,Transport
Chile,2020,26.05,Tonnes of CO2-equivalent,Transport
China,2020,926.88,Tonnes of CO2-equivalent,Transport
Cote d'Ivoire,2020,4.27,Tonnes of CO2-equivalent,Transport
Cameroon,2020,3.51,Tonnes of CO2-equivalent,Transport
"Congo, Dem. Rep.",2020,2.38,Tonnes of CO2-equivalent,Transport
"Congo, Rep.",2020,1.22,Tonnes of CO2-equivalent,Transport
Cook Islands,2020,0.05,Tonnes of CO2-equivalent,Transport
Colombia,2020,27.83,Tonnes of CO2-equivalent,Transport
Comoros,2020,0.22,Tonnes of CO2-equivalent,Transport
Cabo Verde,2020,0.23,Tonnes of CO2-equivalent,Transport
Costa Rica,2020,5.12,Tonnes of CO2-equivalent,Transport
Cuba,2020,1.24,Tonnes of CO2-equivalent,Transport
Cyprus,2020,1.82,Tonnes of CO2-equivalent,Transport
Czechia,2020,18.08,Tonnes of CO2-equivalent,Transport
Germany,2020,146.51,Tonnes of CO2-equivalent,Transport
Djibouti,2020,0.11,Tonnes of CO2-equivalent,Transport
Dominica,2020,0.05,Tonnes of CO2-equivalent,Transport
Denmark,2020,11.37,Tonnes of CO2-equivalent,Transport
Dominican Republic,2020,7.05,Tonnes of CO2-equivalent,Transport
Algeria,2020,41.37,Tonnes of CO2-equivalent,Transport
Ecuador,2020,16.22,Tonnes of CO2-equivalent,Transport
"Egypt, Arab Rep.",2020,55.81,Tonnes of CO2-equivalent,Transport
Eritrea,2020,0.22,Tonnes of CO2-equivalent,Transport
Spain,2020,75.59,Tonnes of CO2-equivalent,Transport
Estonia,2020,2.33,Tonnes of CO2-equivalent,Transport
Ethiopia,2020,7.04,Tonnes of CO2-equivalent,Transport
European Union,2020,718.72,Tonnes of CO2-equivalent,Transport
Finland,2020,10.66,Tonnes of CO2-equivalent,Transport
Fiji,2020,0.5,Tonnes of CO2-equivalent,Transport
France,2020,108.79,Tonnes of CO2-equivalent,Transport
"Micronesia, Fed. Sts.",2020,0.08,Tonnes of CO2-equivalent,Transport
Gabon,2020,0.17,Tonnes of CO2-equivalent,Transport
United Kingdom,2020,97.15,Tonnes of CO2-equivalent,Transport
Georgia,2020,3.87,Tonnes of CO2-equivalent,Transport
Ghana,2020,9.42,Tonnes of CO2-equivalent,Transport
Guinea,2020,2.36,Tonnes of CO2-equivalent,Transport
"Gambia, The",2020,0.08,Tonnes of CO2-equivalent,Transport
Guinea-Bissau,2020,0.1,Tonnes of CO2-equivalent,Transport
Equatorial Guinea,2020,0.44,Tonnes of CO2-equivalent,Transport
Greece,2020,15.22,Tonnes of CO2-equivalent,Transport
Grenada,2020,0.09,Tonnes of CO2-equivalent,Transport
Guatemala,2020,8.8,Tonnes of CO2-equivalent,Transport
Guyana,2020,0.89,Tonnes of CO2-equivalent,Transport
Honduras,2020,3.63,Tonnes of CO2-equivalent,Transport
Croatia,2020,5.84,Tonnes of CO2-equivalent,Transport
Haiti,2020,1.46,Tonnes of CO2-equivalent,Transport
Hungary,2020,12.62,Tonnes of CO2-equivalent,Transport
Indonesia,2020,131.55,Tonnes of CO2-equivalent,Transport
India,2020,275.57,Tonnes of CO2-equivalent,Transport
Ireland,2020,10.2,Tonnes of CO2-equivalent,Transport
"Iran, Islamic Rep.",2020,132.32,Tonnes of CO2-equivalent,Transport
Iraq,2020,29.46,Tonnes of CO2-equivalent,Transport
Iceland,2020,0.87,Tonnes of CO2-equivalent,Transport
Israel,2020,16.74,Tonnes of CO2-equivalent,Transport
Italy,2020,82.75,Tonnes of CO2-equivalent,Transport
Jamaica,2020,1.73,Tonnes of CO2-equivalent,Transport
Jordan,2020,7.31,Tonnes of CO2-equivalent,Transport
Japan,2020,186.13,Tonnes of CO2-equivalent,Transport
Kazakhstan,2020,21.37,Tonnes of CO2-equivalent,Transport
Kenya,2020,10.66,Tonnes of CO2-equivalent,Transport
Kyrgyz Republic,2020,1.41,Tonnes of CO2-equivalent,Transport
Cambodia,2020,6.93,Tonnes of CO2-equivalent,Transport
Kiribati,2020,0.03,Tonnes of CO2-equivalent,Transport
St. Kitts and Nevis,2020,0.07,Tonnes of CO2-equivalent,Transport
"Korea, Rep.",2020,101.46,Tonnes of CO2-equivalent,Transport
Kuwait,2020,13.5,Tonnes of CO2-equivalent,Transport
Lao PDR,2020,2.49,Tonnes of CO2-equivalent,Transport
Lebanon,2020,7.45,Tonnes of CO2-equivalent,Transport
Liberia,2020,0.36,Tonnes of CO2-equivalent,Transport
Libya,2020,17.19,Tonnes of CO2-equivalent,Transport
St. Lucia,2020,0.22,Tonnes of CO2-equivalent,Transport
Sri Lanka,2020,9.12,Tonnes of CO2-equivalent,Transport
Lesotho,2020,0.42,Tonnes of CO2-equivalent,Transport
Lithuania,2020,6.27,Tonnes of CO2-equivalent,Transport
Luxembourg,2020,4.79,Tonnes of CO2-equivalent,Transport
Latvia,2020,3.11,Tonnes of CO2-equivalent,Transport
Morocco,2020,16.96,Tonnes of CO2-equivalent,Transport
Moldova,2020,2.06,Tonnes of CO2-equivalent,Transport
Madagascar,2020,1.22,Tonnes of CO2-equivalent,Transport
Maldives,2020,0.92,Tonnes of CO2-equivalent,Transport
Mexico,2020,110.43,Tonnes of CO2-equivalent,Transport
Marshall Islands,2020,0.09,Tonnes of CO2-equivalent,Transport
North Macedonia,2020,1.99,Tonnes of CO2-equivalent,Transport
Mali,2020,4.07,Tonnes of CO2-equivalent,Transport
Malta,2020,0.61,Tonnes of CO2-equivalent,Transport
Myanmar,2020,6.15,Tonnes of CO2-equivalent,Transport
Montenegro,2020,0.7,Tonnes of CO2-equivalent,Transport
Mongolia,2020,2.94,Tonnes of CO2-equivalent,Transport
Mozambique,2020,3.35,Tonnes of CO2-equivalent,Transport
Mauritania,2020,0.0,Tonnes of CO2-equivalent,Transport
Mauritius,2020,1.04,Tonnes of CO2-equivalent,Transport
Malawi,2020,1.4,Tonnes of CO2-equivalent,Transport
Malaysia,2020,51.77,Tonnes of CO2-equivalent,Transport
Namibia,2020,1.92,Tonnes of CO2-equivalent,Transport
Niger,2020,1.16,Tonnes of CO2-equivalent,Transport
Nigeria,2020,52.08,Tonnes of CO2-equivalent,Transport
Nicaragua,2020,2.22,Tonnes of CO2-equivalent,Transport
Niue,2020,0.0,Tonnes of CO2-equivalent,Transport
Netherlands,2020,25.69,Tonnes of CO2-equivalent,Transport
Norway,2020,13.14,Tonnes of CO2-equivalent,Transport
Nepal,2020,4.06,Tonnes of CO2-equivalent,Transport
Nauru,2020,0.02,Tonnes of CO2-equivalent,Transport
New Zealand,2020,14.17,Tonnes of CO2-equivalent,Transport
Oman,2020,10.35,Tonnes of CO2-equivalent,Transport
Pakistan,2020,54.33,Tonnes of CO2-equivalent,Transport
Panama,2020,3.77,Tonnes of CO2-equivalent,Transport
Peru,2020,20.46,Tonnes of CO2-equivalent,Transport
Philippines,2020,29.21,Tonnes of CO2-equivalent,Transport
Palau,2020,0.13,Tonnes of CO2-equivalent,Transport
Papua New Guinea,2020,1.57,Tonnes of CO2-equivalent,Transport
Poland,2020,62.95,Tonnes of CO2-equivalent,Transport
"Korea, Dem. People's Rep.",2020,5.25,Tonnes of CO2-equivalent,Transport
Portugal,2020,14.68,Tonnes of CO2-equivalent,Transport
Paraguay,2020,7.09,Tonnes of CO2-equivalent,Transport
Qatar,2020,11.74,Tonnes of CO2-equivalent,Transport
Romania,2020,18.52,Tonnes of CO2-equivalent,Transport
Russian Federation,2020,239.97,Tonnes of CO2-equivalent,Transport
Rwanda,2020,0.6,Tonnes of CO2-equivalent,Transport
Saudi Arabia,2020,125.42,Tonnes of CO2-equivalent,Transport
Sudan,2020,10.66,Tonnes of CO2-equivalent,Transport
Senegal,2020,2.92,Tonnes of CO2-equivalent,Transport
Singapore,2020,6.32,Tonnes of CO2-equivalent,Transport
Solomon Islands,2020,0.19,Tonnes of CO2-equivalent,Transport
Sierra Leone,2020,0.69,Tonnes of CO2-equivalent,Transport
El Salvador,2020,3.28,Tonnes of CO2-equivalent,Transport
Somalia,2020,0.12,Tonnes of CO2-equivalent,Transport
Serbia,2020,6.7,Tonnes of CO2-equivalent,Transport
South Sudan,2020,0.94,Tonnes of CO2-equivalent,Transport
Sao Tome and Principe,2020,0.04,Tonnes of CO2-equivalent,Transport
Suriname,2020,0.83,Tonnes of CO2-equivalent,Transport
Slovak Republic,2020,7.17,Tonnes of CO2-equivalent,Transport
Slovenia,2020,4.62,Tonnes of CO2-equivalent,Transport
Sweden,2020,15.78,Tonnes of CO2-equivalent,Transport
Eswatini,2020,0.73,Tonnes of CO2-equivalent,Transport
Seychelles,2020,0.18,Tonnes of CO2-equivalent,Transport
Syrian Arab Republic,2020,5.32,Tonnes of CO2-equivalent,Transport
Chad,2020,0.84,Tonnes of CO2-equivalent,Transport
Togo,2020,1.17,Tonnes of CO2-equivalent,Transport
Thailand,2020,75.4,Tonnes of CO2-equivalent,Transport
Tajikistan,2020,1.73,Tonnes of CO2-equivalent,Transport
Turkmenistan,2020,12.07,Tonnes of CO2-equivalent,Transport
Timor-Leste,2020,0.3,Tonnes of CO2-equivalent,Transport
Tonga,2020,0.14,Tonnes of CO2-equivalent,Transport
Trinidad and Tobago,2020,2.37,Tonnes of CO2-equivalent,Transport
Tunisia,2020,7.25,Tonnes of CO2-equivalent,Transport
Turkiye,2020,80.42,Tonnes of CO2-equivalent,Transport
Tuvalu,2020,0.0,Tonnes of CO2-equivalent,Transport
Tanzania,2020,8.24,Tonnes of CO2-equivalent,Transport
Uganda,2020,3.49,Tonnes of CO2-equivalent,Transport
Ukraine,2020,22.18,Tonnes of CO2-equivalent,Transport
Uruguay,2020,3.62,Tonnes of CO2-equivalent,Transport
United States,2020,1557.73,Tonnes of CO2-equivalent,Transport
Uzbekistan,2020,16.36,Tonnes of CO2-equivalent,Transport
St. Vincent and the Grenadines,2020,0.13,Tonnes of CO2-equivalent,Transport
"Venezuela, RB",2020,11.55,Tonnes of CO2-equivalent,Transport
Viet Nam,2020,37.53,Tonnes of CO2-equivalent,Transport
Vanuatu,2020,0.16,Tonnes of CO2-equivalent,Transport
World,2020,7279.08,Tonnes of CO2-equivalent,Transport
Samoa,2020,0.14,Tonnes of CO2-equivalent,Transport
"Yemen, Rep.",2020,2.79,Tonnes of CO2-equivalent,Transport
South Africa,2020,45.43,Tonnes of CO2-equivalent,Transport
Zambia,2020,1.95,Tonnes of CO2-equivalent,Transport
Zimbabwe,2020,1.58,Tonnes of CO2-equivalent,Transport
Afghanistan,2020,5.07,Tonnes of CO2-equivalent,Transport
Angola,2020,3.99,Tonnes of CO2-equivalent,Transport
Albania,2020,1.59,Tonnes of CO2-equivalent,Transport
United Arab Emirates,2020,31.59,Tonnes of CO2-equivalent,Transport
Argentina,2020,38.93,Tonnes of CO2-equivalent,Transport
Armenia,2020,2.35,Tonnes of CO2-equivalent,Transport
Antigua and Barbuda,2020,0.23,Tonnes of CO2-equivalent,Transport
Australia,2020,92.95,Tonnes of CO2-equivalent,Transport
Austria,2020,22.21,Tonnes of CO2-equivalent,Transport
Azerbaijan,2020,7.03,Tonnes of CO2-equivalent,Transport
Burundi,2020,0.66,Tonnes of CO2-equivalent,Transport
Belgium,2020,21.36,Tonnes of CO2-equivalent,Transport
Benin,2020,6.34,Tonnes of CO2-equivalent,Transport
Burkina Faso,2020,2.96,Tonnes of CO2-equivalent,Transport
Bangladesh,2020,10.82,Tonnes of CO2-equivalent,Transport
Bulgaria,2020,9.17,Tonnes of CO2-equivalent,Transport
Bahrain,2020,3.39,Tonnes of CO2-equivalent,Transport
"Bahamas, The",2020,0.43,Tonnes of CO2-equivalent,Transport
Bosnia and Herzegovina,2020,3.71,Tonnes of CO2-equivalent,Transport
Belarus,2020,10.89,Tonnes of CO2-equivalent,Transport
Belize,2020,0.45,Tonnes of CO2-equivalent,Transport
Bolivia,2020,9.01,Tonnes of CO2-equivalent,Transport
Brazil,2020,189.68,Tonnes of CO2-equivalent,Transport
Barbados,2020,0.34,Tonnes of CO2-equivalent,Transport
Brunei Darussalam,2020,1.24,Tonnes of CO2-equivalent,Transport
Bhutan,2020,0.38,Tonnes of CO2-equivalent,Transport
Botswana,2020,2.19,Tonnes of CO2-equivalent,Transport
Central African Republic,2020,0.22,Tonnes of CO2-equivalent,Transport
Canada,2020,153.62,Tonnes of CO2-equivalent,Transport
Switzerland,2020,14.85,Tonnes of CO2-equivalent,Transport
Chile,2020,26.05,Tonnes of CO2-equivalent,Transport
China,2020,926.88,Tonnes of CO2-equivalent,Transport
Cote d'Ivoire,2020,4.27,Tonnes of CO2-equivalent,Transport
Cameroon,2020,3.51,Tonnes of CO2-equivalent,Transport
"Congo, Dem. Rep.",2020,2.38,Tonnes of CO2-equivalent,Transport
"Congo, Rep.",2020,1.22,Tonnes of CO2-equivalent,Transport
Cook Islands,2020,0.05,Tonnes of CO2-equivalent,Transport
Colombia,2020,27.83,Tonnes of CO2-equivalent,Transport
Comoros,2020,0.22,Tonnes of CO2-equivalent,Transport
Cabo Verde,2020,0.23,Tonnes of CO2-equivalent,Transport
Costa Rica,2020,5.12,Tonnes of CO2-equivalent,Transport
Cuba,2020,1.24,Tonnes of CO2-equivalent,Transport
Cyprus,2020,1.82,Tonnes of CO2-equivalent,Transport
Czechia,2020,18.08,Tonnes of CO2-equivalent,Transport
Germany,2020,146.51,Tonnes of CO2-equivalent,Transport
Djibouti,2020,0.11,Tonnes of CO2-equivalent,Transport
Dominica,2020,0.05,Tonnes of CO2-equivalent,Transport
Denmark,2020,11.37,Tonnes of CO2-equivalent,Transport
Dominican Republic,2020,7.05,Tonnes of CO2-equivalent,Transport
Algeria,2020,41.37,Tonnes of CO2-equivalent,Transport
Ecuador,2020,16.22,Tonnes of CO2-equivalent,Transport
"Egypt, Arab Rep.",2020,55.81,Tonnes of CO2-equivalent,Transport
Eritrea,2020,0.22,Tonnes of CO2-equivalent,Transport
Spain,2020,75.59,Tonnes of CO2-equivalent,Transport
Estonia,2020,2.33,Tonnes of CO2-equivalent,Transport
Ethiopia,2020,7.04,Tonnes of CO2-equivalent,Transport
European Union,2020,718.72,Tonnes of CO2-equivalent,Transport
Finland,2020,10.66,Tonnes of CO2-equivalent,Transport
Fiji,2020,0.5,Tonnes of CO2-equivalent,Transport
France,2020,108.79,Tonnes of CO2-equivalent,Transport
"Micronesia, Fed. Sts.",2020,0.08,Tonnes of CO2-equivalent,Transport
Gabon,2020,0.17,Tonnes of CO2-equivalent,Transport
United Kingdom,2020,97.15,Tonnes of CO2-equivalent,Transport
Georgia,2020,3.87,Tonnes of CO2-equivalent,Transport
Ghana,2020,9.42,Tonnes of CO2-equivalent,Transport
Guinea,2020,2.36,Tonnes of CO2-equivalent,Transport
"Gambia, The",2020,0.08,Tonnes of CO2-equivalent,Transport
Guinea-Bissau,2020,0.1,Tonnes of CO2-equivalent,Transport
Equatorial Guinea,2020,0.44,Tonnes of CO2-equivalent,Transport
Greece,2020,15.22,Tonnes of CO2-equivalent,Transport
Grenada,2020,0.09,Tonnes of CO2-equivalent,Transport
Guatemala,2020,8.8,Tonnes of CO2-equivalent,Transport
Guyana,2020,0.89,Tonnes of CO2-equivalent,Transport
Honduras,2020,3.63,Tonnes of CO2-equivalent,Transport
Croatia,2020,5.84,Tonnes of CO2-equivalent,Transport
Haiti,2020,1.46,Tonnes of CO2-equivalent,Transport
Hungary,2020,12.62,Tonnes of CO2-equivalent,Transport
Indonesia,2020,131.55,Tonnes of CO2-equivalent,Transport
India,2020,275.57,Tonnes of CO2-equivalent,Transport
Ireland,2020,10.2,Tonnes of CO2-equivalent,Transport
"Iran, Islamic Rep.",2020,132.32,Tonnes of CO2-equivalent,Transport
Iraq,2020,29.46,Tonnes of CO2-equivalent,Transport
Iceland,2020,0.87,Tonnes of CO2-equivalent,Transport
Israel,2020,16.74,Tonnes of CO2-equivalent,Transport
Italy,2020,82.75,Tonnes of CO2-equivalent,Transport
Jamaica,2020,1.73,Tonnes of CO2-equivalent,Transport
Jordan,2020,7.31,Tonnes of CO2-equivalent,Transport
Japan,2020,186.13,Tonnes of CO2-equivalent,Transport
Kazakhstan,2020,21.37,Tonnes of CO2-equivalent,Transport
Kenya,2020,10.66,Tonnes of CO2-equivalent,Transport
Kyrgyz Republic,2020,1.41,Tonnes of CO2-equivalent,Transport
Cambodia,2020,6.93,Tonnes of CO2-equivalent,Transport
Kiribati,2020,0.03,Tonnes of CO2-equivalent,Transport
St. Kitts and Nevis,2020,0.07,Tonnes of CO2-equivalent,Transport
"Korea, Rep.",2020,101.46,Tonnes of CO2-equivalent,Transport
Kuwait,2020,13.5,Tonnes of CO2-equivalent,Transport
Lao PDR,2020,2.49,Tonnes of CO2-equivalent,Transport
Lebanon,2020,7.45,Tonnes of CO2-equivalent,Transport
Liberia,2020,0.36,Tonnes of CO2-equivalent,Transport
Libya,2020,17.19,Tonnes of CO2-equivalent,Transport
St. Lucia,2020,0.22,Tonnes of CO2-equivalent,Transport
Sri Lanka,2020,9.12,Tonnes of CO2-equivalent,Transport
Lesotho,2020,0.42,Tonnes of CO2-equivalent,Transport
Lithuania,2020,6.27,Tonnes of CO2-equivalent,Transport
Luxembourg,2020,4.79,Tonnes of CO2-equivalent,Transport
Latvia,2020,3.11,Tonnes of CO2-equivalent,Transport
Morocco,2020,16.96,Tonnes of CO2-equivalent,Transport
Moldova,2020,2.06,Tonnes of CO2-equivalent,Transport
Madagascar,2020,1.22,Tonnes of CO2-equivalent,Transport
Maldives,2020,0.92,Tonnes of CO2-equivalent,Transport
Mexico,2020,110.43,Tonnes of CO2-equivalent,Transport
Marshall Islands,2020,0.09,Tonnes of CO2-equivalent,Transport
North Macedonia,2020,1.99,Tonnes of CO2-equivalent,Transport
Mali,2020,4.07,Tonnes of CO2-equivalent,Transport
Malta,2020,0.61,Tonnes of CO2-equivalent,Transport
Myanmar,2020,6.15,Tonnes of CO2-equivalent,Transport
Montenegro,2020,0.7,Tonnes of CO2-equivalent,Transport
Mongolia,2020,2.94,Tonnes of CO2-equivalent,Transport
Mozambique,2020,3.35,Tonnes of CO2-equivalent,Transport
Mauritania,2020,0.0,Tonnes of CO2-equivalent,Transport
Mauritius,2020,1.04,Tonnes of CO2-equivalent,Transport
Malawi,2020,1.4,Tonnes of CO2-equivalent,Transport
Malaysia,2020,51.77,Tonnes of CO2-equivalent,Transport
Namibia,2020,1.92,Tonnes of CO2-equivalent,Transport
Niger,2020,1.16,Tonnes of CO2-equivalent,Transport
Nigeria,2020,52.08,Tonnes of CO2-equivalent,Transport
Nicaragua,2020,2.22,Tonnes of CO2-equivalent,Transport
Niue,2020,0.0,Tonnes of CO2-equivalent,Transport
Netherlands,2020,25.69,Tonnes of CO2-equivalent,Transport
Norway,2020,13.14,Tonnes of CO2-equivalent,Transport
Nepal,2020,4.06,Tonnes of CO2-equivalent,Transport
Nauru,2020,0.02,Tonnes of CO2-equivalent,Transport
New Zealand,2020,14.17,Tonnes of CO2-equivalent,Transport
Oman,2020,10.35,Tonnes of CO2-equivalent,Transport
Pakistan,2020,54.33,Tonnes of CO2-equivalent,Transport
Panama,2020,3.77,Tonnes of CO2-equivalent,Transport
Peru,2020,20.46,Tonnes of CO2-equivalent,Transport
Philippines,2020,29.21,Tonnes of CO2-equivalent,Transport
Palau,2020,0.13,Tonnes of CO2-equivalent,Transport
Papua New Guinea,2020,1.57,Tonnes of CO2-equivalent,Transport
Poland,2020,62.95,Tonnes of CO2-equivalent,Transport
"Korea, Dem. People's Rep.",2020,5.25,Tonnes of CO2-equivalent,Transport
Portugal,2020,14.68,Tonnes of CO2-equivalent,Transport
Paraguay,2020,7.09,Tonnes of CO2-equivalent,Transport
Qatar,2020,11.74,Tonnes of CO2-equivalent,Transport
Romania,2020,18.52,Tonnes of CO2-equivalent,Transport
Russian Federation,2020,239.97,Tonnes of CO2-equivalent,Transport
Rwanda,2020,0.6,Tonnes of CO2-equivalent,Transport
Saudi Arabia,2020,125.42,Tonnes of CO2-equivalent,Transport
Sudan,2020,10.66,Tonnes of CO2-equivalent,Transport
Senegal,2020,2.92,Tonnes of CO2-equivalent,Transport
Singapore,2020,6.32,Tonnes of CO2-equivalent,Transport
Solomon Islands,2020,0.19,Tonnes of CO2-equivalent,Transport
Sierra Leone,2020,0.69,Tonnes of CO2-equivalent,Transport
El Salvador,2020,3.28,Tonnes of CO2-equivalent,Transport
Somalia,2020,0.12,Tonnes of CO2-equivalent,Transport
Serbia,2020,6.7,Tonnes of CO2-equivalent,Transport
South Sudan,2020,0.94,Tonnes of CO2-equivalent,Transport
Sao Tome and Principe,2020,0.04,Tonnes of CO2-equivalent,Transport
Suriname,2020,0.83,Tonnes of CO2-equivalent,Transport
Slovak Republic,2020,7.17,Tonnes of CO2-equivalent,Transport
Slovenia,2020,4.62,Tonnes of CO2-equivalent,Transport
Sweden,2020,15.78,Tonnes of CO2-equivalent,Transport
Eswatini,2020,0.73,Tonnes of CO2-equivalent,Transport
Seychelles,2020,0.18,Tonnes of CO2-equivalent,Transport
Syrian Arab Republic,2020,5.32,Tonnes of CO2-equivalent,Transport
Chad,2020,0.84,Tonnes of CO2-equivalent,Transport
Togo,2020,1.17,Tonnes of CO2-equivalent,Transport
Thailand,2020,75.4,Tonnes of CO2-equivalent,Transport
Tajikistan,2020,1.73,Tonnes of CO2-equivalent,Transport
Turkmenistan,2020,12.07,Tonnes of CO2-equivalent,Transport
Timor-Leste,2020,0.3,Tonnes of CO2-equivalent,Transport
Tonga,2020,0.14,Tonnes of CO2-equivalent,Transport
Trinidad and Tobago,2020,2.37,Tonnes of CO2-equivalent,Transport
Tunisia,2020,7.25,Tonnes of CO2-equivalent,Transport
Turkiye,2020,80.42,Tonnes of CO2-equivalent,Transport
Tuvalu,2020,0.0,Tonnes of CO2-equivalent,Transport
Tanzania,2020,8.24,Tonnes of CO2-equivalent,Transport
Uganda,2020,3.49,Tonnes of CO2-equivalent,Transport
Ukraine,2020,22.18,Tonnes of CO2-equivalent,Transport
Uruguay,2020,3.62,Tonnes of CO2-equivalent,Transport
United States,2020,1557.73,Tonnes of CO2-equivalent,Transport
Uzbekistan,2020,16.36,Tonnes of CO2-equivalent,Transport
St. Vincent and the Grenadines,2020,0.13,Tonnes of CO2-equivalent,Transport
"Venezuela, RB",2020,11.55,Tonnes of CO2-equivalent,Transport
Viet Nam,2020,37.53,Tonnes of CO2-equivalent,Transport
Vanuatu,2020,0.16,Tonnes of CO2-equivalent,Transport
World,2020,7279.08,Tonnes of CO2-equivalent,Transport
Samoa,2020,0.14,Tonnes of CO2-equivalent,Transport
"Yemen, Rep.",2020,2.79,Tonnes of CO2-equivalent,Transport
South Africa,2020,45.43,Tonnes of CO2-equivalent,Transport
Zambia,2020,1.95,Tonnes of CO2-equivalent,Transport
Zimbabwe,2020,1.58,Tonnes of CO2-equivalent,Transport
Afghanistan,2019,4.55,Tonnes of CO2-equivalent,Transport
Angola,2019,8.1,Tonnes of CO2-equivalent,Transport
Albania,2019,2.26,Tonnes of CO2-equivalent,Transport
United Arab Emirates,2019,36.82,Tonnes of CO2-equivalent,Transport
Argentina,2019,49.09,Tonnes of CO2-equivalent,Transport
Armenia,2019,2.15,Tonnes of CO2-equivalent,Transport
Antigua and Barbuda,2019,0.24,Tonnes of CO2-equivalent,Transport
Australia,2019,99.67,Tonnes of CO2-equivalent,Transport
Austria,2019,25.45,Tonnes of CO2-equivalent,Transport
Azerbaijan,2019,8.63,Tonnes of CO2-equivalent,Transport
Burundi,2019,0.56,Tonnes of CO2-equivalent,Transport
Belgium,2019,25.6,Tonnes of CO2-equivalent,Transport
Benin,2019,6.07,Tonnes of CO2-equivalent,Transport
Burkina Faso,2019,2.85,Tonnes of CO2-equivalent,Transport
Bangladesh,2019,12.21,Tonnes of CO2-equivalent,Transport
Bulgaria,2019,9.76,Tonnes of CO2-equivalent,Transport
Bahrain,2019,3.85,Tonnes of CO2-equivalent,Transport
"Bahamas, The",2019,0.61,Tonnes of CO2-equivalent,Transport
Bosnia and Herzegovina,2019,4.09,Tonnes of CO2-equivalent,Transport
Belarus,2019,12.11,Tonnes of CO2-equivalent,Transport
Belize,2019,0.54,Tonnes of CO2-equivalent,Transport
Bolivia,2019,11.16,Tonnes of CO2-equivalent,Transport
Brazil,2019,200.59,Tonnes of CO2-equivalent,Transport
Barbados,2019,0.43,Tonnes of CO2-equivalent,Transport
Brunei Darussalam,2019,1.36,Tonnes of CO2-equivalent,Transport
Bhutan,2019,0.54,Tonnes of CO2-equivalent,Transport
Botswana,2019,2.43,Tonnes of CO2-equivalent,Transport
Central African Republic,2019,0.21,Tonnes of CO2-equivalent,Transport
Canada,2019,183.22,Tonnes of CO2-equivalent,Transport
Switzerland,2019,16.2,Tonnes of CO2-equivalent,Transport
Chile,2019,29.4,Tonnes of CO2-equivalent,Transport
China,2019,970.38,Tonnes of CO2-equivalent,Transport
Cote d'Ivoire,2019,4.34,Tonnes of CO2-equivalent,Transport
Cameroon,2019,3.51,Tonnes of CO2-equivalent,Transport
"Congo, Dem. Rep.",2019,2.24,Tonnes of CO2-equivalent,Transport
"Congo, Rep.",2019,1.3,Tonnes of CO2-equivalent,Transport
Cook Islands,2019,0.06,Tonnes of CO2-equivalent,Transport
Colombia,2019,32.31,Tonnes of CO2-equivalent,Transport
Comoros,2019,0.18,Tonnes of CO2-equivalent,Transport
Cabo Verde,2019,0.25,Tonnes of CO2-equivalent,Transport
Costa Rica,2019,6.12,Tonnes of CO2-equivalent,Transport
Cuba,2019,1.5,Tonnes of CO2-equivalent,Transport
Cyprus,2019,2.09,Tonnes of CO2-equivalent,Transport
Czechia,2019,19.4,Tonnes of CO2-equivalent,Transport
Germany,2019,164.32,Tonnes of CO2-equivalent,Transport
Djibouti,2019,0.14,Tonnes of CO2-equivalent,Transport
Dominica,2019,0.06,Tonnes of CO2-equivalent,Transport
Denmark,2019,12.38,Tonnes of CO2-equivalent,Transport
Dominican Republic,2019,7.85,Tonnes of CO2-equivalent,Transport
Algeria,2019,46.63,Tonnes of CO2-equivalent,Transport
Ecuador,2019,19.94,Tonnes of CO2-equivalent,Transport
"Egypt, Arab Rep.",2019,53.24,Tonnes of CO2-equivalent,Transport
Eritrea,2019,0.23,Tonnes of CO2-equivalent,Transport
Spain,2019,95.8,Tonnes of CO2-equivalent,Transport
Estonia,2019,2.5,Tonnes of CO2-equivalent,Transport
Ethiopia,2019,7.69,Tonnes of CO2-equivalent,Transport
European Union,2019,832.85,Tonnes of CO2-equivalent,Transport
Finland,2019,11.47,Tonnes of CO2-equivalent,Transport
Fiji,2019,0.74,Tonnes of CO2-equivalent,Transport
France,2019,128.65,Tonnes of CO2-equivalent,Transport
"Micronesia, Fed. Sts.",2019,0.09,Tonnes of CO2-equivalent,Transport
Gabon,2019,0.2,Tonnes of CO2-equivalent,Transport
United Kingdom,2019,121.78,Tonnes of CO2-equivalent,Transport
Georgia,2019,4.01,Tonnes of CO2-equivalent,Transport
Ghana,2019,8.75,Tonnes of CO2-equivalent,Transport
Guinea,2019,2.05,Tonnes of CO2-equivalent,Transport
"Gambia, The",2019,0.08,Tonnes of CO2-equivalent,Transport
Guinea-Bissau,2019,0.12,Tonnes of CO2-equivalent,Transport
Equatorial Guinea,2019,0.53,Tonnes of CO2-equivalent,Transport
Greece,2019,18.0,Tonnes of CO2-equivalent,Transport
Grenada,2019,0.11,Tonnes of CO2-equivalent,Transport
Guatemala,2019,9.62,Tonnes of CO2-equivalent,Transport
Guyana,2019,0.91,Tonnes of CO2-equivalent,Transport
Honduras,2019,4.32,Tonnes of CO2-equivalent,Transport
Croatia,2019,6.67,Tonnes of CO2-equivalent,Transport
Haiti,2019,1.51,Tonnes of CO2-equivalent,Transport
Hungary,2019,14.72,Tonnes of CO2-equivalent,Transport
Indonesia,2019,154.4,Tonnes of CO2-equivalent,Transport
India,2019,316.45,Tonnes of CO2-equivalent,Transport
Ireland,2019,12.12,Tonnes of CO2-equivalent,Transport
"Iran, Islamic Rep.",2019,148.26,Tonnes of CO2-equivalent,Transport
Iraq,2019,35.36,Tonnes of CO2-equivalent,Transport
Iceland,2019,1.04,Tonnes of CO2-equivalent,Transport
Israel,2019,18.63,Tonnes of CO2-equivalent,Transport
Italy,2019,103.44,Tonnes of CO2-equivalent,Transport
Jamaica,2019,2.54,Tonnes of CO2-equivalent,Transport
Jordan,2019,8.7,Tonnes of CO2-equivalent,Transport
Japan,2019,205.69,Tonnes of CO2-equivalent,Transport
Kazakhstan,2019,16.87,Tonnes of CO2-equivalent,Transport
Kenya,2019,11.0,Tonnes of CO2-equivalent,Transport
Kyrgyz Republic,2019,1.15,Tonnes of CO2-equivalent,Transport
Cambodia,2019,6.53,Tonnes of CO2-equivalent,Transport
Kiribati,2019,0.03,Tonnes of CO2-equivalent,Transport
St. Kitts and Nevis,2019,0.08,Tonnes of CO2-equivalent,Transport
"Korea, Rep.",2019,108.89,Tonnes of CO2-equivalent,Transport
Kuwait,2019,16.5,Tonnes of CO2-equivalent,Transport
Lao PDR,2019,2.52,Tonnes of CO2-equivalent,Transport
Lebanon,2019,8.68,Tonnes of CO2-equivalent,Transport
Liberia,2019,0.57,Tonnes of CO2-equivalent,Transport
Libya,2019,17.57,Tonnes of CO2-equivalent,Transport
St. Lucia,2019,0.22,Tonnes of CO2-equivalent,Transport
Sri Lanka,2019,10.46,Tonnes of CO2-equivalent,Transport
Lesotho,2019,0.53,Tonnes of CO2-equivalent,Transport
Lithuania,2019,6.43,Tonnes of CO2-equivalent,Transport
Luxembourg,2019,6.36,Tonnes of CO2-equivalent,Transport
Latvia,2019,3.31,Tonnes of CO2-equivalent,Transport
Morocco,2019,19.32,Tonnes of CO2-equivalent,Transport
Moldova,2019,2.21,Tonnes of CO2-equivalent,Transport
Madagascar,2019,1.42,Tonnes of CO2-equivalent,Transport
Maldives,2019,1.18,Tonnes of CO2-equivalent,Transport
Mexico,2019,154.73,Tonnes of CO2-equivalent,Transport
Marshall Islands,2019,0.09,Tonnes of CO2-equivalent,Transport
North Macedonia,2019,2.35,Tonnes of CO2-equivalent,Transport
Mali,2019,3.47,Tonnes of CO2-equivalent,Transport
Malta,2019,0.74,Tonnes of CO2-equivalent,Transport
Myanmar,2019,6.65,Tonnes of CO2-equivalent,Transport
Montenegro,2019,0.82,Tonnes of CO2-equivalent,Transport
Mongolia,2019,2.88,Tonnes of CO2-equivalent,Transport
Mozambique,2019,3.67,Tonnes of CO2-equivalent,Transport
Mauritania,2019,0.0,Tonnes of CO2-equivalent,Transport
Mauritius,2019,1.23,Tonnes of CO2-equivalent,Transport
Malawi,2019,1.22,Tonnes of CO2-equivalent,Transport
Malaysia,2019,66.72,Tonnes of CO2-equivalent,Transport
Namibia,2019,2.1,Tonnes of CO2-equivalent,Transport
Niger,2019,1.2,Tonnes of CO2-equivalent,Transport
Nigeria,2019,60.64,Tonnes of CO2-equivalent,Transport
Nicaragua,2019,2.21,Tonnes of CO2-equivalent,Transport
Niue,2019,0.0,Tonnes of CO2-equivalent,Transport
Netherlands,2019,30.28,Tonnes of CO2-equivalent,Transport
Norway,2019,13.95,Tonnes of CO2-equivalent,Transport
Nepal,2019,2.55,Tonnes of CO2-equivalent,Transport
Nauru,2019,0.02,Tonnes of CO2-equivalent,Transport
New Zealand,2019,16.59,Tonnes of CO2-equivalent,Transport
Oman,2019,12.45,Tonnes of CO2-equivalent,Transport
Pakistan,2019,47.26,Tonnes of CO2-equivalent,Transport
Panama,2019,5.24,Tonnes of CO2-equivalent,Transport
Peru,2019,26.27,Tonnes of CO2-equivalent,Transport
Philippines,2019,37.85,Tonnes of CO2-equivalent,Transport
Palau,2019,0.14,Tonnes of CO2-equivalent,Transport
Papua New Guinea,2019,1.67,Tonnes of CO2-equivalent,Transport
Poland,2019,65.93,Tonnes of CO2-equivalent,Transport
"Korea, Dem. People's Rep.",2019,5.43,Tonnes of CO2-equivalent,Transport
Portugal,2019,17.61,Tonnes of CO2-equivalent,Transport
Paraguay,2019,7.58,Tonnes of CO2-equivalent,Transport
Qatar,2019,12.64,Tonnes of CO2-equivalent,Transport
Romania,2019,19.07,Tonnes of CO2-equivalent,Transport
Russian Federation,2019,262.39,Tonnes of CO2-equivalent,Transport
Rwanda,2019,0.63,Tonnes of CO2-equivalent,Transport
Saudi Arabia,2019,139.97,Tonnes of CO2-equivalent,Transport
Sudan,2019,11.73,Tonnes of CO2-equivalent,Transport
Senegal,2019,3.16,Tonnes of CO2-equivalent,Transport
Singapore,2019,6.45,Tonnes of CO2-equivalent,Transport
Solomon Islands,2019,0.2,Tonnes of CO2-equivalent,Transport
Sierra Leone,2019,0.67,Tonnes of CO2-equivalent,Transport
El Salvador,2019,3.84,Tonnes of CO2-equivalent,Transport
Somalia,2019,0.14,Tonnes of CO2-equivalent,Transport
Serbia,2019,7.03,Tonnes of CO2-equivalent,Transport
South Sudan,2019,0.98,Tonnes of CO2-equivalent,Transport
Sao Tome and Principe,2019,0.04,Tonnes of CO2-equivalent,Transport
Suriname,2019,0.91,Tonnes of CO2-equivalent,Transport
Slovak Republic,2019,8.02,Tonnes of CO2-equivalent,Transport
Slovenia,2019,5.67,Tonnes of CO2-equivalent,Transport
Sweden,2019,17.06,Tonnes of CO2-equivalent,Transport
Eswatini,2019,0.74,Tonnes of CO2-equivalent,Transport
Seychelles,2019,0.17,Tonnes of CO2-equivalent,Transport
Syrian Arab Republic,2019,5.84,Tonnes of CO2-equivalent,Transport
Chad,2019,0.81,Tonnes of CO2-equivalent,Transport
Togo,2019,0.89,Tonnes of CO2-equivalent,Transport
Thailand,2019,76.08,Tonnes of CO2-equivalent,Transport
Tajikistan,2019,1.39,Tonnes of CO2-equivalent,Transport
Turkmenistan,2019,12.12,Tonnes of CO2-equivalent,Transport
Timor-Leste,2019,0.31,Tonnes of CO2-equivalent,Transport
Tonga,2019,0.11,Tonnes of CO2-equivalent,Transport
Trinidad and Tobago,2019,2.84,Tonnes of CO2-equivalent,Transport
Tunisia,2019,7.48,Tonnes of CO2-equivalent,Transport
Turkiye,2019,85.18,Tonnes of CO2-equivalent,Transport
Tuvalu,2019,0.0,Tonnes of CO2-equivalent,Transport
Tanzania,2019,8.17,Tonnes of CO2-equivalent,Transport
Uganda,2019,3.62,Tonnes of CO2-equivalent,Transport
Ukraine,2019,27.21,Tonnes of CO2-equivalent,Transport
Uruguay,2019,4.29,Tonnes of CO2-equivalent,Transport
United States,2019,1814.99,Tonnes of CO2-equivalent,Transport
Uzbekistan,2019,15.57,Tonnes of CO2-equivalent,Transport
St. Vincent and the Grenadines,2019,0.11,Tonnes of CO2-equivalent,Transport
"Venezuela, RB",2019,30.78,Tonnes of CO2-equivalent,Transport
Viet Nam,2019,44.64,Tonnes of CO2-equivalent,Transport
Vanuatu,2019,0.11,Tonnes of CO2-equivalent,Transport
World,2019,8493.2,Tonnes of CO2-equivalent,Transport
Samoa,2019,0.17,Tonnes of CO2-equivalent,Transport
"Yemen, Rep.",2019,3.16,Tonnes of CO2-equivalent,Transport
South Africa,2019,52.98,Tonnes of CO2-equivalent,Transport
Zambia,2019,1.89,Tonnes of CO2-equivalent,Transport
Zimbabwe,2019,2.32,Tonnes of CO2-equivalent,Transport
Afghanistan,2019,4.55,Tonnes of CO2-equivalent,Transport
Angola,2019,8.1,Tonnes of CO2-equivalent,Transport
Albania,2019,2.26,Tonnes of CO2-equivalent,Transport
United Arab Emirates,2019,36.82,Tonnes of CO2-equivalent,Transport
Argentina,2019,49.09,Tonnes of CO2-equivalent,Transport
Armenia,2019,2.15,Tonnes of CO2-equivalent,Transport
Antigua and Barbuda,2019,0.24,Tonnes of CO2-equivalent,Transport
Australia,2019,99.67,Tonnes of CO2-equivalent,Transport
Austria,2019,25.45,Tonnes of CO2-equivalent,Transport
Azerbaijan,2019,8.63,Tonnes of CO2-equivalent,Transport
Burundi,2019,0.56,Tonnes of CO2-equivalent,Transport
Belgium,2019,25.6,Tonnes of CO2-equivalent,Transport
Benin,2019,6.07,Tonnes of CO2-equivalent,Transport
Burkina Faso,2019,2.85,Tonnes of CO2-equivalent,Transport
Bangladesh,2019,12.21,Tonnes of CO2-equivalent,Transport
Bulgaria,2019,9.76,Tonnes of CO2-equivalent,Transport
Bahrain,2019,3.85,Tonnes of CO2-equivalent,Transport
"Bahamas, The",2019,0.61,Tonnes of CO2-equivalent,Transport
Bosnia and Herzegovina,2019,4.09,Tonnes of CO2-equivalent,Transport
Belarus,2019,12.11,Tonnes of CO2-equivalent,Transport
Belize,2019,0.54,Tonnes of CO2-equivalent,Transport
Bolivia,2019,11.16,Tonnes of CO2-equivalent,Transport
Brazil,2019,200.59,Tonnes of CO2-equivalent,Transport
Barbados,2019,0.43,Tonnes of CO2-equivalent,Transport
Brunei Darussalam,2019,1.36,Tonnes of CO2-equivalent,Transport
Bhutan,2019,0.54,Tonnes of CO2-equivalent,Transport
Botswana,2019,2.43,Tonnes of CO2-equivalent,Transport
Central African Republic,2019,0.21,Tonnes of CO2-equivalent,Transport
Canada,2019,183.22,Tonnes of CO2-equivalent,Transport
Switzerland,2019,16.2,Tonnes of CO2-equivalent,Transport
Chile,2019,29.4,Tonnes of CO2-equivalent,Transport
China,2019,970.38,Tonnes of CO2-equivalent,Transport
Cote d'Ivoire,2019,4.34,Tonnes of CO2-equivalent,Transport
Cameroon,2019,3.51,Tonnes of CO2-equivalent,Transport
"Congo, Dem. Rep.",2019,2.24,Tonnes of CO2-equivalent,Transport
"Congo, Rep.",2019,1.3,Tonnes of CO2-equivalent,Transport
Cook Islands,2019,0.06,Tonnes of CO2-equivalent,Transport
Colombia,2019,32.31,Tonnes of CO2-equivalent,Transport
Comoros,2019,0.18,Tonnes of CO2-equivalent,Transport
Cabo Verde,2019,0.25,Tonnes of CO2-equivalent,Transport
Costa Rica,2019,6.12,Tonnes of CO2-equivalent,Transport
Cuba,2019,1.5,Tonnes of CO2-equivalent,Transport
Cyprus,2019,2.09,Tonnes of CO2-equivalent,Transport
Czechia,2019,19.4,Tonnes of CO2-equivalent,Transport
Germany,2019,164.32,Tonnes of CO2-equivalent,Transport
Djibouti,2019,0.14,Tonnes of CO2-equivalent,Transport
Dominica,2019,0.06,Tonnes of CO2-equivalent,Transport
Denmark,2019,12.38,Tonnes of CO2-equivalent,Transport
Dominican Republic,2019,7.85,Tonnes of CO2-equivalent,Transport
Algeria,2019,46.63,Tonnes of CO2-equivalent,Transport
Ecuador,2019,19.94,Tonnes of CO2-equivalent,Transport
"Egypt, Arab Rep.",2019,53.24,Tonnes of CO2-equivalent,Transport
Eritrea,2019,0.23,Tonnes of CO2-equivalent,Transport
Spain,2019,95.8,Tonnes of CO2-equivalent,Transport
Estonia,2019,2.5,Tonnes of CO2-equivalent,Transport
Ethiopia,2019,7.69,Tonnes of CO2-equivalent,Transport
European Union,2019,832.85,Tonnes of CO2-equivalent,Transport
Finland,2019,11.47,Tonnes of CO2-equivalent,Transport
Fiji,2019,0.74,Tonnes of CO2-equivalent,Transport
France,2019,128.65,Tonnes of CO2-equivalent,Transport
"Micronesia, Fed. Sts.",2019,0.09,Tonnes of CO2-equivalent,Transport
Gabon,2019,0.2,Tonnes of CO2-equivalent,Transport
United Kingdom,2019,121.78,Tonnes of CO2-equivalent,Transport
Georgia,2019,4.01,Tonnes of CO2-equivalent,Transport
Ghana,2019,8.75,Tonnes of CO2-equivalent,Transport
Guinea,2019,2.05,Tonnes of CO2-equivalent,Transport
"Gambia, The",2019,0.08,Tonnes of CO2-equivalent,Transport
Guinea-Bissau,2019,0.12,Tonnes of CO2-equivalent,Transport
Equatorial Guinea,2019,0.53,Tonnes of CO2-equivalent,Transport
Greece,2019,18.0,Tonnes of CO2-equivalent,Transport
Grenada,2019,0.11,Tonnes of CO2-equivalent,Transport
Guatemala,2019,9.62,Tonnes of CO2-equivalent,Transport
Guyana,2019,0.91,Tonnes of CO2-equivalent,Transport
Honduras,2019,4.32,Tonnes of CO2-equivalent,Transport
Croatia,2019,6.67,Tonnes of CO2-equivalent,Transport
Haiti,2019,1.51,Tonnes of CO2-equivalent,Transport
Hungary,2019,14.72,Tonnes of CO2-equivalent,Transport
Indonesia,2019,154.4,Tonnes of CO2-equivalent,Transport
India,2019,316.45,Tonnes of CO2-equivalent,Transport
Ireland,2019,12.12,Tonnes of CO2-equivalent,Transport
"Iran, Islamic Rep.",2019,148.26,Tonnes of CO2-equivalent,Transport
Iraq,2019,35.36,Tonnes of CO2-equivalent,Transport
Iceland,2019,1.04,Tonnes of CO2-equivalent,Transport
Israel,2019,18.63,Tonnes of CO2-equivalent,Transport
Italy,2019,103.44,Tonnes of CO2-equivalent,Transport
Jamaica,2019,2.54,Tonnes of CO2-equivalent,Transport
Jordan,2019,8.7,Tonnes of CO2-equivalent,Transport
Japan,2019,205.69,Tonnes of CO2-equivalent,Transport
Kazakhstan,2019,16.87,Tonnes of CO2-equivalent,Transport
Kenya,2019,11.0,Tonnes of CO2-equivalent,Transport
Kyrgyz Republic,2019,1.15,Tonnes of CO2-equivalent,Transport
Cambodia,2019,6.53,Tonnes of CO2-equivalent,Transport
Kiribati,2019,0.03,Tonnes of CO2-equivalent,Transport
St. Kitts and Nevis,2019,0.08,Tonnes of CO2-equivalent,Transport
"Korea, Rep.",2019,108.89,Tonnes of CO2-equivalent,Transport
Kuwait,2019,16.5,Tonnes of CO2-equivalent,Transport
Lao PDR,2019,2.52,Tonnes of CO2-equivalent,Transport
Lebanon,2019,8.68,Tonnes of CO2-equivalent,Transport
Liberia,2019,0.57,Tonnes of CO2-equivalent,Transport
Libya,2019,17.57,Tonnes of CO2-equivalent,Transport
St. Lucia,2019,0.22,Tonnes of CO2-equivalent,Transport
Sri Lanka,2019,10.46,Tonnes of CO2-equivalent,Transport
Lesotho,2019,0.53,Tonnes of CO2-equivalent,Transport
Lithuania,2019,6.43,Tonnes of CO2-equivalent,Transport
Luxembourg,2019,6.36,Tonnes of CO2-equivalent,Transport
Latvia,2019,3.31,Tonnes of CO2-equivalent,Transport
Morocco,2019,19.32,Tonnes of CO2-equivalent,Transport
Moldova,2019,2.21,Tonnes of CO2-equivalent,Transport
Madagascar,2019,1.42,Tonnes of CO2-equivalent,Transport
Maldives,2019,1.18,Tonnes of CO2-equivalent,Transport
Mexico,2019,154.73,Tonnes of CO2-equivalent,Transport
Marshall Islands,2019,0.09,Tonnes of CO2-equivalent,Transport
North Macedonia,2019,2.35,Tonnes of CO2-equivalent,Transport
Mali,2019,3.47,Tonnes of CO2-equivalent,Transport
Malta,2019,0.74,Tonnes of CO2-equivalent,Transport
Myanmar,2019,6.65,Tonnes of CO2-equivalent,Transport
Montenegro,2019,0.82,Tonnes of CO2-equivalent,Transport
Mongolia,2019,2.88,Tonnes of CO2-equivalent,Transport
Mozambique,2019,3.67,Tonnes of CO2-equivalent,Transport
Mauritania,2019,0.0,Tonnes of CO2-equivalent,Transport
Mauritius,2019,1.23,Tonnes of CO2-equivalent,Transport
Malawi,2019,1.22,Tonnes of CO2-equivalent,Transport
Malaysia,2019,66.72,Tonnes of CO2-equivalent,Transport
Namibia,2019,2.1,Tonnes of CO2-equivalent,Transport
Niger,2019,1.2,Tonnes of CO2-equivalent,Transport
Nigeria,2019,60.64,Tonnes of CO2-equivalent,Transport
Nicaragua,2019,2.21,Tonnes of CO2-equivalent,Transport
Niue,2019,0.0,Tonnes of CO2-equivalent,Transport
Netherlands,2019,30.28,Tonnes of CO2-equivalent,Transport
Norway,2019,13.95,Tonnes of CO2-equivalent,Transport
Nepal,2019,2.55,Tonnes of CO2-equivalent,Transport
Nauru,2019,0.02,Tonnes of CO2-equivalent,Transport
New Zealand,2019,16.59,Tonnes of CO2-equivalent,Transport
Oman,2019,12.45,Tonnes of CO2-equivalent,Transport
Pakistan,2019,47.26,Tonnes of CO2-equivalent,Transport
Panama,2019,5.24,Tonnes of CO2-equivalent,Transport
Peru,2019,26.27,Tonnes of CO2-equivalent,Transport
Philippines,2019,37.85,Tonnes of CO2-equivalent,Transport
Palau,2019,0.14,Tonnes of CO2-equivalent,Transport
Papua New Guinea,2019,1.67,Tonnes of CO2-equivalent,Transport
Poland,2019,65.93,Tonnes of CO2-equivalent,Transport
"Korea, Dem. People's Rep.",2019,5.43,Tonnes of CO2-equivalent,Transport
Portugal,2019,17.61,Tonnes of CO2-equivalent,Transport
Paraguay,2019,7.58,Tonnes of CO2-equivalent,Transport
Qatar,2019,12.64,Tonnes of CO2-equivalent,Transport
Romania,2019,19.07,Tonnes of CO2-equivalent,Transport
Russian Federation,2019,262.39,Tonnes of CO2-equivalent,Transport
Rwanda,2019,0.63,Tonnes of CO2-equivalent,Transport
Saudi Arabia,2019,139.97,Tonnes of CO2-equivalent,Transport
Sudan,2019,11.73,Tonnes of CO2-equivalent,Transport
Senegal,2019,3.16,Tonnes of CO2-equivalent,Transport
Singapore,2019,6.45,Tonnes of CO2-equivalent,Transport
Solomon Islands,2019,0.2,Tonnes of CO2-equivalent,Transport
Sierra Leone,2019,0.67,Tonnes of CO2-equivalent,Transport
El Salvador,2019,3.84,Tonnes of CO2-equivalent,Transport
Somalia,2019,0.14,Tonnes of CO2-equivalent,Transport
Serbia,2019,7.03,Tonnes of CO2-equivalent,Transport
South Sudan,2019,0.98,Tonnes of CO2-equivalent,Transport
Sao Tome and Principe,2019,0.04,Tonnes of CO2-equivalent,Transport
Suriname,2019,0.91,Tonnes of CO2-equivalent,Transport
Slovak Republic,2019,8.02,Tonnes of CO2-equivalent,Transport
Slovenia,2019,5.67,Tonnes of CO2-equivalent,Transport
Sweden,2019,17.06,Tonnes of CO2-equivalent,Transport
Eswatini,2019,0.74,Tonnes of CO2-equivalent,Transport
Seychelles,2019,0.17,Tonnes of CO2-equivalent,Transport
Syrian Arab Republic,2019,5.84,Tonnes of CO2-equivalent,Transport
Chad,2019,0.81,Tonnes of CO2-equivalent,Transport
Togo,2019,0.89,Tonnes of CO2-equivalent,Transport
Thailand,2019,76.08,Tonnes of CO2-equivalent,Transport
Tajikistan,2019,1.39,Tonnes of CO2-equivalent,Transport
Turkmenistan,2019,12.12,Tonnes of CO2-equivalent,Transport
Timor-Leste,2019,0.31,Tonnes of CO2-equivalent,Transport
Tonga,2019,0.11,Tonnes of CO2-equivalent,Transport
Trinidad and Tobago,2019,2.84,Tonnes of CO2-equivalent,Transport
Tunisia,2019,7.48,Tonnes of CO2-equivalent,Transport
Turkiye,2019,85.18,Tonnes of CO2-equivalent,Transport
Tuvalu,2019,0.0,Tonnes of CO2-equivalent,Transport
Tanzania,2019,8.17,Tonnes of CO2-equivalent,Transport
Uganda,2019,3.62,Tonnes of CO2-equivalent,Transport
Ukraine,2019,27.21,Tonnes of CO2-equivalent,Transport
Uruguay,2019,4.29,Tonnes of CO2-equivalent,Transport
United States,2019,1814.99,Tonnes of CO2-equivalent,Transport
Uzbekistan,2019,15.57,Tonnes of CO2-equivalent,Transport
St. Vincent and the Grenadines,2019,0.11,Tonnes of CO2-equivalent,Transport
"Venezuela, RB",2019,30.78,Tonnes of CO2-equivalent,Transport
Viet Nam,2019,44.64,Tonnes of CO2-equivalent,Transport
Vanuatu,2019,0.11,Tonnes of CO2-equivalent,Transport
World,2019,8493.2,Tonnes of CO2-equivalent,Transport
Samoa,2019,0.17,Tonnes of CO2-equivalent,Transport
"Yemen, Rep.",2019,3.16,Tonnes of CO2-equivalent,Transport
South Africa,2019,52.98,Tonnes of CO2-equivalent,Transport
Zambia,2019,1.89,Tonnes of CO2-equivalent,Transport
Zimbabwe,2019,2.32,Tonnes of CO2-equivalent,Transport
Afghanistan,2018,4.41,Tonnes of CO2-equivalent,Transport
Angola,2018,7.1,Tonnes of CO2-equivalent,Transport
Albania,2018,2.28,Tonnes of CO2-equivalent,Transport
United Arab Emirates,2018,38.78,Tonnes of CO2-equivalent,Transport
Argentina,2018,49.41,Tonnes of CO2-equivalent,Transport
Armenia,2018,1.88,Tonnes of CO2-equivalent,Transport
Antigua and Barbuda,2018,0.22,Tonnes of CO2-equivalent,Transport
Australia,2018,99.92,Tonnes of CO2-equivalent,Transport
Austria,2018,25.42,Tonnes of CO2-equivalent,Transport
Azerbaijan,2018,8.72,Tonnes of CO2-equivalent,Transport
Burundi,2018,0.56,Tonnes of CO2-equivalent,Transport
Belgium,2018,25.91,Tonnes of CO2-equivalent,Transport
Benin,2018,6.93,Tonnes of CO2-equivalent,Transport
Burkina Faso,2018,3.18,Tonnes of CO2-equivalent,Transport
Bangladesh,2018,12.56,Tonnes of CO2-equivalent,Transport
Bulgaria,2018,9.64,Tonnes of CO2-equivalent,Transport
Bahrain,2018,3.93,Tonnes of CO2-equivalent,Transport
"Bahamas, The",2018,0.56,Tonnes of CO2-equivalent,Transport
Bosnia and Herzegovina,2018,3.83,Tonnes of CO2-equivalent,Transport
Belarus,2018,12.15,Tonnes of CO2-equivalent,Transport
Belize,2018,0.47,Tonnes of CO2-equivalent,Transport
Bolivia,2018,11.03,Tonnes of CO2-equivalent,Transport
Brazil,2018,199.08,Tonnes of CO2-equivalent,Transport
Barbados,2018,0.42,Tonnes of CO2-equivalent,Transport
Brunei Darussalam,2018,1.39,Tonnes of CO2-equivalent,Transport
Bhutan,2018,0.54,Tonnes of CO2-equivalent,Transport
Botswana,2018,2.53,Tonnes of CO2-equivalent,Transport
Central African Republic,2018,0.21,Tonnes of CO2-equivalent,Transport
Canada,2018,186.08,Tonnes of CO2-equivalent,Transport
Switzerland,2018,16.25,Tonnes of CO2-equivalent,Transport
Chile,2018,28.98,Tonnes of CO2-equivalent,Transport
China,2018,976.44,Tonnes of CO2-equivalent,Transport
Cote d'Ivoire,2018,4.07,Tonnes of CO2-equivalent,Transport
Cameroon,2018,3.4,Tonnes of CO2-equivalent,Transport
"Congo, Dem. Rep.",2018,2.12,Tonnes of CO2-equivalent,Transport
"Congo, Rep.",2018,1.29,Tonnes of CO2-equivalent,Transport
Cook Islands,2018,0.06,Tonnes of CO2-equivalent,Transport
Colombia,2018,30.77,Tonnes of CO2-equivalent,Transport
Comoros,2018,0.17,Tonnes of CO2-equivalent,Transport
Cabo Verde,2018,0.25,Tonnes of CO2-equivalent,Transport
Costa Rica,2018,6.03,Tonnes of CO2-equivalent,Transport
Cuba,2018,1.66,Tonnes of CO2-equivalent,Transport
Cyprus,2018,2.07,Tonnes of CO2-equivalent,Transport
Czechia,2018,19.17,Tonnes of CO2-equivalent,Transport
Germany,2018,161.89,Tonnes of CO2-equivalent,Transport
Djibouti,2018,0.14,Tonnes of CO2-equivalent,Transport
Dominica,2018,0.06,Tonnes of CO2-equivalent,Transport
Denmark,2018,12.65,Tonnes of CO2-equivalent,Transport
Dominican Republic,2018,7.36,Tonnes of CO2-equivalent,Transport
Algeria,2018,46.48,Tonnes of CO2-equivalent,Transport
Ecuador,2018,19.63,Tonnes of CO2-equivalent,Transport
"Egypt, Arab Rep.",2018,57.53,Tonnes of CO2-equivalent,Transport
Eritrea,2018,0.22,Tonnes of CO2-equivalent,Transport
Spain,2018,94.46,Tonnes of CO2-equivalent,Transport
Estonia,2018,2.53,Tonnes of CO2-equivalent,Transport
Ethiopia,2018,6.89,Tonnes of CO2-equivalent,Transport
European Union,2018,826.09,Tonnes of CO2-equivalent,Transport
Finland,2018,11.86,Tonnes of CO2-equivalent,Transport
Fiji,2018,0.74,Tonnes of CO2-equivalent,Transport
France,2018,128.9,Tonnes of CO2-equivalent,Transport
"Micronesia, Fed. Sts.",2018,0.08,Tonnes of CO2-equivalent,Transport
Gabon,2018,0.21,Tonnes of CO2-equivalent,Transport
United Kingdom,2018,123.68,Tonnes of CO2-equivalent,Transport
Georgia,2018,3.87,Tonnes of CO2-equivalent,Transport
Ghana,2018,8.28,Tonnes of CO2-equivalent,Transport
Guinea,2018,1.45,Tonnes of CO2-equivalent,Transport
"Gambia, The",2018,0.08,Tonnes of CO2-equivalent,Transport
Guinea-Bissau,2018,0.11,Tonnes of CO2-equivalent,Transport
Equatorial Guinea,2018,0.49,Tonnes of CO2-equivalent,Transport
Greece,2018,17.62,Tonnes of CO2-equivalent,Transport
Grenada,2018,0.11,Tonnes of CO2-equivalent,Transport
Guatemala,2018,8.79,Tonnes of CO2-equivalent,Transport
Guyana,2018,0.81,Tonnes of CO2-equivalent,Transport
Honduras,2018,4.07,Tonnes of CO2-equivalent,Transport
Croatia,2018,6.48,Tonnes of CO2-equivalent,Transport
Haiti,2018,1.5,Tonnes of CO2-equivalent,Transport
Hungary,2018,13.88,Tonnes of CO2-equivalent,Transport
Indonesia,2018,155.54,Tonnes of CO2-equivalent,Transport
India,2018,313.61,Tonnes of CO2-equivalent,Transport
Ireland,2018,12.13,Tonnes of CO2-equivalent,Transport
"Iran, Islamic Rep.",2018,142.26,Tonnes of CO2-equivalent,Transport
Iraq,2018,33.25,Tonnes of CO2-equivalent,Transport
Iceland,2018,1.05,Tonnes of CO2-equivalent,Transport
Israel,2018,18.51,Tonnes of CO2-equivalent,Transport
Italy,2018,102.69,Tonnes of CO2-equivalent,Transport
Jamaica,2018,2.32,Tonnes of CO2-equivalent,Transport
Jordan,2018,9.24,Tonnes of CO2-equivalent,Transport
Japan,2018,209.97,Tonnes of CO2-equivalent,Transport
Kazakhstan,2018,18.03,Tonnes of CO2-equivalent,Transport
Kenya,2018,9.91,Tonnes of CO2-equivalent,Transport
Kyrgyz Republic,2018,1.52,Tonnes of CO2-equivalent,Transport
Cambodia,2018,5.29,Tonnes of CO2-equivalent,Transport
Kiribati,2018,0.03,Tonnes of CO2-equivalent,Transport
St. Kitts and Nevis,2018,0.08,Tonnes of CO2-equivalent,Transport
"Korea, Rep.",2018,104.23,Tonnes of CO2-equivalent,Transport
Kuwait,2018,16.32,Tonnes of CO2-equivalent,Transport
Lao PDR,2018,3.18,Tonnes of CO2-equivalent,Transport
Lebanon,2018,8.36,Tonnes of CO2-equivalent,Transport
Liberia,2018,0.25,Tonnes of CO2-equivalent,Transport
Libya,2018,17.27,Tonnes of CO2-equivalent,Transport
St. Lucia,2018,0.22,Tonnes of CO2-equivalent,Transport
Sri Lanka,2018,10.2,Tonnes of CO2-equivalent,Transport
Lesotho,2018,0.52,Tonnes of CO2-equivalent,Transport
Lithuania,2018,6.2,Tonnes of CO2-equivalent,Transport
Luxembourg,2018,6.22,Tonnes of CO2-equivalent,Transport
Latvia,2018,3.33,Tonnes of CO2-equivalent,Transport
Morocco,2018,18.52,Tonnes of CO2-equivalent,Transport
Moldova,2018,2.15,Tonnes of CO2-equivalent,Transport
Madagascar,2018,1.32,Tonnes of CO2-equivalent,Transport
Maldives,2018,1.02,Tonnes of CO2-equivalent,Transport
Mexico,2018,151.88,Tonnes of CO2-equivalent,Transport
Marshall Islands,2018,0.09,Tonnes of CO2-equivalent,Transport
North Macedonia,2018,2.18,Tonnes of CO2-equivalent,Transport
Mali,2018,2.77,Tonnes of CO2-equivalent,Transport
Malta,2018,0.69,Tonnes of CO2-equivalent,Transport
Myanmar,2018,6.39,Tonnes of CO2-equivalent,Transport
Montenegro,2018,0.78,Tonnes of CO2-equivalent,Transport
Mongolia,2018,2.29,Tonnes of CO2-equivalent,Transport
Mozambique,2018,3.32,Tonnes of CO2-equivalent,Transport
Mauritania,2018,0.0,Tonnes of CO2-equivalent,Transport
Mauritius,2018,1.17,Tonnes of CO2-equivalent,Transport
Malawi,2018,1.05,Tonnes of CO2-equivalent,Transport
Malaysia,2018,62.62,Tonnes of CO2-equivalent,Transport
Namibia,2018,2.12,Tonnes of CO2-equivalent,Transport
Niger,2018,1.06,Tonnes of CO2-equivalent,Transport
Nigeria,2018,56.67,Tonnes of CO2-equivalent,Transport
Nicaragua,2018,2.13,Tonnes of CO2-equivalent,Transport
Niue,2018,0.0,Tonnes of CO2-equivalent,Transport
Netherlands,2018,30.69,Tonnes of CO2-equivalent,Transport
Norway,2018,14.28,Tonnes of CO2-equivalent,Transport
Nepal,2018,4.12,Tonnes of CO2-equivalent,Transport
Nauru,2018,0.02,Tonnes of CO2-equivalent,Transport
New Zealand,2018,16.42,Tonnes of CO2-equivalent,Transport
Oman,2018,12.5,Tonnes of CO2-equivalent,Transport
Pakistan,2018,50.81,Tonnes of CO2-equivalent,Transport
Panama,2018,4.94,Tonnes of CO2-equivalent,Transport
Peru,2018,24.84,Tonnes of CO2-equivalent,Transport
Philippines,2018,36.54,Tonnes of CO2-equivalent,Transport
Palau,2018,0.14,Tonnes of CO2-equivalent,Transport
Papua New Guinea,2018,1.65,Tonnes of CO2-equivalent,Transport
Poland,2018,64.91,Tonnes of CO2-equivalent,Transport
"Korea, Dem. People's Rep.",2018,4.9,Tonnes of CO2-equivalent,Transport
Portugal,2018,17.22,Tonnes of CO2-equivalent,Transport
Paraguay,2018,7.82,Tonnes of CO2-equivalent,Transport
Qatar,2018,12.05,Tonnes of CO2-equivalent,Transport
Romania,2018,18.55,Tonnes of CO2-equivalent,Transport
Russian Federation,2018,264.77,Tonnes of CO2-equivalent,Transport
Rwanda,2018,0.54,Tonnes of CO2-equivalent,Transport
Saudi Arabia,2018,139.64,Tonnes of CO2-equivalent,Transport
Sudan,2018,11.48,Tonnes of CO2-equivalent,Transport
Senegal,2018,2.95,Tonnes of CO2-equivalent,Transport
Singapore,2018,6.53,Tonnes of CO2-equivalent,Transport
Solomon Islands,2018,0.19,Tonnes of CO2-equivalent,Transport
Sierra Leone,2018,0.64,Tonnes of CO2-equivalent,Transport
El Salvador,2018,3.57,Tonnes of CO2-equivalent,Transport
Somalia,2018,0.14,Tonnes of CO2-equivalent,Transport
Serbia,2018,6.51,Tonnes of CO2-equivalent,Transport
South Sudan,2018,0.98,Tonnes of CO2-equivalent,Transport
Sao Tome and Principe,2018,0.05,Tonnes of CO2-equivalent,Transport
Suriname,2018,0.7,Tonnes of CO2-equivalent,Transport
Slovak Republic,2018,7.92,Tonnes of CO2-equivalent,Transport
Slovenia,2018,5.88,Tonnes of CO2-equivalent,Transport
Sweden,2018,17.16,Tonnes of CO2-equivalent,Transport
Eswatini,2018,0.65,Tonnes of CO2-equivalent,Transport
Seychelles,2018,0.19,Tonnes of CO2-equivalent,Transport
Syrian Arab Republic,2018,6.71,Tonnes of CO2-equivalent,Transport
Chad,2018,0.78,Tonnes of CO2-equivalent,Transport
Togo,2018,1.03,Tonnes of CO2-equivalent,Transport
Thailand,2018,74.35,Tonnes of CO2-equivalent,Transport
Tajikistan,2018,1.26,Tonnes of CO2-equivalent,Transport
Turkmenistan,2018,12.36,Tonnes of CO2-equivalent,Transport
Timor-Leste,2018,0.3,Tonnes of CO2-equivalent,Transport
Tonga,2018,0.08,Tonnes of CO2-equivalent,Transport
Trinidad and Tobago,2018,2.57,Tonnes of CO2-equivalent,Transport
Tunisia,2018,7.79,Tonnes of CO2-equivalent,Transport
Turkiye,2018,85.01,Tonnes of CO2-equivalent,Transport
Tuvalu,2018,0.0,Tonnes of CO2-equivalent,Transport
Tanzania,2018,7.65,Tonnes of CO2-equivalent,Transport
Uganda,2018,3.48,Tonnes of CO2-equivalent,Transport
Ukraine,2018,25.65,Tonnes of CO2-equivalent,Transport
Uruguay,2018,3.74,Tonnes of CO2-equivalent,Transport
United States,2018,1820.22,Tonnes of CO2-equivalent,Transport
Uzbekistan,2018,15.01,Tonnes of CO2-equivalent,Transport
St. Vincent and the Grenadines,2018,0.14,Tonnes of CO2-equivalent,Transport
"Venezuela, RB",2018,33.53,Tonnes of CO2-equivalent,Transport
Viet Nam,2018,42.89,Tonnes of CO2-equivalent,Transport
Vanuatu,2018,0.13,Tonnes of CO2-equivalent,Transport
World,2018,8482.41,Tonnes of CO2-equivalent,Transport
Samoa,2018,0.15,Tonnes of CO2-equivalent,Transport
"Yemen, Rep.",2018,3.13,Tonnes of CO2-equivalent,Transport
South Africa,2018,55.66,Tonnes of CO2-equivalent,Transport
Zambia,2018,1.89,Tonnes of CO2-equivalent,Transport
Zimbabwe,2018,2.71,Tonnes of CO2-equivalent,Transport
Afghanistan,2018,4.41,Tonnes of CO2-equivalent,Transport
Angola,2018,7.1,Tonnes of CO2-equivalent,Transport
Albania,2018,2.28,Tonnes of CO2-equivalent,Transport
United Arab Emirates,2018,38.78,Tonnes of CO2-equivalent,Transport
Argentina,2018,49.41,Tonnes of CO2-equivalent,Transport
Armenia,2018,1.88,Tonnes of CO2-equivalent,Transport
Antigua and Barbuda,2018,0.22,Tonnes of CO2-equivalent,Transport
Australia,2018,99.92,Tonnes of CO2-equivalent,Transport
Austria,2018,25.42,Tonnes of CO2-equivalent,Transport
Azerbaijan,2018,8.72,Tonnes of CO2-equivalent,Transport
Burundi,2018,0.56,Tonnes of CO2-equivalent,Transport
Belgium,2018,25.91,Tonnes of CO2-equivalent,Transport
Benin,2018,6.93,Tonnes of CO2-equivalent,Transport
Burkina Faso,2018,3.18,Tonnes of CO2-equivalent,Transport
Bangladesh,2018,12.56,Tonnes of CO2-equivalent,Transport
Bulgaria,2018,9.64,Tonnes of CO2-equivalent,Transport
Bahrain,2018,3.93,Tonnes of CO2-equivalent,Transport
"Bahamas, The",2018,0.56,Tonnes of CO2-equivalent,Transport
Bosnia and Herzegovina,2018,3.83,Tonnes of CO2-equivalent,Transport
Belarus,2018,12.15,Tonnes of CO2-equivalent,Transport
Belize,2018,0.47,Tonnes of CO2-equivalent,Transport
Bolivia,2018,11.03,Tonnes of CO2-equivalent,Transport
Brazil,2018,199.08,Tonnes of CO2-equivalent,Transport
Barbados,2018,0.42,Tonnes of CO2-equivalent,Transport
Brunei Darussalam,2018,1.39,Tonnes of CO2-equivalent,Transport
Bhutan,2018,0.54,Tonnes of CO2-equivalent,Transport
Botswana,2018,2.53,Tonnes of CO2-equivalent,Transport
Central African Republic,2018,0.21,Tonnes of CO2-equivalent,Transport
Canada,2018,186.08,Tonnes of CO2-equivalent,Transport
Switzerland,2018,16.25,Tonnes of CO2-equivalent,Transport
Chile,2018,28.98,Tonnes of CO2-equivalent,Transport
China,2018,976.44,Tonnes of CO2-equivalent,Transport
Cote d'Ivoire,2018,4.07,Tonnes of CO2-equivalent,Transport
Cameroon,2018,3.4,Tonnes of CO2-equivalent,Transport
"Congo, Dem. Rep.",2018,2.12,Tonnes of CO2-equivalent,Transport
"Congo, Rep.",2018,1.29,Tonnes of CO2-equivalent,Transport
Cook Islands,2018,0.06,Tonnes of CO2-equivalent,Transport
Colombia,2018,30.77,Tonnes of CO2-equivalent,Transport
Comoros,2018,0.17,Tonnes of CO2-equivalent,Transport
Cabo Verde,2018,0.25,Tonnes of CO2-equivalent,Transport
Costa Rica,2018,6.03,Tonnes of CO2-equivalent,Transport
Cuba,2018,1.66,Tonnes of CO2-equivalent,Transport
Cyprus,2018,2.07,Tonnes of CO2-equivalent,Transport
Czechia,2018,19.17,Tonnes of CO2-equivalent,Transport
Germany,2018,161.89,Tonnes of CO2-equivalent,Transport
Djibouti,2018,0.14,Tonnes of CO2-equivalent,Transport
Dominica,2018,0.06,Tonnes of CO2-equivalent,Transport
Denmark,2018,12.65,Tonnes of CO2-equivalent,Transport
Dominican Republic,2018,7.36,Tonnes of CO2-equivalent,Transport
Algeria,2018,46.48,Tonnes of CO2-equivalent,Transport
Ecuador,2018,19.63,Tonnes of CO2-equivalent,Transport
"Egypt, Arab Rep.",2018,57.53,Tonnes of CO2-equivalent,Transport
Eritrea,2018,0.22,Tonnes of CO2-equivalent,Transport
Spain,2018,94.46,Tonnes of CO2-equivalent,Transport
Estonia,2018,2.53,Tonnes of CO2-equivalent,Transport
Ethiopia,2018,6.89,Tonnes of CO2-equivalent,Transport
European Union,2018,826.09,Tonnes of CO2-equivalent,Transport
Finland,2018,11.86,Tonnes of CO2-equivalent,Transport
Fiji,2018,0.74,Tonnes of CO2-equivalent,Transport
France,2018,128.9,Tonnes of CO2-equivalent,Transport
"Micronesia, Fed. Sts.",2018,0.08,Tonnes of CO2-equivalent,Transport
Gabon,2018,0.21,Tonnes of CO2-equivalent,Transport
United Kingdom,2018,123.68,Tonnes of CO2-equivalent,Transport
Georgia,2018,3.87,Tonnes of CO2-equivalent,Transport
Ghana,2018,8.28,Tonnes of CO2-equivalent,Transport
Guinea,2018,1.45,Tonnes of CO2-equivalent,Transport
"Gambia, The",2018,0.08,Tonnes of CO2-equivalent,Transport
Guinea-Bissau,2018,0.11,Tonnes of CO2-equivalent,Transport
Equatorial Guinea,2018,0.49,Tonnes of CO2-equivalent,Transport
Greece,2018,17.62,Tonnes of CO2-equivalent,Transport
Grenada,2018,0.11,Tonnes of CO2-equivalent,Transport
Guatemala,2018,8.79,Tonnes of CO2-equivalent,Transport
Guyana,2018,0.81,Tonnes of CO2-equivalent,Transport
Honduras,2018,4.07,Tonnes of CO2-equivalent,Transport
Croatia,2018,6.48,Tonnes of CO2-equivalent,Transport
Haiti,2018,1.5,Tonnes of CO2-equivalent,Transport
Hungary,2018,13.88,Tonnes of CO2-equivalent,Transport
Indonesia,2018,155.54,Tonnes of CO2-equivalent,Transport
India,2018,313.61,Tonnes of CO2-equivalent,Transport
Ireland,2018,12.13,Tonnes of CO2-equivalent,Transport
"Iran, Islamic Rep.",2018,142.26,Tonnes of CO2-equivalent,Transport
Iraq,2018,33.25,Tonnes of CO2-equivalent,Transport
Iceland,2018,1.05,Tonnes of CO2-equivalent,Transport
Israel,2018,18.51,Tonnes of CO2-equivalent,Transport
Italy,2018,102.69,Tonnes of CO2-equivalent,Transport
Jamaica,2018,2.32,Tonnes of CO2-equivalent,Transport
Jordan,2018,9.24,Tonnes of CO2-equivalent,Transport
Japan,2018,209.97,Tonnes of CO2-equivalent,Transport
Kazakhstan,2018,18.03,Tonnes of CO2-equivalent,Transport
Kenya,2018,9.91,Tonnes of CO2-equivalent,Transport
Kyrgyz Republic,2018,1.52,Tonnes of CO2-equivalent,Transport
Cambodia,2018,5.29,Tonnes of CO2-equivalent,Transport
Kiribati,2018,0.03,Tonnes of CO2-equivalent,Transport
St. Kitts and Nevis,2018,0.08,Tonnes of CO2-equivalent,Transport
"Korea, Rep.",2018,104.23,Tonnes of CO2-equivalent,Transport
Kuwait,2018,16.32,Tonnes of CO2-equivalent,Transport
Lao PDR,2018,3.18,Tonnes of CO2-equivalent,Transport
Lebanon,2018,8.36,Tonnes of CO2-equivalent,Transport
Liberia,2018,0.25,Tonnes of CO2-equivalent,Transport
Libya,2018,17.27,Tonnes of CO2-equivalent,Transport
St. Lucia,2018,0.22,Tonnes of CO2-equivalent,Transport
Sri Lanka,2018,10.2,Tonnes of CO2-equivalent,Transport
Lesotho,2018,0.52,Tonnes of CO2-equivalent,Transport
Lithuania,2018,6.2,Tonnes of CO2-equivalent,Transport
Luxembourg,2018,6.22,Tonnes of CO2-equivalent,Transport
Latvia,2018,3.33,Tonnes of CO2-equivalent,Transport
Morocco,2018,18.52,Tonnes of CO2-equivalent,Transport
Moldova,2018,2.15,Tonnes of CO2-equivalent,Transport
Madagascar,2018,1.32,Tonnes of CO2-equivalent,Transport
Maldives,2018,1.02,Tonnes of CO2-equivalent,Transport
Mexico,2018,151.88,Tonnes of CO2-equivalent,Transport
Marshall Islands,2018,0.09,Tonnes of CO2-equivalent,Transport
North Macedonia,2018,2.18,Tonnes of CO2-equivalent,Transport
Mali,2018,2.77,Tonnes of CO2-equivalent,Transport
Malta,2018,0.69,Tonnes of CO2-equivalent,Transport
Myanmar,2018,6.39,Tonnes of CO2-equivalent,Transport
Montenegro,2018,0.78,Tonnes of CO2-equivalent,Transport
Mongolia,2018,2.29,Tonnes of CO2-equivalent,Transport
Mozambique,2018,3.32,Tonnes of CO2-equivalent,Transport
Mauritania,2018,0.0,Tonnes of CO2-equivalent,Transport
Mauritius,2018,1.17,Tonnes of CO2-equivalent,Transport
Malawi,2018,1.05,Tonnes of CO2-equivalent,Transport
Malaysia,2018,62.62,Tonnes of CO2-equivalent,Transport
Namibia,2018,2.12,Tonnes of CO2-equivalent,Transport
Niger,2018,1.06,Tonnes of CO2-equivalent,Transport
Nigeria,2018,56.67,Tonnes of CO2-equivalent,Transport
Nicaragua,2018,2.13,Tonnes of CO2-equivalent,Transport
Niue,2018,0.0,Tonnes of CO2-equivalent,Transport
Netherlands,2018,30.69,Tonnes of CO2-equivalent,Transport
Norway,2018,14.28,Tonnes of CO2-equivalent,Transport
Nepal,2018,4.12,Tonnes of CO2-equivalent,Transport
Nauru,2018,0.02,Tonnes of CO2-equivalent,Transport
New Zealand,2018,16.42,Tonnes of CO2-equivalent,Transport
Oman,2018,12.5,Tonnes of CO2-equivalent,Transport
Pakistan,2018,50.81,Tonnes of CO2-equivalent,Transport
Panama,2018,4.94,Tonnes of CO2-equivalent,Transport
Peru,2018,24.84,Tonnes of CO2-equivalent,Transport
Philippines,2018,36.54,Tonnes of CO2-equivalent,Transport
Palau,2018,0.14,Tonnes of CO2-equivalent,Transport
Papua New Guinea,2018,1.65,Tonnes of CO2-equivalent,Transport
Poland,2018,64.91,Tonnes of CO2-equivalent,Transport
"Korea, Dem. People's Rep.",2018,4.9,Tonnes of CO2-equivalent,Transport
Portugal,2018,17.22,Tonnes of CO2-equivalent,Transport
Paraguay,2018,7.82,Tonnes of CO2-equivalent,Transport
Qatar,2018,12.05,Tonnes of CO2-equivalent,Transport
Romania,2018,18.55,Tonnes of CO2-equivalent,Transport
Russian Federation,2018,264.77,Tonnes of CO2-equivalent,Transport
Rwanda,2018,0.54,Tonnes of CO2-equivalent,Transport
Saudi Arabia,2018,139.64,Tonnes of CO2-equivalent,Transport
Sudan,2018,11.48,Tonnes of CO2-equivalent,Transport
Senegal,2018,2.95,Tonnes of CO2-equivalent,Transport
Singapore,2018,6.53,Tonnes of CO2-equivalent,Transport
Solomon Islands,2018,0.19,Tonnes of CO2-equivalent,Transport
Sierra Leone,2018,0.64,Tonnes of CO2-equivalent,Transport
El Salvador,2018,3.57,Tonnes of CO2-equivalent,Transport
Somalia,2018,0.14,Tonnes of CO2-equivalent,Transport
Serbia,2018,6.51,Tonnes of CO2-equivalent,Transport
South Sudan,2018,0.98,Tonnes of CO2-equivalent,Transport
Sao Tome and Principe,2018,0.05,Tonnes of CO2-equivalent,Transport
Suriname,2018,0.7,Tonnes of CO2-equivalent,Transport
Slovak Republic,2018,7.92,Tonnes of CO2-equivalent,Transport
Slovenia,2018,5.88,Tonnes of CO2-equivalent,Transport
Sweden,2018,17.16,Tonnes of CO2-equivalent,Transport
Eswatini,2018,0.65,Tonnes of CO2-equivalent,Transport
Seychelles,2018,0.19,Tonnes of CO2-equivalent,Transport
Syrian Arab Republic,2018,6.71,Tonnes of CO2-equivalent,Transport
Chad,2018,0.78,Tonnes of CO2-equivalent,Transport
Togo,2018,1.03,Tonnes of CO2-equivalent,Transport
Thailand,2018,74.35,Tonnes of CO2-equivalent,Transport
Tajikistan,2018,1.26,Tonnes of CO2-equivalent,Transport
Turkmenistan,2018,12.36,Tonnes of CO2-equivalent,Transport
Timor-Leste,2018,0.3,Tonnes of CO2-equivalent,Transport
Tonga,2018,0.08,Tonnes of CO2-equivalent,Transport
Trinidad and Tobago,2018,2.57,Tonnes of CO2-equivalent,Transport
Tunisia,2018,7.79,Tonnes of CO2-equivalent,Transport
Turkiye,2018,85.01,Tonnes of CO2-equivalent,Transport
Tuvalu,2018,0.0,Tonnes of CO2-equivalent,Transport
Tanzania,2018,7.65,Tonnes of CO2-equivalent,Transport
Uganda,2018,3.48,Tonnes of CO2-equivalent,Transport
Ukraine,2018,25.65,Tonnes of CO2-equivalent,Transport
Uruguay,2018,3.74,Tonnes of CO2-equivalent,Transport
United States,2018,1820.22,Tonnes of CO2-equivalent,Transport
Uzbekistan,2018,15.01,Tonnes of CO2-equivalent,Transport
St. Vincent and the Grenadines,2018,0.14,Tonnes of CO2-equivalent,Transport
"Venezuela, RB",2018,33.53,Tonnes of CO2-equivalent,Transport
Viet Nam,2018,42.89,Tonnes of CO2-equivalent,Transport
Vanuatu,2018,0.13,Tonnes of CO2-equivalent,Transport
World,2018,8482.41,Tonnes of CO2-equivalent,Transport
Samoa,2018,0.15,Tonnes of CO2-equivalent,Transport
"Yemen, Rep.",2018,3.13,Tonnes of CO2-equivalent,Transport
South Africa,2018,55.66,Tonnes of CO2-equivalent,Transport
Zambia,2018,1.89,Tonnes of CO2-equivalent,Transport
Zimbabwe,2018,2.71,Tonnes of CO2-equivalent,Transport
Afghanistan,2017,3.94,Tonnes of CO2-equivalent,Transport
Angola,2017,6.87,Tonnes of CO2-equivalent,Transport
Albania,2017,2.38,Tonnes of CO2-equivalent,Transport
United Arab Emirates,2017,38.75,Tonnes of CO2-equivalent,Transport
Argentina,2017,48.05,Tonnes of CO2-equivalent,Transport
Armenia,2017,1.75,Tonnes of CO2-equivalent,Transport
Antigua and Barbuda,2017,0.22,Tonnes of CO2-equivalent,Transport
Australia,2017,97.48,Tonnes of CO2-equivalent,Transport
Austria,2017,25.16,Tonnes of CO2-equivalent,Transport
Azerbaijan,2017,7.92,Tonnes of CO2-equivalent,Transport
Burundi,2017,0.43,Tonnes of CO2-equivalent,Transport
Belgium,2017,25.82,Tonnes of CO2-equivalent,Transport
Benin,2017,6.16,Tonnes of CO2-equivalent,Transport
Burkina Faso,2017,2.8,Tonnes of CO2-equivalent,Transport
Bangladesh,2017,11.48,Tonnes of CO2-equivalent,Transport
Bulgaria,2017,9.43,Tonnes of CO2-equivalent,Transport
Bahrain,2017,3.82,Tonnes of CO2-equivalent,Transport
"Bahamas, The",2017,0.54,Tonnes of CO2-equivalent,Transport
Bosnia and Herzegovina,2017,3.85,Tonnes of CO2-equivalent,Transport
Belarus,2017,11.55,Tonnes of CO2-equivalent,Transport
Belize,2017,0.48,Tonnes of CO2-equivalent,Transport
Bolivia,2017,10.61,Tonnes of CO2-equivalent,Transport
Brazil,2017,207.54,Tonnes of CO2-equivalent,Transport
Barbados,2017,0.43,Tonnes of CO2-equivalent,Transport
Brunei Darussalam,2017,1.37,Tonnes of CO2-equivalent,Transport
Bhutan,2017,0.47,Tonnes of CO2-equivalent,Transport
Botswana,2017,2.37,Tonnes of CO2-equivalent,Transport
Central African Republic,2017,0.2,Tonnes of CO2-equivalent,Transport
Canada,2017,179.8,Tonnes of CO2-equivalent,Transport
Switzerland,2017,16.17,Tonnes of CO2-equivalent,Transport
Chile,2017,28.02,Tonnes of CO2-equivalent,Transport
China,2017,901.3,Tonnes of CO2-equivalent,Transport
Cote d'Ivoire,2017,3.66,Tonnes of CO2-equivalent,Transport
Cameroon,2017,3.27,Tonnes of CO2-equivalent,Transport
"Congo, Dem. Rep.",2017,2.19,Tonnes of CO2-equivalent,Transport
"Congo, Rep.",2017,1.35,Tonnes of CO2-equivalent,Transport
Cook Islands,2017,0.06,Tonnes of CO2-equivalent,Transport
Colombia,2017,30.16,Tonnes of CO2-equivalent,Transport
Comoros,2017,0.15,Tonnes of CO2-equivalent,Transport
Cabo Verde,2017,0.24,Tonnes of CO2-equivalent,Transport
Costa Rica,2017,6.02,Tonnes of CO2-equivalent,Transport
Cuba,2017,1.68,Tonnes of CO2-equivalent,Transport
Cyprus,2017,2.06,Tonnes of CO2-equivalent,Transport
Czechia,2017,19.04,Tonnes of CO2-equivalent,Transport
Germany,2017,167.86,Tonnes of CO2-equivalent,Transport
Djibouti,2017,0.14,Tonnes of CO2-equivalent,Transport
Dominica,2017,0.05,Tonnes of CO2-equivalent,Transport
Denmark,2017,12.49,Tonnes of CO2-equivalent,Transport
Dominican Republic,2017,6.69,Tonnes of CO2-equivalent,Transport
Algeria,2017,45.69,Tonnes of CO2-equivalent,Transport
Ecuador,2017,18.65,Tonnes of CO2-equivalent,Transport
"Egypt, Arab Rep.",2017,57.06,Tonnes of CO2-equivalent,Transport
Eritrea,2017,0.2,Tonnes of CO2-equivalent,Transport
Spain,2017,93.27,Tonnes of CO2-equivalent,Transport
Estonia,2017,2.49,Tonnes of CO2-equivalent,Transport
Ethiopia,2017,6.2,Tonnes of CO2-equivalent,Transport
European Union,2017,826.52,Tonnes of CO2-equivalent,Transport
Finland,2017,11.66,Tonnes of CO2-equivalent,Transport
Fiji,2017,0.67,Tonnes of CO2-equivalent,Transport
France,2017,131.84,Tonnes of CO2-equivalent,Transport
"Micronesia, Fed. Sts.",2017,0.08,Tonnes of CO2-equivalent,Transport
Gabon,2017,0.21,Tonnes of CO2-equivalent,Transport
United Kingdom,2017,125.16,Tonnes of CO2-equivalent,Transport
Georgia,2017,3.98,Tonnes of CO2-equivalent,Transport
Ghana,2017,7.28,Tonnes of CO2-equivalent,Transport
Guinea,2017,1.7,Tonnes of CO2-equivalent,Transport
"Gambia, The",2017,0.08,Tonnes of CO2-equivalent,Transport
Guinea-Bissau,2017,0.11,Tonnes of CO2-equivalent,Transport
Equatorial Guinea,2017,0.52,Tonnes of CO2-equivalent,Transport
Greece,2017,17.34,Tonnes of CO2-equivalent,Transport
Grenada,2017,0.1,Tonnes of CO2-equivalent,Transport
Guatemala,2017,8.42,Tonnes of CO2-equivalent,Transport
Guyana,2017,0.79,Tonnes of CO2-equivalent,Transport
Honduras,2017,4.01,Tonnes of CO2-equivalent,Transport
Croatia,2017,6.72,Tonnes of CO2-equivalent,Transport
Haiti,2017,1.48,Tonnes of CO2-equivalent,Transport
Hungary,2017,13.06,Tonnes of CO2-equivalent,Transport
Indonesia,2017,139.06,Tonnes of CO2-equivalent,Transport
India,2017,298.71,Tonnes of CO2-equivalent,Transport
Ireland,2017,11.97,Tonnes of CO2-equivalent,Transport
"Iran, Islamic Rep.",2017,138.86,Tonnes of CO2-equivalent,Transport
Iraq,2017,28.49,Tonnes of CO2-equivalent,Transport
Iceland,2017,1.01,Tonnes of CO2-equivalent,Transport
Israel,2017,18.43,Tonnes of CO2-equivalent,Transport
Italy,2017,99.99,Tonnes of CO2-equivalent,Transport
Jamaica,2017,2.02,Tonnes of CO2-equivalent,Transport
Jordan,2017,9.36,Tonnes of CO2-equivalent,Transport
Japan,2017,212.61,Tonnes of CO2-equivalent,Transport
Kazakhstan,2017,15.93,Tonnes of CO2-equivalent,Transport
Kenya,2017,8.81,Tonnes of CO2-equivalent,Transport
Kyrgyz Republic,2017,1.88,Tonnes of CO2-equivalent,Transport
Cambodia,2017,4.96,Tonnes of CO2-equivalent,Transport
Kiribati,2017,0.03,Tonnes of CO2-equivalent,Transport
St. Kitts and Nevis,2017,0.08,Tonnes of CO2-equivalent,Transport
"Korea, Rep.",2017,106.04,Tonnes of CO2-equivalent,Transport
Kuwait,2017,15.45,Tonnes of CO2-equivalent,Transport
Lao PDR,2017,3.1,Tonnes of CO2-equivalent,Transport
Lebanon,2017,9.6,Tonnes of CO2-equivalent,Transport
Liberia,2017,0.28,Tonnes of CO2-equivalent,Transport
Libya,2017,17.73,Tonnes of CO2-equivalent,Transport
St. Lucia,2017,0.22,Tonnes of CO2-equivalent,Transport
Sri Lanka,2017,10.72,Tonnes of CO2-equivalent,Transport
Lesotho,2017,0.5,Tonnes of CO2-equivalent,Transport
Lithuania,2017,5.83,Tonnes of CO2-equivalent,Transport
Luxembourg,2017,5.82,Tonnes of CO2-equivalent,Transport
Latvia,2017,3.32,Tonnes of CO2-equivalent,Transport
Morocco,2017,18.02,Tonnes of CO2-equivalent,Transport
Moldova,2017,2.11,Tonnes of CO2-equivalent,Transport
Madagascar,2017,1.26,Tonnes of CO2-equivalent,Transport
Maldives,2017,0.87,Tonnes of CO2-equivalent,Transport
Mexico,2017,155.99,Tonnes of CO2-equivalent,Transport
Marshall Islands,2017,0.09,Tonnes of CO2-equivalent,Transport
North Macedonia,2017,2.18,Tonnes of CO2-equivalent,Transport
Mali,2017,2.76,Tonnes of CO2-equivalent,Transport
Malta,2017,0.63,Tonnes of CO2-equivalent,Transport
Myanmar,2017,6.21,Tonnes of CO2-equivalent,Transport
Montenegro,2017,0.72,Tonnes of CO2-equivalent,Transport
Mongolia,2017,2.22,Tonnes of CO2-equivalent,Transport
Mozambique,2017,3.35,Tonnes of CO2-equivalent,Transport
Mauritania,2017,0.0,Tonnes of CO2-equivalent,Transport
Mauritius,2017,1.15,Tonnes of CO2-equivalent,Transport
Malawi,2017,0.93,Tonnes of CO2-equivalent,Transport
Malaysia,2017,62.37,Tonnes of CO2-equivalent,Transport
Namibia,2017,2.09,Tonnes of CO2-equivalent,Transport
Niger,2017,0.98,Tonnes of CO2-equivalent,Transport
Nigeria,2017,52.88,Tonnes of CO2-equivalent,Transport
Nicaragua,2017,2.39,Tonnes of CO2-equivalent,Transport
Niue,2017,0.0,Tonnes of CO2-equivalent,Transport
Netherlands,2017,30.62,Tonnes of CO2-equivalent,Transport
Norway,2017,14.32,Tonnes of CO2-equivalent,Transport
Nepal,2017,3.83,Tonnes of CO2-equivalent,Transport
Nauru,2017,0.02,Tonnes of CO2-equivalent,Transport
New Zealand,2017,16.06,Tonnes of CO2-equivalent,Transport
Oman,2017,12.67,Tonnes of CO2-equivalent,Transport
Pakistan,2017,55.41,Tonnes of CO2-equivalent,Transport
Panama,2017,4.99,Tonnes of CO2-equivalent,Transport
Peru,2017,24.13,Tonnes of CO2-equivalent,Transport
Philippines,2017,35.32,Tonnes of CO2-equivalent,Transport
Palau,2017,0.14,Tonnes of CO2-equivalent,Transport
Papua New Guinea,2017,1.75,Tonnes of CO2-equivalent,Transport
Poland,2017,63.01,Tonnes of CO2-equivalent,Transport
"Korea, Dem. People's Rep.",2017,5.46,Tonnes of CO2-equivalent,Transport
Portugal,2017,17.1,Tonnes of CO2-equivalent,Transport
Paraguay,2017,7.45,Tonnes of CO2-equivalent,Transport
Qatar,2017,13.78,Tonnes of CO2-equivalent,Transport
Romania,2017,18.06,Tonnes of CO2-equivalent,Transport
Russian Federation,2017,251.39,Tonnes of CO2-equivalent,Transport
Rwanda,2017,0.58,Tonnes of CO2-equivalent,Transport
Saudi Arabia,2017,146.64,Tonnes of CO2-equivalent,Transport
Sudan,2017,11.33,Tonnes of CO2-equivalent,Transport
Senegal,2017,2.68,Tonnes of CO2-equivalent,Transport
Singapore,2017,6.79,Tonnes of CO2-equivalent,Transport
Solomon Islands,2017,0.19,Tonnes of CO2-equivalent,Transport
Sierra Leone,2017,0.68,Tonnes of CO2-equivalent,Transport
El Salvador,2017,3.46,Tonnes of CO2-equivalent,Transport
Somalia,2017,0.14,Tonnes of CO2-equivalent,Transport
Serbia,2017,6.41,Tonnes of CO2-equivalent,Transport
South Sudan,2017,0.75,Tonnes of CO2-equivalent,Transport
Sao Tome and Principe,2017,0.05,Tonnes of CO2-equivalent,Transport
Suriname,2017,0.85,Tonnes of CO2-equivalent,Transport
Slovak Republic,2017,7.99,Tonnes of CO2-equivalent,Transport
Slovenia,2017,5.9,Tonnes of CO2-equivalent,Transport
Sweden,2017,18.05,Tonnes of CO2-equivalent,Transport
Eswatini,2017,0.65,Tonnes of CO2-equivalent,Transport
Seychelles,2017,0.16,Tonnes of CO2-equivalent,Transport
Syrian Arab Republic,2017,5.16,Tonnes of CO2-equivalent,Transport
Chad,2017,0.81,Tonnes of CO2-equivalent,Transport
Togo,2017,0.91,Tonnes of CO2-equivalent,Transport
Thailand,2017,74.19,Tonnes of CO2-equivalent,Transport
Tajikistan,2017,1.21,Tonnes of CO2-equivalent,Transport
Turkmenistan,2017,12.31,Tonnes of CO2-equivalent,Transport
Timor-Leste,2017,0.3,Tonnes of CO2-equivalent,Transport
Tonga,2017,0.09,Tonnes of CO2-equivalent,Transport
Trinidad and Tobago,2017,3.12,Tonnes of CO2-equivalent,Transport
Tunisia,2017,7.77,Tonnes of CO2-equivalent,Transport
Turkiye,2017,84.47,Tonnes of CO2-equivalent,Transport
Tuvalu,2017,0.0,Tonnes of CO2-equivalent,Transport
Tanzania,2017,7.34,Tonnes of CO2-equivalent,Transport
Uganda,2017,3.19,Tonnes of CO2-equivalent,Transport
Ukraine,2017,25.92,Tonnes of CO2-equivalent,Transport
Uruguay,2017,3.78,Tonnes of CO2-equivalent,Transport
United States,2017,1780.84,Tonnes of CO2-equivalent,Transport
Uzbekistan,2017,8.96,Tonnes of CO2-equivalent,Transport
St. Vincent and the Grenadines,2017,0.11,Tonnes of CO2-equivalent,Transport
"Venezuela, RB",2017,38.27,Tonnes of CO2-equivalent,Transport
Viet Nam,2017,41.02,Tonnes of CO2-equivalent,Transport
Vanuatu,2017,0.09,Tonnes of CO2-equivalent,Transport
World,2017,8282.11,Tonnes of CO2-equivalent,Transport
Samoa,2017,0.14,Tonnes of CO2-equivalent,Transport
"Yemen, Rep.",2017,2.52,Tonnes of CO2-equivalent,Transport
South Africa,2017,56.84,Tonnes of CO2-equivalent,Transport
Zambia,2017,1.91,Tonnes of CO2-equivalent,Transport
Zimbabwe,2017,2.07,Tonnes of CO2-equivalent,Transport
Afghanistan,2017,3.94,Tonnes of CO2-equivalent,Transport
Angola,2017,6.87,Tonnes of CO2-equivalent,Transport
Albania,2017,2.38,Tonnes of CO2-equivalent,Transport
United Arab Emirates,2017,38.75,Tonnes of CO2-equivalent,Transport
Argentina,2017,48.05,Tonnes of CO2-equivalent,Transport
Armenia,2017,1.75,Tonnes of CO2-equivalent,Transport
Antigua and Barbuda,2017,0.22,Tonnes of CO2-equivalent,Transport
Australia,2017,97.48,Tonnes of CO2-equivalent,Transport
Austria,2017,25.16,Tonnes of CO2-equivalent,Transport
Azerbaijan,2017,7.92,Tonnes of CO2-equivalent,Transport
Burundi,2017,0.43,Tonnes of CO2-equivalent,Transport
Belgium,2017,25.82,Tonnes of CO2-equivalent,Transport
Benin,2017,6.16,Tonnes of CO2-equivalent,Transport
Burkina Faso,2017,2.8,Tonnes of CO2-equivalent,Transport
Bangladesh,2017,11.48,Tonnes of CO2-equivalent,Transport
Bulgaria,2017,9.43,Tonnes of CO2-equivalent,Transport
Bahrain,2017,3.82,Tonnes of CO2-equivalent,Transport
"Bahamas, The",2017,0.54,Tonnes of CO2-equivalent,Transport
Bosnia and Herzegovina,2017,3.85,Tonnes of CO2-equivalent,Transport
Belarus,2017,11.55,Tonnes of CO2-equivalent,Transport
Belize,2017,0.48,Tonnes of CO2-equivalent,Transport
Bolivia,2017,10.61,Tonnes of CO2-equivalent,Transport
Brazil,2017,207.54,Tonnes of CO2-equivalent,Transport
Barbados,2017,0.43,Tonnes of CO2-equivalent,Transport
Brunei Darussalam,2017,1.37,Tonnes of CO2-equivalent,Transport
Bhutan,2017,0.47,Tonnes of CO2-equivalent,Transport
Botswana,2017,2.37,Tonnes of CO2-equivalent,Transport
Central African Republic,2017,0.2,Tonnes of CO2-equivalent,Transport
Canada,2017,179.8,Tonnes of CO2-equivalent,Transport
Switzerland,2017,16.17,Tonnes of CO2-equivalent,Transport
Chile,2017,28.02,Tonnes of CO2-equivalent,Transport
China,2017,901.3,Tonnes of CO2-equivalent,Transport
Cote d'Ivoire,2017,3.66,Tonnes of CO2-equivalent,Transport
Cameroon,2017,3.27,Tonnes of CO2-equivalent,Transport
"Congo, Dem. Rep.",2017,2.19,Tonnes of CO2-equivalent,Transport
"Congo, Rep.",2017,1.35,Tonnes of CO2-equivalent,Transport
Cook Islands,2017,0.06,Tonnes of CO2-equivalent,Transport
Colombia,2017,30.16,Tonnes of CO2-equivalent,Transport
Comoros,2017,0.15,Tonnes of CO2-equivalent,Transport
Cabo Verde,2017,0.24,Tonnes of CO2-equivalent,Transport
Costa Rica,2017,6.02,Tonnes of CO2-equivalent,Transport
Cuba,2017,1.68,Tonnes of CO2-equivalent,Transport
Cyprus,2017,2.06,Tonnes of CO2-equivalent,Transport
Czechia,2017,19.04,Tonnes of CO2-equivalent,Transport
Germany,2017,167.86,Tonnes of CO2-equivalent,Transport
Djibouti,2017,0.14,Tonnes of CO2-equivalent,Transport
Dominica,2017,0.05,Tonnes of CO2-equivalent,Transport
Denmark,2017,12.49,Tonnes of CO2-equivalent,Transport
Dominican Republic,2017,6.69,Tonnes of CO2-equivalent,Transport
Algeria,2017,45.69,Tonnes of CO2-equivalent,Transport
Ecuador,2017,18.65,Tonnes of CO2-equivalent,Transport
"Egypt, Arab Rep.",2017,57.06,Tonnes of CO2-equivalent,Transport
Eritrea,2017,0.2,Tonnes of CO2-equivalent,Transport
Spain,2017,93.27,Tonnes of CO2-equivalent,Transport
Estonia,2017,2.49,Tonnes of CO2-equivalent,Transport
Ethiopia,2017,6.2,Tonnes of CO2-equivalent,Transport
European Union,2017,826.52,Tonnes of CO2-equivalent,Transport
Finland,2017,11.66,Tonnes of CO2-equivalent,Transport
Fiji,2017,0.67,Tonnes of CO2-equivalent,Transport
France,2017,131.84,Tonnes of CO2-equivalent,Transport
"Micronesia, Fed. Sts.",2017,0.08,Tonnes of CO2-equivalent,Transport
Gabon,2017,0.21,Tonnes of CO2-equivalent,Transport
United Kingdom,2017,125.16,Tonnes of CO2-equivalent,Transport
Georgia,2017,3.98,Tonnes of CO2-equivalent,Transport
Ghana,2017,7.28,Tonnes of CO2-equivalent,Transport
Guinea,2017,1.7,Tonnes of CO2-equivalent,Transport
"Gambia, The",2017,0.08,Tonnes of CO2-equivalent,Transport
Guinea-Bissau,2017,0.11,Tonnes of CO2-equivalent,Transport
Equatorial Guinea,2017,0.52,Tonnes of CO2-equivalent,Transport
Greece,2017,17.34,Tonnes of CO2-equivalent,Transport
Grenada,2017,0.1,Tonnes of CO2-equivalent,Transport
Guatemala,2017,8.42,Tonnes of CO2-equivalent,Transport
Guyana,2017,0.79,Tonnes of CO2-equivalent,Transport
Honduras,2017,4.01,Tonnes of CO2-equivalent,Transport
Croatia,2017,6.72,Tonnes of CO2-equivalent,Transport
Haiti,2017,1.48,Tonnes of CO2-equivalent,Transport
Hungary,2017,13.06,Tonnes of CO2-equivalent,Transport
Indonesia,2017,139.06,Tonnes of CO2-equivalent,Transport
India,2017,298.71,Tonnes of CO2-equivalent,Transport
Ireland,2017,11.97,Tonnes of CO2-equivalent,Transport
"Iran, Islamic Rep.",2017,138.86,Tonnes of CO2-equivalent,Transport
Iraq,2017,28.49,Tonnes of CO2-equivalent,Transport
Iceland,2017,1.01,Tonnes of CO2-equivalent,Transport
Israel,2017,18.43,Tonnes of CO2-equivalent,Transport
Italy,2017,99.99,Tonnes of CO2-equivalent,Transport
Jamaica,2017,2.02,Tonnes of CO2-equivalent,Transport
Jordan,2017,9.36,Tonnes of CO2-equivalent,Transport
Japan,2017,212.61,Tonnes of CO2-equivalent,Transport
Kazakhstan,2017,15.93,Tonnes of CO2-equivalent,Transport
Kenya,2017,8.81,Tonnes of CO2-equivalent,Transport
Kyrgyz Republic,2017,1.88,Tonnes of CO2-equivalent,Transport
Cambodia,2017,4.96,Tonnes of CO2-equivalent,Transport
Kiribati,2017,0.03,Tonnes of CO2-equivalent,Transport
St. Kitts and Nevis,2017,0.08,Tonnes of CO2-equivalent,Transport
"Korea, Rep.",2017,106.04,Tonnes of CO2-equivalent,Transport
Kuwait,2017,15.45,Tonnes of CO2-equivalent,Transport
Lao PDR,2017,3.1,Tonnes of CO2-equivalent,Transport
Lebanon,2017,9.6,Tonnes of CO2-equivalent,Transport
Liberia,2017,0.28,Tonnes of CO2-equivalent,Transport
Libya,2017,17.73,Tonnes of CO2-equivalent,Transport
St. Lucia,2017,0.22,Tonnes of CO2-equivalent,Transport
Sri Lanka,2017,10.72,Tonnes of CO2-equivalent,Transport
Lesotho,2017,0.5,Tonnes of CO2-equivalent,Transport
Lithuania,2017,5.83,Tonnes of CO2-equivalent,Transport
Luxembourg,2017,5.82,Tonnes of CO2-equivalent,Transport
Latvia,2017,3.32,Tonnes of CO2-equivalent,Transport
Morocco,2017,18.02,Tonnes of CO2-equivalent,Transport
Moldova,2017,2.11,Tonnes of CO2-equivalent,Transport
Madagascar,2017,1.26,Tonnes of CO2-equivalent,Transport
Maldives,2017,0.87,Tonnes of CO2-equivalent,Transport
Mexico,2017,155.99,Tonnes of CO2-equivalent,Transport
Marshall Islands,2017,0.09,Tonnes of CO2-equivalent,Transport
North Macedonia,2017,2.18,Tonnes of CO2-equivalent,Transport
Mali,2017,2.76,Tonnes of CO2-equivalent,Transport
Malta,2017,0.63,Tonnes of CO2-equivalent,Transport
Myanmar,2017,6.21,Tonnes of CO2-equivalent,Transport
Montenegro,2017,0.72,Tonnes of CO2-equivalent,Transport
Mongolia,2017,2.22,Tonnes of CO2-equivalent,Transport
Mozambique,2017,3.35,Tonnes of CO2-equivalent,Transport
Mauritania,2017,0.0,Tonnes of CO2-equivalent,Transport
Mauritius,2017,1.15,Tonnes of CO2-equivalent,Transport
Malawi,2017,0.93,Tonnes of CO2-equivalent,Transport
Malaysia,2017,62.37,Tonnes of CO2-equivalent,Transport
Namibia,2017,2.09,Tonnes of CO2-equivalent,Transport
Niger,2017,0.98,Tonnes of CO2-equivalent,Transport
Nigeria,2017,52.88,Tonnes of CO2-equivalent,Transport
Nicaragua,2017,2.39,Tonnes of CO2-equivalent,Transport
Niue,2017,0.0,Tonnes of CO2-equivalent,Transport
Netherlands,2017,30.62,Tonnes of CO2-equivalent,Transport
Norway,2017,14.32,Tonnes of CO2-equivalent,Transport
Nepal,2017,3.83,Tonnes of CO2-equivalent,Transport
Nauru,2017,0.02,Tonnes of CO2-equivalent,Transport
New Zealand,2017,16.06,Tonnes of CO2-equivalent,Transport
Oman,2017,12.67,Tonnes of CO2-equivalent,Transport
Pakistan,2017,55.41,Tonnes of CO2-equivalent,Transport
Panama,2017,4.99,Tonnes of CO2-equivalent,Transport
Peru,2017,24.13,Tonnes of CO2-equivalent,Transport
Philippines,2017,35.32,Tonnes of CO2-equivalent,Transport
Palau,2017,0.14,Tonnes of CO2-equivalent,Transport
Papua New Guinea,2017,1.75,Tonnes of CO2-equivalent,Transport
Poland,2017,63.01,Tonnes of CO2-equivalent,Transport
"Korea, Dem. People's Rep.",2017,5.46,Tonnes of CO2-equivalent,Transport
Portugal,2017,17.1,Tonnes of CO2-equivalent,Transport
Paraguay,2017,7.45,Tonnes of CO2-equivalent,Transport
Qatar,2017,13.78,Tonnes of CO2-equivalent,Transport
Romania,2017,18.06,Tonnes of CO2-equivalent,Transport
Russian Federation,2017,251.39,Tonnes of CO2-equivalent,Transport
Rwanda,2017,0.58,Tonnes of CO2-equivalent,Transport
Saudi Arabia,2017,146.64,Tonnes of CO2-equivalent,Transport
Sudan,2017,11.33,Tonnes of CO2-equivalent,Transport
Senegal,2017,2.68,Tonnes of CO2-equivalent,Transport
Singapore,2017,6.79,Tonnes of CO2-equivalent,Transport
Solomon Islands,2017,0.19,Tonnes of CO2-equivalent,Transport
Sierra Leone,2017,0.68,Tonnes of CO2-equivalent,Transport
El Salvador,2017,3.46,Tonnes of CO2-equivalent,Transport
Somalia,2017,0.14,Tonnes of CO2-equivalent,Transport
Serbia,2017,6.41,Tonnes of CO2-equivalent,Transport
South Sudan,2017,0.75,Tonnes of CO2-equivalent,Transport
Sao Tome and Principe,2017,0.05,Tonnes of CO2-equivalent,Transport
Suriname,2017,0.85,Tonnes of CO2-equivalent,Transport
Slovak Republic,2017,7.99,Tonnes of CO2-equivalent,Transport
Slovenia,2017,5.9,Tonnes of CO2-equivalent,Transport
Sweden,2017,18.05,Tonnes of CO2-equivalent,Transport
Eswatini,2017,0.65,Tonnes of CO2-equivalent,Transport
Seychelles,2017,0.16,Tonnes of CO2-equivalent,Transport
Syrian Arab Republic,2017,5.16,Tonnes of CO2-equivalent,Transport
Chad,2017,0.81,Tonnes of CO2-equivalent,Transport
Togo,2017,0.91,Tonnes of CO2-equivalent,Transport
Thailand,2017,74.19,Tonnes of CO2-equivalent,Transport
Tajikistan,2017,1.21,Tonnes of CO2-equivalent,Transport
Turkmenistan,2017,12.31,Tonnes of CO2-equivalent,Transport
Timor-Leste,2017,0.3,Tonnes of CO2-equivalent,Transport
Tonga,2017,0.09,Tonnes of CO2-equivalent,Transport
Trinidad and Tobago,2017,3.12,Tonnes of CO2-equivalent,Transport
Tunisia,2017,7.77,Tonnes of CO2-equivalent,Transport
Turkiye,2017,84.47,Tonnes of CO2-equivalent,Transport
Tuvalu,2017,0.0,Tonnes of CO2-equivalent,Transport
Tanzania,2017,7.34,Tonnes of CO2-equivalent,Transport
Uganda,2017,3.19,Tonnes of CO2-equivalent,Transport
Ukraine,2017,25.92,Tonnes of CO2-equivalent,Transport
Uruguay,2017,3.78,Tonnes of CO2-equivalent,Transport
United States,2017,1780.84,Tonnes of CO2-equivalent,Transport
Uzbekistan,2017,8.96,Tonnes of CO2-equivalent,Transport
St. Vincent and the Grenadines,2017,0.11,Tonnes of CO2-equivalent,Transport
"Venezuela, RB",2017,38.27,Tonnes of CO2-equivalent,Transport
Viet Nam,2017,41.02,Tonnes of CO2-equivalent,Transport
Vanuatu,2017,0.09,Tonnes of CO2-equivalent,Transport
World,2017,8282.11,Tonnes of CO2-equivalent,Transport
Samoa,2017,0.14,Tonnes of CO2-equivalent,Transport
"Yemen, Rep.",2017,2.52,Tonnes of CO2-equivalent,Transport
South Africa,2017,56.84,Tonnes of CO2-equivalent,Transport
Zambia,2017,1.91,Tonnes of CO2-equivalent,Transport
Zimbabwe,2017,2.07,Tonnes of CO2-equivalent,Transport
Afghanistan,2016,3.31,Tonnes of CO2-equivalent,Transport
Angola,2016,8.09,Tonnes of CO2-equivalent,Transport
Albania,2016,2.37,Tonnes of CO2-equivalent,Transport
United Arab Emirates,2016,35.62,Tonnes of CO2-equivalent,Transport
Argentina,2016,46.8,Tonnes of CO2-equivalent,Transport
Armenia,2016,1.65,Tonnes of CO2-equivalent,Transport
Antigua and Barbuda,2016,0.22,Tonnes of CO2-equivalent,Transport
Australia,2016,95.86,Tonnes of CO2-equivalent,Transport
Austria,2016,24.62,Tonnes of CO2-equivalent,Transport
Azerbaijan,2016,6.58,Tonnes of CO2-equivalent,Transport
Burundi,2016,0.37,Tonnes of CO2-equivalent,Transport
Belgium,2016,26.41,Tonnes of CO2-equivalent,Transport
Benin,2016,5.96,Tonnes of CO2-equivalent,Transport
Burkina Faso,2016,2.21,Tonnes of CO2-equivalent,Transport
Bangladesh,2016,10.3,Tonnes of CO2-equivalent,Transport
Bulgaria,2016,9.28,Tonnes of CO2-equivalent,Transport
Bahrain,2016,3.7,Tonnes of CO2-equivalent,Transport
"Bahamas, The",2016,0.5,Tonnes of CO2-equivalent,Transport
Bosnia and Herzegovina,2016,3.69,Tonnes of CO2-equivalent,Transport
Belarus,2016,11.08,Tonnes of CO2-equivalent,Transport
Belize,2016,0.5,Tonnes of CO2-equivalent,Transport
Bolivia,2016,9.94,Tonnes of CO2-equivalent,Transport
Brazil,2016,206.17,Tonnes of CO2-equivalent,Transport
Barbados,2016,0.42,Tonnes of CO2-equivalent,Transport
Brunei Darussalam,2016,1.38,Tonnes of CO2-equivalent,Transport
Bhutan,2016,0.43,Tonnes of CO2-equivalent,Transport
Botswana,2016,2.33,Tonnes of CO2-equivalent,Transport
Central African Republic,2016,0.19,Tonnes of CO2-equivalent,Transport
Canada,2016,175.59,Tonnes of CO2-equivalent,Transport
Switzerland,2016,16.47,Tonnes of CO2-equivalent,Transport
Chile,2016,27.01,Tonnes of CO2-equivalent,Transport
China,2016,868.04,Tonnes of CO2-equivalent,Transport
Cote d'Ivoire,2016,3.94,Tonnes of CO2-equivalent,Transport
Cameroon,2016,3.34,Tonnes of CO2-equivalent,Transport
"Congo, Dem. Rep.",2016,1.94,Tonnes of CO2-equivalent,Transport
"Congo, Rep.",2016,1.51,Tonnes of CO2-equivalent,Transport
Cook Islands,2016,0.05,Tonnes of CO2-equivalent,Transport
Colombia,2016,30.16,Tonnes of CO2-equivalent,Transport
Comoros,2016,0.13,Tonnes of CO2-equivalent,Transport
Cabo Verde,2016,0.22,Tonnes of CO2-equivalent,Transport
Costa Rica,2016,5.9,Tonnes of CO2-equivalent,Transport
Cuba,2016,1.53,Tonnes of CO2-equivalent,Transport
Cyprus,2016,1.99,Tonnes of CO2-equivalent,Transport
Czechia,2016,18.49,Tonnes of CO2-equivalent,Transport
Germany,2016,165.35,Tonnes of CO2-equivalent,Transport
Djibouti,2016,0.14,Tonnes of CO2-equivalent,Transport
Dominica,2016,0.06,Tonnes of CO2-equivalent,Transport
Denmark,2016,12.51,Tonnes of CO2-equivalent,Transport
Dominican Republic,2016,6.81,Tonnes of CO2-equivalent,Transport
Algeria,2016,46.21,Tonnes of CO2-equivalent,Transport
Ecuador,2016,17.53,Tonnes of CO2-equivalent,Transport
"Egypt, Arab Rep.",2016,58.77,Tonnes of CO2-equivalent,Transport
Eritrea,2016,0.2,Tonnes of CO2-equivalent,Transport
Spain,2016,90.32,Tonnes of CO2-equivalent,Transport
Estonia,2016,2.4,Tonnes of CO2-equivalent,Transport
Ethiopia,2016,5.85,Tonnes of CO2-equivalent,Transport
European Union,2016,811.27,Tonnes of CO2-equivalent,Transport
Finland,2016,12.22,Tonnes of CO2-equivalent,Transport
Fiji,2016,0.62,Tonnes of CO2-equivalent,Transport
France,2016,131.21,Tonnes of CO2-equivalent,Transport
"Micronesia, Fed. Sts.",2016,0.08,Tonnes of CO2-equivalent,Transport
Gabon,2016,0.85,Tonnes of CO2-equivalent,Transport
United Kingdom,2016,124.7,Tonnes of CO2-equivalent,Transport
Georgia,2016,4.42,Tonnes of CO2-equivalent,Transport
Ghana,2016,7.51,Tonnes of CO2-equivalent,Transport
Guinea,2016,1.42,Tonnes of CO2-equivalent,Transport
"Gambia, The",2016,0.08,Tonnes of CO2-equivalent,Transport
Guinea-Bissau,2016,0.11,Tonnes of CO2-equivalent,Transport
Equatorial Guinea,2016,0.64,Tonnes of CO2-equivalent,Transport
Greece,2016,17.62,Tonnes of CO2-equivalent,Transport
Grenada,2016,0.1,Tonnes of CO2-equivalent,Transport
Guatemala,2016,8.15,Tonnes of CO2-equivalent,Transport
Guyana,2016,0.78,Tonnes of CO2-equivalent,Transport
Honduras,2016,4.12,Tonnes of CO2-equivalent,Transport
Croatia,2016,6.24,Tonnes of CO2-equivalent,Transport
Haiti,2016,1.46,Tonnes of CO2-equivalent,Transport
Hungary,2016,12.28,Tonnes of CO2-equivalent,Transport
Indonesia,2016,132.02,Tonnes of CO2-equivalent,Transport
India,2016,276.28,Tonnes of CO2-equivalent,Transport
Ireland,2016,12.23,Tonnes of CO2-equivalent,Transport
"Iran, Islamic Rep.",2016,134.1,Tonnes of CO2-equivalent,Transport
Iraq,2016,25.19,Tonnes of CO2-equivalent,Transport
Iceland,2016,0.95,Tonnes of CO2-equivalent,Transport
Israel,2016,17.95,Tonnes of CO2-equivalent,Transport
Italy,2016,104.16,Tonnes of CO2-equivalent,Transport
Jamaica,2016,1.86,Tonnes of CO2-equivalent,Transport
Jordan,2016,8.51,Tonnes of CO2-equivalent,Transport
Japan,2016,214.52,Tonnes of CO2-equivalent,Transport
Kazakhstan,2016,16.55,Tonnes of CO2-equivalent,Transport
Kenya,2016,9.01,Tonnes of CO2-equivalent,Transport
Kyrgyz Republic,2016,3.38,Tonnes of CO2-equivalent,Transport
Cambodia,2016,4.66,Tonnes of CO2-equivalent,Transport
Kiribati,2016,0.02,Tonnes of CO2-equivalent,Transport
St. Kitts and Nevis,2016,0.08,Tonnes of CO2-equivalent,Transport
"Korea, Rep.",2016,103.85,Tonnes of CO2-equivalent,Transport
Kuwait,2016,14.61,Tonnes of CO2-equivalent,Transport
Lao PDR,2016,3.05,Tonnes of CO2-equivalent,Transport
Lebanon,2016,9.12,Tonnes of CO2-equivalent,Transport
Liberia,2016,0.31,Tonnes of CO2-equivalent,Transport
Libya,2016,18.8,Tonnes of CO2-equivalent,Transport
St. Lucia,2016,0.21,Tonnes of CO2-equivalent,Transport
Sri Lanka,2016,11.57,Tonnes of CO2-equivalent,Transport
Lesotho,2016,0.5,Tonnes of CO2-equivalent,Transport
Lithuania,2016,5.57,Tonnes of CO2-equivalent,Transport
Luxembourg,2016,5.71,Tonnes of CO2-equivalent,Transport
Latvia,2016,3.17,Tonnes of CO2-equivalent,Transport
Morocco,2016,17.37,Tonnes of CO2-equivalent,Transport
Moldova,2016,2.09,Tonnes of CO2-equivalent,Transport
Madagascar,2016,1.24,Tonnes of CO2-equivalent,Transport
Maldives,2016,0.84,Tonnes of CO2-equivalent,Transport
Mexico,2016,160.63,Tonnes of CO2-equivalent,Transport
Marshall Islands,2016,0.09,Tonnes of CO2-equivalent,Transport
North Macedonia,2016,2.1,Tonnes of CO2-equivalent,Transport
Mali,2016,2.64,Tonnes of CO2-equivalent,Transport
Malta,2016,0.6,Tonnes of CO2-equivalent,Transport
Myanmar,2016,4.64,Tonnes of CO2-equivalent,Transport
Montenegro,2016,0.67,Tonnes of CO2-equivalent,Transport
Mongolia,2016,1.85,Tonnes of CO2-equivalent,Transport
Mozambique,2016,3.54,Tonnes of CO2-equivalent,Transport
Mauritania,2016,0.0,Tonnes of CO2-equivalent,Transport
Mauritius,2016,1.12,Tonnes of CO2-equivalent,Transport
Malawi,2016,0.78,Tonnes of CO2-equivalent,Transport
Malaysia,2016,64.73,Tonnes of CO2-equivalent,Transport
Namibia,2016,2.12,Tonnes of CO2-equivalent,Transport
Niger,2016,1.11,Tonnes of CO2-equivalent,Transport
Nigeria,2016,52.83,Tonnes of CO2-equivalent,Transport
Nicaragua,2016,2.25,Tonnes of CO2-equivalent,Transport
Niue,2016,0.0,Tonnes of CO2-equivalent,Transport
Netherlands,2016,29.75,Tonnes of CO2-equivalent,Transport
Norway,2016,15.1,Tonnes of CO2-equivalent,Transport
Nepal,2016,3.11,Tonnes of CO2-equivalent,Transport
Nauru,2016,0.02,Tonnes of CO2-equivalent,Transport
New Zealand,2016,15.08,Tonnes of CO2-equivalent,Transport
Oman,2016,12.78,Tonnes of CO2-equivalent,Transport
Pakistan,2016,50.57,Tonnes of CO2-equivalent,Transport
Panama,2016,4.83,Tonnes of CO2-equivalent,Transport
Peru,2016,23.78,Tonnes of CO2-equivalent,Transport
Philippines,2016,34.16,Tonnes of CO2-equivalent,Transport
Palau,2016,0.13,Tonnes of CO2-equivalent,Transport
Papua New Guinea,2016,1.72,Tonnes of CO2-equivalent,Transport
Poland,2016,54.53,Tonnes of CO2-equivalent,Transport
"Korea, Dem. People's Rep.",2016,1.48,Tonnes of CO2-equivalent,Transport
Portugal,2016,16.74,Tonnes of CO2-equivalent,Transport
Paraguay,2016,6.57,Tonnes of CO2-equivalent,Transport
Qatar,2016,13.5,Tonnes of CO2-equivalent,Transport
Romania,2016,16.9,Tonnes of CO2-equivalent,Transport
Russian Federation,2016,245.4,Tonnes of CO2-equivalent,Transport
Rwanda,2016,0.58,Tonnes of CO2-equivalent,Transport
Saudi Arabia,2016,150.21,Tonnes of CO2-equivalent,Transport
Sudan,2016,11.28,Tonnes of CO2-equivalent,Transport
Senegal,2016,3.02,Tonnes of CO2-equivalent,Transport
Singapore,2016,7.57,Tonnes of CO2-equivalent,Transport
Solomon Islands,2016,0.19,Tonnes of CO2-equivalent,Transport
Sierra Leone,2016,0.71,Tonnes of CO2-equivalent,Transport
El Salvador,2016,3.53,Tonnes of CO2-equivalent,Transport
Somalia,2016,0.14,Tonnes of CO2-equivalent,Transport
Serbia,2016,6.14,Tonnes of CO2-equivalent,Transport
South Sudan,2016,0.96,Tonnes of CO2-equivalent,Transport
Sao Tome and Principe,2016,0.05,Tonnes of CO2-equivalent,Transport
Suriname,2016,1.03,Tonnes of CO2-equivalent,Transport
Slovak Republic,2016,6.91,Tonnes of CO2-equivalent,Transport
Slovenia,2016,5.77,Tonnes of CO2-equivalent,Transport
Sweden,2016,18.26,Tonnes of CO2-equivalent,Transport
Eswatini,2016,0.56,Tonnes of CO2-equivalent,Transport
Seychelles,2016,0.13,Tonnes of CO2-equivalent,Transport
Syrian Arab Republic,2016,5.28,Tonnes of CO2-equivalent,Transport
Chad,2016,0.93,Tonnes of CO2-equivalent,Transport
Togo,2016,0.63,Tonnes of CO2-equivalent,Transport
Thailand,2016,67.81,Tonnes of CO2-equivalent,Transport
Tajikistan,2016,1.32,Tonnes of CO2-equivalent,Transport
Turkmenistan,2016,12.35,Tonnes of CO2-equivalent,Transport
Timor-Leste,2016,0.35,Tonnes of CO2-equivalent,Transport
Tonga,2016,0.08,Tonnes of CO2-equivalent,Transport
Trinidad and Tobago,2016,3.11,Tonnes of CO2-equivalent,Transport
Tunisia,2016,7.23,Tonnes of CO2-equivalent,Transport
Turkiye,2016,80.7,Tonnes of CO2-equivalent,Transport
Tuvalu,2016,0.0,Tonnes of CO2-equivalent,Transport
Tanzania,2016,7.81,Tonnes of CO2-equivalent,Transport
Uganda,2016,3.03,Tonnes of CO2-equivalent,Transport
Ukraine,2016,24.84,Tonnes of CO2-equivalent,Transport
Uruguay,2016,3.62,Tonnes of CO2-equivalent,Transport
United States,2016,1768.3,Tonnes of CO2-equivalent,Transport
Uzbekistan,2016,8.3,Tonnes of CO2-equivalent,Transport
St. Vincent and the Grenadines,2016,0.13,Tonnes of CO2-equivalent,Transport
"Venezuela, RB",2016,41.79,Tonnes of CO2-equivalent,Transport
Viet Nam,2016,37.68,Tonnes of CO2-equivalent,Transport
Vanuatu,2016,0.11,Tonnes of CO2-equivalent,Transport
World,2016,8085.22,Tonnes of CO2-equivalent,Transport
Samoa,2016,0.14,Tonnes of CO2-equivalent,Transport
"Yemen, Rep.",2016,2.67,Tonnes of CO2-equivalent,Transport
South Africa,2016,52.26,Tonnes of CO2-equivalent,Transport
Zambia,2016,2.13,Tonnes of CO2-equivalent,Transport
Zimbabwe,2016,1.91,Tonnes of CO2-equivalent,Transport
Afghanistan,2016,3.31,Tonnes of CO2-equivalent,Transport
Angola,2016,8.09,Tonnes of CO2-equivalent,Transport
Albania,2016,2.37,Tonnes of CO2-equivalent,Transport
United Arab Emirates,2016,35.62,Tonnes of CO2-equivalent,Transport
Argentina,2016,46.8,Tonnes of CO2-equivalent,Transport
Armenia,2016,1.65,Tonnes of CO2-equivalent,Transport
Antigua and Barbuda,2016,0.22,Tonnes of CO2-equivalent,Transport
Australia,2016,95.86,Tonnes of CO2-equivalent,Transport
Austria,2016,24.62,Tonnes of CO2-equivalent,Transport
Azerbaijan,2016,6.58,Tonnes of CO2-equivalent,Transport
Burundi,2016,0.37,Tonnes of CO2-equivalent,Transport
Belgium,2016,26.41,Tonnes of CO2-equivalent,Transport
Benin,2016,5.96,Tonnes of CO2-equivalent,Transport
Burkina Faso,2016,2.21,Tonnes of CO2-equivalent,Transport
Bangladesh,2016,10.3,Tonnes of CO2-equivalent,Transport
Bulgaria,2016,9.28,Tonnes of CO2-equivalent,Transport
Bahrain,2016,3.7,Tonnes of CO2-equivalent,Transport
"Bahamas, The",2016,0.5,Tonnes of CO2-equivalent,Transport
Bosnia and Herzegovina,2016,3.69,Tonnes of CO2-equivalent,Transport
Belarus,2016,11.08,Tonnes of CO2-equivalent,Transport
Belize,2016,0.5,Tonnes of CO2-equivalent,Transport
Bolivia,2016,9.94,Tonnes of CO2-equivalent,Transport
Brazil,2016,206.17,Tonnes of CO2-equivalent,Transport
Barbados,2016,0.42,Tonnes of CO2-equivalent,Transport
Brunei Darussalam,2016,1.38,Tonnes of CO2-equivalent,Transport
Bhutan,2016,0.43,Tonnes of CO2-equivalent,Transport
Botswana,2016,2.33,Tonnes of CO2-equivalent,Transport
Central African Republic,2016,0.19,Tonnes of CO2-equivalent,Transport
Canada,2016,175.59,Tonnes of CO2-equivalent,Transport
Switzerland,2016,16.47,Tonnes of CO2-equivalent,Transport
Chile,2016,27.01,Tonnes of CO2-equivalent,Transport
China,2016,868.04,Tonnes of CO2-equivalent,Transport
Cote d'Ivoire,2016,3.94,Tonnes of CO2-equivalent,Transport
Cameroon,2016,3.34,Tonnes of CO2-equivalent,Transport
"Congo, Dem. Rep.",2016,1.94,Tonnes of CO2-equivalent,Transport
"Congo, Rep.",2016,1.51,Tonnes of CO2-equivalent,Transport
Cook Islands,2016,0.05,Tonnes of CO2-equivalent,Transport
Colombia,2016,30.16,Tonnes of CO2-equivalent,Transport
Comoros,2016,0.13,Tonnes of CO2-equivalent,Transport
Cabo Verde,2016,0.22,Tonnes of CO2-equivalent,Transport
Costa Rica,2016,5.9,Tonnes of CO2-equivalent,Transport
Cuba,2016,1.53,Tonnes of CO2-equivalent,Transport
Cyprus,2016,1.99,Tonnes of CO2-equivalent,Transport
Czechia,2016,18.49,Tonnes of CO2-equivalent,Transport
Germany,2016,165.35,Tonnes of CO2-equivalent,Transport
Djibouti,2016,0.14,Tonnes of CO2-equivalent,Transport
Dominica,2016,0.06,Tonnes of CO2-equivalent,Transport
Denmark,2016,12.51,Tonnes of CO2-equivalent,Transport
Dominican Republic,2016,6.81,Tonnes of CO2-equivalent,Transport
Algeria,2016,46.21,Tonnes of CO2-equivalent,Transport
Ecuador,2016,17.53,Tonnes of CO2-equivalent,Transport
"Egypt, Arab Rep.",2016,58.77,Tonnes of CO2-equivalent,Transport
Eritrea,2016,0.2,Tonnes of CO2-equivalent,Transport
Spain,2016,90.32,Tonnes of CO2-equivalent,Transport
Estonia,2016,2.4,Tonnes of CO2-equivalent,Transport
Ethiopia,2016,5.85,Tonnes of CO2-equivalent,Transport
European Union,2016,811.27,Tonnes of CO2-equivalent,Transport
Finland,2016,12.22,Tonnes of CO2-equivalent,Transport
Fiji,2016,0.62,Tonnes of CO2-equivalent,Transport
France,2016,131.21,Tonnes of CO2-equivalent,Transport
"Micronesia, Fed. Sts.",2016,0.08,Tonnes of CO2-equivalent,Transport
Gabon,2016,0.85,Tonnes of CO2-equivalent,Transport
United Kingdom,2016,124.7,Tonnes of CO2-equivalent,Transport
Georgia,2016,4.42,Tonnes of CO2-equivalent,Transport
Ghana,2016,7.51,Tonnes of CO2-equivalent,Transport
Guinea,2016,1.42,Tonnes of CO2-equivalent,Transport
"Gambia, The",2016,0.08,Tonnes of CO2-equivalent,Transport
Guinea-Bissau,2016,0.11,Tonnes of CO2-equivalent,Transport
Equatorial Guinea,2016,0.64,Tonnes of CO2-equivalent,Transport
Greece,2016,17.62,Tonnes of CO2-equivalent,Transport
Grenada,2016,0.1,Tonnes of CO2-equivalent,Transport
Guatemala,2016,8.15,Tonnes of CO2-equivalent,Transport
Guyana,2016,0.78,Tonnes of CO2-equivalent,Transport
Honduras,2016,4.12,Tonnes of CO2-equivalent,Transport
Croatia,2016,6.24,Tonnes of CO2-equivalent,Transport
Haiti,2016,1.46,Tonnes of CO2-equivalent,Transport
Hungary,2016,12.28,Tonnes of CO2-equivalent,Transport
Indonesia,2016,132.02,Tonnes of CO2-equivalent,Transport
India,2016,276.28,Tonnes of CO2-equivalent,Transport
Ireland,2016,12.23,Tonnes of CO2-equivalent,Transport
"Iran, Islamic Rep.",2016,134.1,Tonnes of CO2-equivalent,Transport
Iraq,2016,25.19,Tonnes of CO2-equivalent,Transport
Iceland,2016,0.95,Tonnes of CO2-equivalent,Transport
Israel,2016,17.95,Tonnes of CO2-equivalent,Transport
Italy,2016,104.16,Tonnes of CO2-equivalent,Transport
Jamaica,2016,1.86,Tonnes of CO2-equivalent,Transport
Jordan,2016,8.51,Tonnes of CO2-equivalent,Transport
Japan,2016,214.52,Tonnes of CO2-equivalent,Transport
Kazakhstan,2016,16.55,Tonnes of CO2-equivalent,Transport
Kenya,2016,9.01,Tonnes of CO2-equivalent,Transport
Kyrgyz Republic,2016,3.38,Tonnes of CO2-equivalent,Transport
Cambodia,2016,4.66,Tonnes of CO2-equivalent,Transport
Kiribati,2016,0.02,Tonnes of CO2-equivalent,Transport
St. Kitts and Nevis,2016,0.08,Tonnes of CO2-equivalent,Transport
"Korea, Rep.",2016,103.85,Tonnes of CO2-equivalent,Transport
Kuwait,2016,14.61,Tonnes of CO2-equivalent,Transport
Lao PDR,2016,3.05,Tonnes of CO2-equivalent,Transport
Lebanon,2016,9.12,Tonnes of CO2-equivalent,Transport
Liberia,2016,0.31,Tonnes of CO2-equivalent,Transport
Libya,2016,18.8,Tonnes of CO2-equivalent,Transport
St. Lucia,2016,0.21,Tonnes of CO2-equivalent,Transport
Sri Lanka,2016,11.57,Tonnes of CO2-equivalent,Transport
Lesotho,2016,0.5,Tonnes of CO2-equivalent,Transport
Lithuania,2016,5.57,Tonnes of CO2-equivalent,Transport
Luxembourg,2016,5.71,Tonnes of CO2-equivalent,Transport
Latvia,2016,3.17,Tonnes of CO2-equivalent,Transport
Morocco,2016,17.37,Tonnes of CO2-equivalent,Transport
Moldova,2016,2.09,Tonnes of CO2-equivalent,Transport
Madagascar,2016,1.24,Tonnes of CO2-equivalent,Transport
Maldives,2016,0.84,Tonnes of CO2-equivalent,Transport
Mexico,2016,160.63,Tonnes of CO2-equivalent,Transport
Marshall Islands,2016,0.09,Tonnes of CO2-equivalent,Transport
North Macedonia,2016,2.1,Tonnes of CO2-equivalent,Transport
Mali,2016,2.64,Tonnes of CO2-equivalent,Transport
Malta,2016,0.6,Tonnes of CO2-equivalent,Transport
Myanmar,2016,4.64,Tonnes of CO2-equivalent,Transport
Montenegro,2016,0.67,Tonnes of CO2-equivalent,Transport
Mongolia,2016,1.85,Tonnes of CO2-equivalent,Transport
Mozambique,2016,3.54,Tonnes of CO2-equivalent,Transport
Mauritania,2016,0.0,Tonnes of CO2-equivalent,Transport
Mauritius,2016,1.12,Tonnes of CO2-equivalent,Transport
Malawi,2016,0.78,Tonnes of CO2-equivalent,Transport
Malaysia,2016,64.73,Tonnes of CO2-equivalent,Transport
Namibia,2016,2.12,Tonnes of CO2-equivalent,Transport
Niger,2016,1.11,Tonnes of CO2-equivalent,Transport
Nigeria,2016,52.83,Tonnes of CO2-equivalent,Transport
Nicaragua,2016,2.25,Tonnes of CO2-equivalent,Transport
Niue,2016,0.0,Tonnes of CO2-equivalent,Transport
Netherlands,2016,29.75,Tonnes of CO2-equivalent,Transport
Norway,2016,15.1,Tonnes of CO2-equivalent,Transport
Nepal,2016,3.11,Tonnes of CO2-equivalent,Transport
Nauru,2016,0.02,Tonnes of CO2-equivalent,Transport
New Zealand,2016,15.08,Tonnes of CO2-equivalent,Transport
Oman,2016,12.78,Tonnes of CO2-equivalent,Transport
Pakistan,2016,50.57,Tonnes of CO2-equivalent,Transport
Panama,2016,4.83,Tonnes of CO2-equivalent,Transport
Peru,2016,23.78,Tonnes of CO2-equivalent,Transport
Philippines,2016,34.16,Tonnes of CO2-equivalent,Transport
Palau,2016,0.13,Tonnes of CO2-equivalent,Transport
Papua New Guinea,2016,1.72,Tonnes of CO2-equivalent,Transport
Poland,2016,54.53,Tonnes of CO2-equivalent,Transport
"Korea, Dem. People's Rep.",2016,1.48,Tonnes of CO2-equivalent,Transport
Portugal,2016,16.74,Tonnes of CO2-equivalent,Transport
Paraguay,2016,6.57,Tonnes of CO2-equivalent,Transport
Qatar,2016,13.5,Tonnes of CO2-equivalent,Transport
Romania,2016,16.9,Tonnes of CO2-equivalent,Transport
Russian Federation,2016,245.4,Tonnes of CO2-equivalent,Transport
Rwanda,2016,0.58,Tonnes of CO2-equivalent,Transport
Saudi Arabia,2016,150.21,Tonnes of CO2-equivalent,Transport
Sudan,2016,11.28,Tonnes of CO2-equivalent,Transport
Senegal,2016,3.02,Tonnes of CO2-equivalent,Transport
Singapore,2016,7.57,Tonnes of CO2-equivalent,Transport
Solomon Islands,2016,0.19,Tonnes of CO2-equivalent,Transport
Sierra Leone,2016,0.71,Tonnes of CO2-equivalent,Transport
El Salvador,2016,3.53,Tonnes of CO2-equivalent,Transport
Somalia,2016,0.14,Tonnes of CO2-equivalent,Transport
Serbia,2016,6.14,Tonnes of CO2-equivalent,Transport
South Sudan,2016,0.96,Tonnes of CO2-equivalent,Transport
Sao Tome and Principe,2016,0.05,Tonnes of CO2-equivalent,Transport
Suriname,2016,1.03,Tonnes of CO2-equivalent,Transport
Slovak Republic,2016,6.91,Tonnes of CO2-equivalent,Transport
Slovenia,2016,5.77,Tonnes of CO2-equivalent,Transport
Sweden,2016,18.26,Tonnes of CO2-equivalent,Transport
Eswatini,2016,0.56,Tonnes of CO2-equivalent,Transport
Seychelles,2016,0.13,Tonnes of CO2-equivalent,Transport
Syrian Arab Republic,2016,5.28,Tonnes of CO2-equivalent,Transport
Chad,2016,0.93,Tonnes of CO2-equivalent,Transport
Togo,2016,0.63,Tonnes of CO2-equivalent,Transport
Thailand,2016,67.81,Tonnes of CO2-equivalent,Transport
Tajikistan,2016,1.32,Tonnes of CO2-equivalent,Transport
Turkmenistan,2016,12.35,Tonnes of CO2-equivalent,Transport
Timor-Leste,2016,0.35,Tonnes of CO2-equivalent,Transport
Tonga,2016,0.08,Tonnes of CO2-equivalent,Transport
Trinidad and Tobago,2016,3.11,Tonnes of CO2-equivalent,Transport
Tunisia,2016,7.23,Tonnes of CO2-equivalent,Transport
Turkiye,2016,80.7,Tonnes of CO2-equivalent,Transport
Tuvalu,2016,0.0,Tonnes of CO2-equivalent,Transport
Tanzania,2016,7.81,Tonnes of CO2-equivalent,Transport
Uganda,2016,3.03,Tonnes of CO2-equivalent,Transport
Ukraine,2016,24.84,Tonnes of CO2-equivalent,Transport
Uruguay,2016,3.62,Tonnes of CO2-equivalent,Transport
United States,2016,1768.3,Tonnes of CO2-equivalent,Transport
Uzbekistan,2016,8.3,Tonnes of CO2-equivalent,Transport
St. Vincent and the Grenadines,2016,0.13,Tonnes of CO2-equivalent,Transport
"Venezuela, RB",2016,41.79,Tonnes of CO2-equivalent,Transport
Viet Nam,2016,37.68,Tonnes of CO2-equivalent,Transport
Vanuatu,2016,0.11,Tonnes of CO2-equivalent,Transport
World,2016,8085.22,Tonnes of CO2-equivalent,Transport
Samoa,2016,0.14,Tonnes of CO2-equivalent,Transport
"Yemen, Rep.",2016,2.67,Tonnes of CO2-equivalent,Transport
South Africa,2016,52.26,Tonnes of CO2-equivalent,Transport
Zambia,2016,2.13,Tonnes of CO2-equivalent,Transport
Zimbabwe,2016,1.91,Tonnes of CO2-equivalent,Transport
Afghanistan,2015,4.3,Tonnes of CO2-equivalent,Transport
Angola,2015,8.17,Tonnes of CO2-equivalent,Transport
Albania,2015,2.5,Tonnes of CO2-equivalent,Transport
United Arab Emirates,2015,31.76,Tonnes of CO2-equivalent,Transport
Argentina,2015,47.82,Tonnes of CO2-equivalent,Transport
Armenia,2015,1.73,Tonnes of CO2-equivalent,Transport
Antigua and Barbuda,2015,0.21,Tonnes of CO2-equivalent,Transport
Australia,2015,94.5,Tonnes of CO2-equivalent,Transport
Austria,2015,23.8,Tonnes of CO2-equivalent,Transport
Azerbaijan,2015,6.98,Tonnes of CO2-equivalent,Transport
Burundi,2015,0.33,Tonnes of CO2-equivalent,Transport
Belgium,2015,26.67,Tonnes of CO2-equivalent,Transport
Benin,2015,4.7,Tonnes of CO2-equivalent,Transport
Burkina Faso,2015,1.88,Tonnes of CO2-equivalent,Transport
Bangladesh,2015,9.71,Tonnes of CO2-equivalent,Transport
Bulgaria,2015,9.16,Tonnes of CO2-equivalent,Transport
Bahrain,2015,3.62,Tonnes of CO2-equivalent,Transport
"Bahamas, The",2015,0.51,Tonnes of CO2-equivalent,Transport
Bosnia and Herzegovina,2015,3.17,Tonnes of CO2-equivalent,Transport
Belarus,2015,10.66,Tonnes of CO2-equivalent,Transport
Belize,2015,0.53,Tonnes of CO2-equivalent,Transport
Bolivia,2015,9.44,Tonnes of CO2-equivalent,Transport
Brazil,2015,207.97,Tonnes of CO2-equivalent,Transport
Barbados,2015,0.42,Tonnes of CO2-equivalent,Transport
Brunei Darussalam,2015,1.4,Tonnes of CO2-equivalent,Transport
Bhutan,2015,0.41,Tonnes of CO2-equivalent,Transport
Botswana,2015,2.37,Tonnes of CO2-equivalent,Transport
Central African Republic,2015,0.16,Tonnes of CO2-equivalent,Transport
Canada,2015,176.49,Tonnes of CO2-equivalent,Transport
Switzerland,2015,16.62,Tonnes of CO2-equivalent,Transport
Chile,2015,25.82,Tonnes of CO2-equivalent,Transport
China,2015,850.57,Tonnes of CO2-equivalent,Transport
Cote d'Ivoire,2015,3.24,Tonnes of CO2-equivalent,Transport
Cameroon,2015,3.25,Tonnes of CO2-equivalent,Transport
"Congo, Dem. Rep.",2015,2.73,Tonnes of CO2-equivalent,Transport
"Congo, Rep.",2015,1.77,Tonnes of CO2-equivalent,Transport
Cook Islands,2015,0.05,Tonnes of CO2-equivalent,Transport
Colombia,2015,28.89,Tonnes of CO2-equivalent,Transport
Comoros,2015,0.11,Tonnes of CO2-equivalent,Transport
Cabo Verde,2015,0.23,Tonnes of CO2-equivalent,Transport
Costa Rica,2015,5.45,Tonnes of CO2-equivalent,Transport
Cuba,2015,1.53,Tonnes of CO2-equivalent,Transport
Cyprus,2015,1.87,Tonnes of CO2-equivalent,Transport
Czechia,2015,17.79,Tonnes of CO2-equivalent,Transport
Germany,2015,161.86,Tonnes of CO2-equivalent,Transport
Djibouti,2015,0.11,Tonnes of CO2-equivalent,Transport
Dominica,2015,0.06,Tonnes of CO2-equivalent,Transport
Denmark,2015,12.35,Tonnes of CO2-equivalent,Transport
Dominican Republic,2015,6.3,Tonnes of CO2-equivalent,Transport
Algeria,2015,47.45,Tonnes of CO2-equivalent,Transport
Ecuador,2015,17.34,Tonnes of CO2-equivalent,Transport
"Egypt, Arab Rep.",2015,56.3,Tonnes of CO2-equivalent,Transport
Eritrea,2015,0.2,Tonnes of CO2-equivalent,Transport
Spain,2015,87.03,Tonnes of CO2-equivalent,Transport
Estonia,2015,2.35,Tonnes of CO2-equivalent,Transport
Ethiopia,2015,4.81,Tonnes of CO2-equivalent,Transport
European Union,2015,791.97,Tonnes of CO2-equivalent,Transport
Finland,2015,11.07,Tonnes of CO2-equivalent,Transport
Fiji,2015,0.62,Tonnes of CO2-equivalent,Transport
France,2015,130.67,Tonnes of CO2-equivalent,Transport
"Micronesia, Fed. Sts.",2015,0.08,Tonnes of CO2-equivalent,Transport
Gabon,2015,0.83,Tonnes of CO2-equivalent,Transport
United Kingdom,2015,121.86,Tonnes of CO2-equivalent,Transport
Georgia,2015,3.89,Tonnes of CO2-equivalent,Transport
Ghana,2015,8.12,Tonnes of CO2-equivalent,Transport
Guinea,2015,1.36,Tonnes of CO2-equivalent,Transport
"Gambia, The",2015,0.08,Tonnes of CO2-equivalent,Transport
Guinea-Bissau,2015,0.11,Tonnes of CO2-equivalent,Transport
Equatorial Guinea,2015,0.62,Tonnes of CO2-equivalent,Transport
Greece,2015,17.14,Tonnes of CO2-equivalent,Transport
Grenada,2015,0.1,Tonnes of CO2-equivalent,Transport
Guatemala,2015,7.5,Tonnes of CO2-equivalent,Transport
Guyana,2015,0.7,Tonnes of CO2-equivalent,Transport
Honduras,2015,3.99,Tonnes of CO2-equivalent,Transport
Croatia,2015,6.03,Tonnes of CO2-equivalent,Transport
Haiti,2015,1.44,Tonnes of CO2-equivalent,Transport
Hungary,2015,12.25,Tonnes of CO2-equivalent,Transport
Indonesia,2015,135.6,Tonnes of CO2-equivalent,Transport
India,2015,264.4,Tonnes of CO2-equivalent,Transport
Ireland,2015,11.56,Tonnes of CO2-equivalent,Transport
"Iran, Islamic Rep.",2015,143.08,Tonnes of CO2-equivalent,Transport
Iraq,2015,24.66,Tonnes of CO2-equivalent,Transport
Iceland,2015,0.87,Tonnes of CO2-equivalent,Transport
Israel,2015,17.37,Tonnes of CO2-equivalent,Transport
Italy,2015,105.55,Tonnes of CO2-equivalent,Transport
Jamaica,2015,1.7,Tonnes of CO2-equivalent,Transport
Jordan,2015,8.03,Tonnes of CO2-equivalent,Transport
Japan,2015,217.03,Tonnes of CO2-equivalent,Transport
Kazakhstan,2015,15.89,Tonnes of CO2-equivalent,Transport
Kenya,2015,8.19,Tonnes of CO2-equivalent,Transport
Kyrgyz Republic,2015,2.75,Tonnes of CO2-equivalent,Transport
Cambodia,2015,4.21,Tonnes of CO2-equivalent,Transport
Kiribati,2015,0.02,Tonnes of CO2-equivalent,Transport
St. Kitts and Nevis,2015,0.07,Tonnes of CO2-equivalent,Transport
"Korea, Rep.",2015,100.86,Tonnes of CO2-equivalent,Transport
Kuwait,2015,14.43,Tonnes of CO2-equivalent,Transport
Lao PDR,2015,2.4,Tonnes of CO2-equivalent,Transport
Lebanon,2015,8.59,Tonnes of CO2-equivalent,Transport
Liberia,2015,0.34,Tonnes of CO2-equivalent,Transport
Libya,2015,15.6,Tonnes of CO2-equivalent,Transport
St. Lucia,2015,0.21,Tonnes of CO2-equivalent,Transport
Sri Lanka,2015,9.45,Tonnes of CO2-equivalent,Transport
Lesotho,2015,0.47,Tonnes of CO2-equivalent,Transport
Lithuania,2015,5.18,Tonnes of CO2-equivalent,Transport
Luxembourg,2015,5.89,Tonnes of CO2-equivalent,Transport
Latvia,2015,3.15,Tonnes of CO2-equivalent,Transport
Morocco,2015,16.69,Tonnes of CO2-equivalent,Transport
Moldova,2015,1.99,Tonnes of CO2-equivalent,Transport
Madagascar,2015,1.2,Tonnes of CO2-equivalent,Transport
Maldives,2015,0.71,Tonnes of CO2-equivalent,Transport
Mexico,2015,155.09,Tonnes of CO2-equivalent,Transport
Marshall Islands,2015,0.09,Tonnes of CO2-equivalent,Transport
North Macedonia,2015,1.83,Tonnes of CO2-equivalent,Transport
Mali,2015,1.24,Tonnes of CO2-equivalent,Transport
Malta,2015,0.6,Tonnes of CO2-equivalent,Transport
Myanmar,2015,4.53,Tonnes of CO2-equivalent,Transport
Montenegro,2015,0.57,Tonnes of CO2-equivalent,Transport
Mongolia,2015,2.11,Tonnes of CO2-equivalent,Transport
Mozambique,2015,3.21,Tonnes of CO2-equivalent,Transport
Mauritania,2015,0.0,Tonnes of CO2-equivalent,Transport
Mauritius,2015,1.06,Tonnes of CO2-equivalent,Transport
Malawi,2015,0.64,Tonnes of CO2-equivalent,Transport
Malaysia,2015,62.99,Tonnes of CO2-equivalent,Transport
Namibia,2015,2.12,Tonnes of CO2-equivalent,Transport
Niger,2015,1.24,Tonnes of CO2-equivalent,Transport
Nigeria,2015,46.14,Tonnes of CO2-equivalent,Transport
Nicaragua,2015,2.18,Tonnes of CO2-equivalent,Transport
Niue,2015,0.0,Tonnes of CO2-equivalent,Transport
Netherlands,2015,29.6,Tonnes of CO2-equivalent,Transport
Norway,2015,15.55,Tonnes of CO2-equivalent,Transport
Nepal,2015,1.85,Tonnes of CO2-equivalent,Transport
Nauru,2015,0.01,Tonnes of CO2-equivalent,Transport
New Zealand,2015,14.77,Tonnes of CO2-equivalent,Transport
Oman,2015,13.6,Tonnes of CO2-equivalent,Transport
Pakistan,2015,45.35,Tonnes of CO2-equivalent,Transport
Panama,2015,4.47,Tonnes of CO2-equivalent,Transport
Peru,2015,21.72,Tonnes of CO2-equivalent,Transport
Philippines,2015,31.58,Tonnes of CO2-equivalent,Transport
Palau,2015,0.14,Tonnes of CO2-equivalent,Transport
Papua New Guinea,2015,1.7,Tonnes of CO2-equivalent,Transport
Poland,2015,47.84,Tonnes of CO2-equivalent,Transport
"Korea, Dem. People's Rep.",2015,1.44,Tonnes of CO2-equivalent,Transport
Portugal,2015,16.17,Tonnes of CO2-equivalent,Transport
Paraguay,2015,5.62,Tonnes of CO2-equivalent,Transport
Qatar,2015,13.09,Tonnes of CO2-equivalent,Transport
Romania,2015,15.8,Tonnes of CO2-equivalent,Transport
Russian Federation,2015,245.94,Tonnes of CO2-equivalent,Transport
Rwanda,2015,0.64,Tonnes of CO2-equivalent,Transport
Saudi Arabia,2015,150.72,Tonnes of CO2-equivalent,Transport
Sudan,2015,9.9,Tonnes of CO2-equivalent,Transport
Senegal,2015,2.77,Tonnes of CO2-equivalent,Transport
Singapore,2015,7.38,Tonnes of CO2-equivalent,Transport
Solomon Islands,2015,0.19,Tonnes of CO2-equivalent,Transport
Sierra Leone,2015,0.68,Tonnes of CO2-equivalent,Transport
El Salvador,2015,3.38,Tonnes of CO2-equivalent,Transport
Somalia,2015,0.13,Tonnes of CO2-equivalent,Transport
Serbia,2015,6.0,Tonnes of CO2-equivalent,Transport
South Sudan,2015,1.04,Tonnes of CO2-equivalent,Transport
Sao Tome and Principe,2015,0.05,Tonnes of CO2-equivalent,Transport
Suriname,2015,0.7,Tonnes of CO2-equivalent,Transport
Slovak Republic,2015,6.13,Tonnes of CO2-equivalent,Transport
Slovenia,2015,5.4,Tonnes of CO2-equivalent,Transport
Sweden,2015,19.05,Tonnes of CO2-equivalent,Transport
Eswatini,2015,0.63,Tonnes of CO2-equivalent,Transport
Seychelles,2015,0.11,Tonnes of CO2-equivalent,Transport
Syrian Arab Republic,2015,5.86,Tonnes of CO2-equivalent,Transport
Chad,2015,1.02,Tonnes of CO2-equivalent,Transport
Togo,2015,0.73,Tonnes of CO2-equivalent,Transport
Thailand,2015,63.73,Tonnes of CO2-equivalent,Transport
Tajikistan,2015,1.37,Tonnes of CO2-equivalent,Transport
Turkmenistan,2015,11.98,Tonnes of CO2-equivalent,Transport
Timor-Leste,2015,0.23,Tonnes of CO2-equivalent,Transport
Tonga,2015,0.07,Tonnes of CO2-equivalent,Transport
Trinidad and Tobago,2015,3.46,Tonnes of CO2-equivalent,Transport
Tunisia,2015,6.87,Tonnes of CO2-equivalent,Transport
Turkiye,2015,73.95,Tonnes of CO2-equivalent,Transport
Tuvalu,2015,0.0,Tonnes of CO2-equivalent,Transport
Tanzania,2015,6.68,Tonnes of CO2-equivalent,Transport
Uganda,2015,2.82,Tonnes of CO2-equivalent,Transport
Ukraine,2015,23.59,Tonnes of CO2-equivalent,Transport
Uruguay,2015,3.55,Tonnes of CO2-equivalent,Transport
United States,2015,1756.19,Tonnes of CO2-equivalent,Transport
Uzbekistan,2015,8.23,Tonnes of CO2-equivalent,Transport
St. Vincent and the Grenadines,2015,0.12,Tonnes of CO2-equivalent,Transport
"Venezuela, RB",2015,47.64,Tonnes of CO2-equivalent,Transport
Viet Nam,2015,33.99,Tonnes of CO2-equivalent,Transport
Vanuatu,2015,0.1,Tonnes of CO2-equivalent,Transport
World,2015,7932.04,Tonnes of CO2-equivalent,Transport
Samoa,2015,0.13,Tonnes of CO2-equivalent,Transport
"Yemen, Rep.",2015,3.23,Tonnes of CO2-equivalent,Transport
South Africa,2015,54.94,Tonnes of CO2-equivalent,Transport
Zambia,2015,2.16,Tonnes of CO2-equivalent,Transport
Zimbabwe,2015,2.41,Tonnes of CO2-equivalent,Transport
Afghanistan,2015,4.3,Tonnes of CO2-equivalent,Transport
Angola,2015,8.17,Tonnes of CO2-equivalent,Transport
Albania,2015,2.5,Tonnes of CO2-equivalent,Transport
United Arab Emirates,2015,31.76,Tonnes of CO2-equivalent,Transport
Argentina,2015,47.82,Tonnes of CO2-equivalent,Transport
Armenia,2015,1.73,Tonnes of CO2-equivalent,Transport
Antigua and Barbuda,2015,0.21,Tonnes of CO2-equivalent,Transport
Australia,2015,94.5,Tonnes of CO2-equivalent,Transport
Austria,2015,23.8,Tonnes of CO2-equivalent,Transport
Azerbaijan,2015,6.98,Tonnes of CO2-equivalent,Transport
Burundi,2015,0.33,Tonnes of CO2-equivalent,Transport
Belgium,2015,26.67,Tonnes of CO2-equivalent,Transport
Benin,2015,4.7,Tonnes of CO2-equivalent,Transport
Burkina Faso,2015,1.88,Tonnes of CO2-equivalent,Transport
Bangladesh,2015,9.71,Tonnes of CO2-equivalent,Transport
Bulgaria,2015,9.16,Tonnes of CO2-equivalent,Transport
Bahrain,2015,3.62,Tonnes of CO2-equivalent,Transport
"Bahamas, The",2015,0.51,Tonnes of CO2-equivalent,Transport
Bosnia and Herzegovina,2015,3.17,Tonnes of CO2-equivalent,Transport
Belarus,2015,10.66,Tonnes of CO2-equivalent,Transport
Belize,2015,0.53,Tonnes of CO2-equivalent,Transport
Bolivia,2015,9.44,Tonnes of CO2-equivalent,Transport
Brazil,2015,207.97,Tonnes of CO2-equivalent,Transport
Barbados,2015,0.42,Tonnes of CO2-equivalent,Transport
Brunei Darussalam,2015,1.4,Tonnes of CO2-equivalent,Transport
Bhutan,2015,0.41,Tonnes of CO2-equivalent,Transport
Botswana,2015,2.37,Tonnes of CO2-equivalent,Transport
Central African Republic,2015,0.16,Tonnes of CO2-equivalent,Transport
Canada,2015,176.49,Tonnes of CO2-equivalent,Transport
Switzerland,2015,16.62,Tonnes of CO2-equivalent,Transport
Chile,2015,25.82,Tonnes of CO2-equivalent,Transport
China,2015,850.57,Tonnes of CO2-equivalent,Transport
Cote d'Ivoire,2015,3.24,Tonnes of CO2-equivalent,Transport
Cameroon,2015,3.25,Tonnes of CO2-equivalent,Transport
"Congo, Dem. Rep.",2015,2.73,Tonnes of CO2-equivalent,Transport
"Congo, Rep.",2015,1.77,Tonnes of CO2-equivalent,Transport
Cook Islands,2015,0.05,Tonnes of CO2-equivalent,Transport
Colombia,2015,28.89,Tonnes of CO2-equivalent,Transport
Comoros,2015,0.11,Tonnes of CO2-equivalent,Transport
Cabo Verde,2015,0.23,Tonnes of CO2-equivalent,Transport
Costa Rica,2015,5.45,Tonnes of CO2-equivalent,Transport
Cuba,2015,1.53,Tonnes of CO2-equivalent,Transport
Cyprus,2015,1.87,Tonnes of CO2-equivalent,Transport
Czechia,2015,17.79,Tonnes of CO2-equivalent,Transport
Germany,2015,161.86,Tonnes of CO2-equivalent,Transport
Djibouti,2015,0.11,Tonnes of CO2-equivalent,Transport
Dominica,2015,0.06,Tonnes of CO2-equivalent,Transport
Denmark,2015,12.35,Tonnes of CO2-equivalent,Transport
Dominican Republic,2015,6.3,Tonnes of CO2-equivalent,Transport
Algeria,2015,47.45,Tonnes of CO2-equivalent,Transport
Ecuador,2015,17.34,Tonnes of CO2-equivalent,Transport
"Egypt, Arab Rep.",2015,56.3,Tonnes of CO2-equivalent,Transport
Eritrea,2015,0.2,Tonnes of CO2-equivalent,Transport
Spain,2015,87.03,Tonnes of CO2-equivalent,Transport
Estonia,2015,2.35,Tonnes of CO2-equivalent,Transport
Ethiopia,2015,4.81,Tonnes of CO2-equivalent,Transport
European Union,2015,791.97,Tonnes of CO2-equivalent,Transport
Finland,2015,11.07,Tonnes of CO2-equivalent,Transport
Fiji,2015,0.62,Tonnes of CO2-equivalent,Transport
France,2015,130.67,Tonnes of CO2-equivalent,Transport
"Micronesia, Fed. Sts.",2015,0.08,Tonnes of CO2-equivalent,Transport
Gabon,2015,0.83,Tonnes of CO2-equivalent,Transport
United Kingdom,2015,121.86,Tonnes of CO2-equivalent,Transport
Georgia,2015,3.89,Tonnes of CO2-equivalent,Transport
Ghana,2015,8.12,Tonnes of CO2-equivalent,Transport
Guinea,2015,1.36,Tonnes of CO2-equivalent,Transport
"Gambia, The",2015,0.08,Tonnes of CO2-equivalent,Transport
Guinea-Bissau,2015,0.11,Tonnes of CO2-equivalent,Transport
Equatorial Guinea,2015,0.62,Tonnes of CO2-equivalent,Transport
Greece,2015,17.14,Tonnes of CO2-equivalent,Transport
Grenada,2015,0.1,Tonnes of CO2-equivalent,Transport
Guatemala,2015,7.5,Tonnes of CO2-equivalent,Transport
Guyana,2015,0.7,Tonnes of CO2-equivalent,Transport
Honduras,2015,3.99,Tonnes of CO2-equivalent,Transport
Croatia,2015,6.03,Tonnes of CO2-equivalent,Transport
Haiti,2015,1.44,Tonnes of CO2-equivalent,Transport
Hungary,2015,12.25,Tonnes of CO2-equivalent,Transport
Indonesia,2015,135.6,Tonnes of CO2-equivalent,Transport
India,2015,264.4,Tonnes of CO2-equivalent,Transport
Ireland,2015,11.56,Tonnes of CO2-equivalent,Transport
"Iran, Islamic Rep.",2015,143.08,Tonnes of CO2-equivalent,Transport
Iraq,2015,24.66,Tonnes of CO2-equivalent,Transport
Iceland,2015,0.87,Tonnes of CO2-equivalent,Transport
Israel,2015,17.37,Tonnes of CO2-equivalent,Transport
Italy,2015,105.55,Tonnes of CO2-equivalent,Transport
Jamaica,2015,1.7,Tonnes of CO2-equivalent,Transport
Jordan,2015,8.03,Tonnes of CO2-equivalent,Transport
Japan,2015,217.03,Tonnes of CO2-equivalent,Transport
Kazakhstan,2015,15.89,Tonnes of CO2-equivalent,Transport
Kenya,2015,8.19,Tonnes of CO2-equivalent,Transport
Kyrgyz Republic,2015,2.75,Tonnes of CO2-equivalent,Transport
Cambodia,2015,4.21,Tonnes of CO2-equivalent,Transport
Kiribati,2015,0.02,Tonnes of CO2-equivalent,Transport
St. Kitts and Nevis,2015,0.07,Tonnes of CO2-equivalent,Transport
"Korea, Rep.",2015,100.86,Tonnes of CO2-equivalent,Transport
Kuwait,2015,14.43,Tonnes of CO2-equivalent,Transport
Lao PDR,2015,2.4,Tonnes of CO2-equivalent,Transport
Lebanon,2015,8.59,Tonnes of CO2-equivalent,Transport
Liberia,2015,0.34,Tonnes of CO2-equivalent,Transport
Libya,2015,15.6,Tonnes of CO2-equivalent,Transport
St. Lucia,2015,0.21,Tonnes of CO2-equivalent,Transport
Sri Lanka,2015,9.45,Tonnes of CO2-equivalent,Transport
Lesotho,2015,0.47,Tonnes of CO2-equivalent,Transport
Lithuania,2015,5.18,Tonnes of CO2-equivalent,Transport
Luxembourg,2015,5.89,Tonnes of CO2-equivalent,Transport
Latvia,2015,3.15,Tonnes of CO2-equivalent,Transport
Morocco,2015,16.69,Tonnes of CO2-equivalent,Transport
Moldova,2015,1.99,Tonnes of CO2-equivalent,Transport
Madagascar,2015,1.2,Tonnes of CO2-equivalent,Transport
Maldives,2015,0.71,Tonnes of CO2-equivalent,Transport
Mexico,2015,155.09,Tonnes of CO2-equivalent,Transport
Marshall Islands,2015,0.09,Tonnes of CO2-equivalent,Transport
North Macedonia,2015,1.83,Tonnes of CO2-equivalent,Transport
Mali,2015,1.24,Tonnes of CO2-equivalent,Transport
Malta,2015,0.6,Tonnes of CO2-equivalent,Transport
Myanmar,2015,4.53,Tonnes of CO2-equivalent,Transport
Montenegro,2015,0.57,Tonnes of CO2-equivalent,Transport
Mongolia,2015,2.11,Tonnes of CO2-equivalent,Transport
Mozambique,2015,3.21,Tonnes of CO2-equivalent,Transport
Mauritania,2015,0.0,Tonnes of CO2-equivalent,Transport
Mauritius,2015,1.06,Tonnes of CO2-equivalent,Transport
Malawi,2015,0.64,Tonnes of CO2-equivalent,Transport
Malaysia,2015,62.99,Tonnes of CO2-equivalent,Transport
Namibia,2015,2.12,Tonnes of CO2-equivalent,Transport
Niger,2015,1.24,Tonnes of CO2-equivalent,Transport
Nigeria,2015,46.14,Tonnes of CO2-equivalent,Transport
Nicaragua,2015,2.18,Tonnes of CO2-equivalent,Transport
Niue,2015,0.0,Tonnes of CO2-equivalent,Transport
Netherlands,2015,29.6,Tonnes of CO2-equivalent,Transport
Norway,2015,15.55,Tonnes of CO2-equivalent,Transport
Nepal,2015,1.85,Tonnes of CO2-equivalent,Transport
Nauru,2015,0.01,Tonnes of CO2-equivalent,Transport
New Zealand,2015,14.77,Tonnes of CO2-equivalent,Transport
Oman,2015,13.6,Tonnes of CO2-equivalent,Transport
Pakistan,2015,45.35,Tonnes of CO2-equivalent,Transport
Panama,2015,4.47,Tonnes of CO2-equivalent,Transport
Peru,2015,21.72,Tonnes of CO2-equivalent,Transport
Philippines,2015,31.58,Tonnes of CO2-equivalent,Transport
Palau,2015,0.14,Tonnes of CO2-equivalent,Transport
Papua New Guinea,2015,1.7,Tonnes of CO2-equivalent,Transport
Poland,2015,47.84,Tonnes of CO2-equivalent,Transport
"Korea, Dem. People's Rep.",2015,1.44,Tonnes of CO2-equivalent,Transport
Portugal,2015,16.17,Tonnes of CO2-equivalent,Transport
Paraguay,2015,5.62,Tonnes of CO2-equivalent,Transport
Qatar,2015,13.09,Tonnes of CO2-equivalent,Transport
Romania,2015,15.8,Tonnes of CO2-equivalent,Transport
Russian Federation,2015,245.94,Tonnes of CO2-equivalent,Transport
Rwanda,2015,0.64,Tonnes of CO2-equivalent,Transport
Saudi Arabia,2015,150.72,Tonnes of CO2-equivalent,Transport
Sudan,2015,9.9,Tonnes of CO2-equivalent,Transport
Senegal,2015,2.77,Tonnes of CO2-equivalent,Transport
Singapore,2015,7.38,Tonnes of CO2-equivalent,Transport
Solomon Islands,2015,0.19,Tonnes of CO2-equivalent,Transport
Sierra Leone,2015,0.68,Tonnes of CO2-equivalent,Transport
El Salvador,2015,3.38,Tonnes of CO2-equivalent,Transport
Somalia,2015,0.13,Tonnes of CO2-equivalent,Transport
Serbia,2015,6.0,Tonnes of CO2-equivalent,Transport
South Sudan,2015,1.04,Tonnes of CO2-equivalent,Transport
Sao Tome and Principe,2015,0.05,Tonnes of CO2-equivalent,Transport
Suriname,2015,0.7,Tonnes of CO2-equivalent,Transport
Slovak Republic,2015,6.13,Tonnes of CO2-equivalent,Transport
Slovenia,2015,5.4,Tonnes of CO2-equivalent,Transport
Sweden,2015,19.05,Tonnes of CO2-equivalent,Transport
Eswatini,2015,0.63,Tonnes of CO2-equivalent,Transport
Seychelles,2015,0.11,Tonnes of CO2-equivalent,Transport
Syrian Arab Republic,2015,5.86,Tonnes of CO2-equivalent,Transport
Chad,2015,1.02,Tonnes of CO2-equivalent,Transport
Togo,2015,0.73,Tonnes of CO2-equivalent,Transport
Thailand,2015,63.73,Tonnes of CO2-equivalent,Transport
Tajikistan,2015,1.37,Tonnes of CO2-equivalent,Transport
Turkmenistan,2015,11.98,Tonnes of CO2-equivalent,Transport
Timor-Leste,2015,0.23,Tonnes of CO2-equivalent,Transport
Tonga,2015,0.07,Tonnes of CO2-equivalent,Transport
Trinidad and Tobago,2015,3.46,Tonnes of CO2-equivalent,Transport
Tunisia,2015,6.87,Tonnes of CO2-equivalent,Transport
Turkiye,2015,73.95,Tonnes of CO2-equivalent,Transport
Tuvalu,2015,0.0,Tonnes of CO2-equivalent,Transport
Tanzania,2015,6.68,Tonnes of CO2-equivalent,Transport
Uganda,2015,2.82,Tonnes of CO2-equivalent,Transport
Ukraine,2015,23.59,Tonnes of CO2-equivalent,Transport
Uruguay,2015,3.55,Tonnes of CO2-equivalent,Transport
United States,2015,1756.19,Tonnes of CO2-equivalent,Transport
Uzbekistan,2015,8.23,Tonnes of CO2-equivalent,Transport
St. Vincent and the Grenadines,2015,0.12,Tonnes of CO2-equivalent,Transport
"Venezuela, RB",2015,47.64,Tonnes of CO2-equivalent,Transport
Viet Nam,2015,33.99,Tonnes of CO2-equivalent,Transport
Vanuatu,2015,0.1,Tonnes of CO2-equivalent,Transport
World,2015,7932.04,Tonnes of CO2-equivalent,Transport
Samoa,2015,0.13,Tonnes of CO2-equivalent,Transport
"Yemen, Rep.",2015,3.23,Tonnes of CO2-equivalent,Transport
South Africa,2015,54.94,Tonnes of CO2-equivalent,Transport
Zambia,2015,2.16,Tonnes of CO2-equivalent,Transport
Zimbabwe,2015,2.41,Tonnes of CO2-equivalent,Transport
Afghanistan,2014,3.53,Tonnes of CO2-equivalent,Transport
Angola,2014,8.13,Tonnes of CO2-equivalent,Transport
Albania,2014,2.53,Tonnes of CO2-equivalent,Transport
United Arab Emirates,2014,36.57,Tonnes of CO2-equivalent,Transport
Argentina,2014,45.52,Tonnes of CO2-equivalent,Transport
Armenia,2014,1.78,Tonnes of CO2-equivalent,Transport
Antigua and Barbuda,2014,0.21,Tonnes of CO2-equivalent,Transport
Australia,2014,94.59,Tonnes of CO2-equivalent,Transport
Austria,2014,23.27,Tonnes of CO2-equivalent,Transport
Azerbaijan,2014,7.75,Tonnes of CO2-equivalent,Transport
Burundi,2014,0.31,Tonnes of CO2-equivalent,Transport
Belgium,2014,25.03,Tonnes of CO2-equivalent,Transport
Benin,2014,4.18,Tonnes of CO2-equivalent,Transport
Burkina Faso,2014,1.86,Tonnes of CO2-equivalent,Transport
Bangladesh,2014,9.26,Tonnes of CO2-equivalent,Transport
Bulgaria,2014,8.34,Tonnes of CO2-equivalent,Transport
Bahrain,2014,3.47,Tonnes of CO2-equivalent,Transport
"Bahamas, The",2014,0.49,Tonnes of CO2-equivalent,Transport
Bosnia and Herzegovina,2014,3.04,Tonnes of CO2-equivalent,Transport
Belarus,2014,11.9,Tonnes of CO2-equivalent,Transport
Belize,2014,0.4,Tonnes of CO2-equivalent,Transport
Bolivia,2014,9.07,Tonnes of CO2-equivalent,Transport
Brazil,2014,222.13,Tonnes of CO2-equivalent,Transport
Barbados,2014,0.41,Tonnes of CO2-equivalent,Transport
Brunei Darussalam,2014,1.39,Tonnes of CO2-equivalent,Transport
Bhutan,2014,0.39,Tonnes of CO2-equivalent,Transport
Botswana,2014,2.29,Tonnes of CO2-equivalent,Transport
Central African Republic,2014,0.11,Tonnes of CO2-equivalent,Transport
Canada,2014,177.04,Tonnes of CO2-equivalent,Transport
Switzerland,2014,17.36,Tonnes of CO2-equivalent,Transport
Chile,2014,24.15,Tonnes of CO2-equivalent,Transport
China,2014,790.7,Tonnes of CO2-equivalent,Transport
Cote d'Ivoire,2014,2.77,Tonnes of CO2-equivalent,Transport
Cameroon,2014,3.5,Tonnes of CO2-equivalent,Transport
"Congo, Dem. Rep.",2014,4.61,Tonnes of CO2-equivalent,Transport
"Congo, Rep.",2014,2.09,Tonnes of CO2-equivalent,Transport
Cook Islands,2014,0.06,Tonnes of CO2-equivalent,Transport
Colombia,2014,26.71,Tonnes of CO2-equivalent,Transport
Comoros,2014,0.1,Tonnes of CO2-equivalent,Transport
Cabo Verde,2014,0.24,Tonnes of CO2-equivalent,Transport
Costa Rica,2014,5.1,Tonnes of CO2-equivalent,Transport
Cuba,2014,1.43,Tonnes of CO2-equivalent,Transport
Cyprus,2014,1.8,Tonnes of CO2-equivalent,Transport
Czechia,2014,16.98,Tonnes of CO2-equivalent,Transport
Germany,2014,158.85,Tonnes of CO2-equivalent,Transport
Djibouti,2014,0.12,Tonnes of CO2-equivalent,Transport
Dominica,2014,0.06,Tonnes of CO2-equivalent,Transport
Denmark,2014,11.8,Tonnes of CO2-equivalent,Transport
Dominican Republic,2014,5.19,Tonnes of CO2-equivalent,Transport
Algeria,2014,44.48,Tonnes of CO2-equivalent,Transport
Ecuador,2014,16.65,Tonnes of CO2-equivalent,Transport
"Egypt, Arab Rep.",2014,54.86,Tonnes of CO2-equivalent,Transport
Eritrea,2014,0.2,Tonnes of CO2-equivalent,Transport
Spain,2014,83.93,Tonnes of CO2-equivalent,Transport
Estonia,2014,2.29,Tonnes of CO2-equivalent,Transport
Ethiopia,2014,4.32,Tonnes of CO2-equivalent,Transport
European Union,2014,777.16,Tonnes of CO2-equivalent,Transport
Finland,2014,11.08,Tonnes of CO2-equivalent,Transport
Fiji,2014,0.63,Tonnes of CO2-equivalent,Transport
France,2014,129.41,Tonnes of CO2-equivalent,Transport
"Micronesia, Fed. Sts.",2014,0.08,Tonnes of CO2-equivalent,Transport
Gabon,2014,0.85,Tonnes of CO2-equivalent,Transport
United Kingdom,2014,118.7,Tonnes of CO2-equivalent,Transport
Georgia,2014,3.54,Tonnes of CO2-equivalent,Transport
Ghana,2014,7.49,Tonnes of CO2-equivalent,Transport
Guinea,2014,1.19,Tonnes of CO2-equivalent,Transport
"Gambia, The",2014,0.08,Tonnes of CO2-equivalent,Transport
Guinea-Bissau,2014,0.11,Tonnes of CO2-equivalent,Transport
Equatorial Guinea,2014,0.61,Tonnes of CO2-equivalent,Transport
Greece,2014,16.8,Tonnes of CO2-equivalent,Transport
Grenada,2014,0.11,Tonnes of CO2-equivalent,Transport
Guatemala,2014,6.56,Tonnes of CO2-equivalent,Transport
Guyana,2014,0.71,Tonnes of CO2-equivalent,Transport
Honduras,2014,3.37,Tonnes of CO2-equivalent,Transport
Croatia,2014,5.71,Tonnes of CO2-equivalent,Transport
Haiti,2014,1.2,Tonnes of CO2-equivalent,Transport
Hungary,2014,11.24,Tonnes of CO2-equivalent,Transport
Indonesia,2014,140.41,Tonnes of CO2-equivalent,Transport
India,2014,241.81,Tonnes of CO2-equivalent,Transport
Ireland,2014,11.41,Tonnes of CO2-equivalent,Transport
"Iran, Islamic Rep.",2014,145.1,Tonnes of CO2-equivalent,Transport
Iraq,2014,25.74,Tonnes of CO2-equivalent,Transport
Iceland,2014,0.84,Tonnes of CO2-equivalent,Transport
Israel,2014,16.45,Tonnes of CO2-equivalent,Transport
Italy,2014,107.96,Tonnes of CO2-equivalent,Transport
Jamaica,2014,1.74,Tonnes of CO2-equivalent,Transport
Jordan,2014,7.23,Tonnes of CO2-equivalent,Transport
Japan,2014,217.65,Tonnes of CO2-equivalent,Transport
Kazakhstan,2014,14.94,Tonnes of CO2-equivalent,Transport
Kenya,2014,6.65,Tonnes of CO2-equivalent,Transport
Kyrgyz Republic,2014,3.25,Tonnes of CO2-equivalent,Transport
Cambodia,2014,3.82,Tonnes of CO2-equivalent,Transport
Kiribati,2014,0.03,Tonnes of CO2-equivalent,Transport
St. Kitts and Nevis,2014,0.07,Tonnes of CO2-equivalent,Transport
"Korea, Rep.",2014,94.8,Tonnes of CO2-equivalent,Transport
Kuwait,2014,13.72,Tonnes of CO2-equivalent,Transport
Lao PDR,2014,2.28,Tonnes of CO2-equivalent,Transport
Lebanon,2014,7.34,Tonnes of CO2-equivalent,Transport
Liberia,2014,0.37,Tonnes of CO2-equivalent,Transport
Libya,2014,20.1,Tonnes of CO2-equivalent,Transport
St. Lucia,2014,0.21,Tonnes of CO2-equivalent,Transport
Sri Lanka,2014,8.22,Tonnes of CO2-equivalent,Transport
Lesotho,2014,0.43,Tonnes of CO2-equivalent,Transport
Lithuania,2014,4.89,Tonnes of CO2-equivalent,Transport
Luxembourg,2014,6.33,Tonnes of CO2-equivalent,Transport
Latvia,2014,2.97,Tonnes of CO2-equivalent,Transport
Morocco,2014,15.7,Tonnes of CO2-equivalent,Transport
Moldova,2014,1.83,Tonnes of CO2-equivalent,Transport
Madagascar,2014,1.16,Tonnes of CO2-equivalent,Transport
Maldives,2014,0.77,Tonnes of CO2-equivalent,Transport
Mexico,2014,155.79,Tonnes of CO2-equivalent,Transport
Marshall Islands,2014,0.09,Tonnes of CO2-equivalent,Transport
North Macedonia,2014,1.65,Tonnes of CO2-equivalent,Transport
Mali,2014,1.11,Tonnes of CO2-equivalent,Transport
Malta,2014,0.57,Tonnes of CO2-equivalent,Transport
Myanmar,2014,4.15,Tonnes of CO2-equivalent,Transport
Montenegro,2014,0.5,Tonnes of CO2-equivalent,Transport
Mongolia,2014,2.09,Tonnes of CO2-equivalent,Transport
Mozambique,2014,3.09,Tonnes of CO2-equivalent,Transport
Mauritania,2014,0.0,Tonnes of CO2-equivalent,Transport
Mauritius,2014,1.02,Tonnes of CO2-equivalent,Transport
Malawi,2014,0.56,Tonnes of CO2-equivalent,Transport
Malaysia,2014,66.98,Tonnes of CO2-equivalent,Transport
Namibia,2014,2.03,Tonnes of CO2-equivalent,Transport
Niger,2014,1.2,Tonnes of CO2-equivalent,Transport
Nigeria,2014,50.73,Tonnes of CO2-equivalent,Transport
Nicaragua,2014,1.93,Tonnes of CO2-equivalent,Transport
Niue,2014,0.0,Tonnes of CO2-equivalent,Transport
Netherlands,2014,29.18,Tonnes of CO2-equivalent,Transport
Norway,2014,15.59,Tonnes of CO2-equivalent,Transport
Nepal,2014,2.18,Tonnes of CO2-equivalent,Transport
Nauru,2014,0.01,Tonnes of CO2-equivalent,Transport
New Zealand,2014,14.18,Tonnes of CO2-equivalent,Transport
Oman,2014,12.9,Tonnes of CO2-equivalent,Transport
Pakistan,2014,40.19,Tonnes of CO2-equivalent,Transport
Panama,2014,4.05,Tonnes of CO2-equivalent,Transport
Peru,2014,19.87,Tonnes of CO2-equivalent,Transport
Philippines,2014,27.3,Tonnes of CO2-equivalent,Transport
Palau,2014,0.15,Tonnes of CO2-equivalent,Transport
Papua New Guinea,2014,1.58,Tonnes of CO2-equivalent,Transport
Poland,2014,44.94,Tonnes of CO2-equivalent,Transport
"Korea, Dem. People's Rep.",2014,1.37,Tonnes of CO2-equivalent,Transport
Portugal,2014,16.08,Tonnes of CO2-equivalent,Transport
Paraguay,2014,5.11,Tonnes of CO2-equivalent,Transport
Qatar,2014,12.57,Tonnes of CO2-equivalent,Transport
Romania,2014,15.68,Tonnes of CO2-equivalent,Transport
Russian Federation,2014,246.78,Tonnes of CO2-equivalent,Transport
Rwanda,2014,0.54,Tonnes of CO2-equivalent,Transport
Saudi Arabia,2014,140.24,Tonnes of CO2-equivalent,Transport
Sudan,2014,9.38,Tonnes of CO2-equivalent,Transport
Senegal,2014,2.5,Tonnes of CO2-equivalent,Transport
Singapore,2014,6.89,Tonnes of CO2-equivalent,Transport
Solomon Islands,2014,0.22,Tonnes of CO2-equivalent,Transport
Sierra Leone,2014,0.61,Tonnes of CO2-equivalent,Transport
El Salvador,2014,2.87,Tonnes of CO2-equivalent,Transport
Somalia,2014,0.13,Tonnes of CO2-equivalent,Transport
Serbia,2014,6.15,Tonnes of CO2-equivalent,Transport
South Sudan,2014,0.97,Tonnes of CO2-equivalent,Transport
Sao Tome and Principe,2014,0.05,Tonnes of CO2-equivalent,Transport
Suriname,2014,0.69,Tonnes of CO2-equivalent,Transport
Slovak Republic,2014,6.22,Tonnes of CO2-equivalent,Transport
Slovenia,2014,5.43,Tonnes of CO2-equivalent,Transport
Sweden,2014,18.98,Tonnes of CO2-equivalent,Transport
Eswatini,2014,0.69,Tonnes of CO2-equivalent,Transport
Seychelles,2014,0.11,Tonnes of CO2-equivalent,Transport
Syrian Arab Republic,2014,6.19,Tonnes of CO2-equivalent,Transport
Chad,2014,1.05,Tonnes of CO2-equivalent,Transport
Togo,2014,0.41,Tonnes of CO2-equivalent,Transport
Thailand,2014,59.82,Tonnes of CO2-equivalent,Transport
Tajikistan,2014,1.58,Tonnes of CO2-equivalent,Transport
Turkmenistan,2014,11.98,Tonnes of CO2-equivalent,Transport
Timor-Leste,2014,0.24,Tonnes of CO2-equivalent,Transport
Tonga,2014,0.07,Tonnes of CO2-equivalent,Transport
Trinidad and Tobago,2014,3.44,Tonnes of CO2-equivalent,Transport
Tunisia,2014,6.47,Tonnes of CO2-equivalent,Transport
Turkiye,2014,62.18,Tonnes of CO2-equivalent,Transport
Tuvalu,2014,0.0,Tonnes of CO2-equivalent,Transport
Tanzania,2014,5.92,Tonnes of CO2-equivalent,Transport
Uganda,2014,2.5,Tonnes of CO2-equivalent,Transport
Ukraine,2014,27.52,Tonnes of CO2-equivalent,Transport
Uruguay,2014,3.51,Tonnes of CO2-equivalent,Transport
United States,2014,1693.99,Tonnes of CO2-equivalent,Transport
Uzbekistan,2014,8.72,Tonnes of CO2-equivalent,Transport
St. Vincent and the Grenadines,2014,0.15,Tonnes of CO2-equivalent,Transport
"Venezuela, RB",2014,54.47,Tonnes of CO2-equivalent,Transport
Viet Nam,2014,30.7,Tonnes of CO2-equivalent,Transport
Vanuatu,2014,0.12,Tonnes of CO2-equivalent,Transport
World,2014,7692.2,Tonnes of CO2-equivalent,Transport
Samoa,2014,0.11,Tonnes of CO2-equivalent,Transport
"Yemen, Rep.",2014,8.61,Tonnes of CO2-equivalent,Transport
South Africa,2014,52.51,Tonnes of CO2-equivalent,Transport
Zambia,2014,1.93,Tonnes of CO2-equivalent,Transport
Zimbabwe,2014,2.63,Tonnes of CO2-equivalent,Transport
Afghanistan,2014,3.53,Tonnes of CO2-equivalent,Transport
Angola,2014,8.13,Tonnes of CO2-equivalent,Transport
Albania,2014,2.53,Tonnes of CO2-equivalent,Transport
United Arab Emirates,2014,36.57,Tonnes of CO2-equivalent,Transport
Argentina,2014,45.52,Tonnes of CO2-equivalent,Transport
Armenia,2014,1.78,Tonnes of CO2-equivalent,Transport
Antigua and Barbuda,2014,0.21,Tonnes of CO2-equivalent,Transport
Australia,2014,94.59,Tonnes of CO2-equivalent,Transport
Austria,2014,23.27,Tonnes of CO2-equivalent,Transport
Azerbaijan,2014,7.75,Tonnes of CO2-equivalent,Transport
Burundi,2014,0.31,Tonnes of CO2-equivalent,Transport
Belgium,2014,25.03,Tonnes of CO2-equivalent,Transport
Benin,2014,4.18,Tonnes of CO2-equivalent,Transport
Burkina Faso,2014,1.86,Tonnes of CO2-equivalent,Transport
Bangladesh,2014,9.26,Tonnes of CO2-equivalent,Transport
Bulgaria,2014,8.34,Tonnes of CO2-equivalent,Transport
Bahrain,2014,3.47,Tonnes of CO2-equivalent,Transport
"Bahamas, The",2014,0.49,Tonnes of CO2-equivalent,Transport
Bosnia and Herzegovina,2014,3.04,Tonnes of CO2-equivalent,Transport
Belarus,2014,11.9,Tonnes of CO2-equivalent,Transport
Belize,2014,0.4,Tonnes of CO2-equivalent,Transport
Bolivia,2014,9.07,Tonnes of CO2-equivalent,Transport
Brazil,2014,222.13,Tonnes of CO2-equivalent,Transport
Barbados,2014,0.41,Tonnes of CO2-equivalent,Transport
Brunei Darussalam,2014,1.39,Tonnes of CO2-equivalent,Transport
Bhutan,2014,0.39,Tonnes of CO2-equivalent,Transport
Botswana,2014,2.29,Tonnes of CO2-equivalent,Transport
Central African Republic,2014,0.11,Tonnes of CO2-equivalent,Transport
Canada,2014,177.04,Tonnes of CO2-equivalent,Transport
Switzerland,2014,17.36,Tonnes of CO2-equivalent,Transport
Chile,2014,24.15,Tonnes of CO2-equivalent,Transport
China,2014,790.7,Tonnes of CO2-equivalent,Transport
Cote d'Ivoire,2014,2.77,Tonnes of CO2-equivalent,Transport
Cameroon,2014,3.5,Tonnes of CO2-equivalent,Transport
"Congo, Dem. Rep.",2014,4.61,Tonnes of CO2-equivalent,Transport
"Congo, Rep.",2014,2.09,Tonnes of CO2-equivalent,Transport
Cook Islands,2014,0.06,Tonnes of CO2-equivalent,Transport
Colombia,2014,26.71,Tonnes of CO2-equivalent,Transport
Comoros,2014,0.1,Tonnes of CO2-equivalent,Transport
Cabo Verde,2014,0.24,Tonnes of CO2-equivalent,Transport
Costa Rica,2014,5.1,Tonnes of CO2-equivalent,Transport
Cuba,2014,1.43,Tonnes of CO2-equivalent,Transport
Cyprus,2014,1.8,Tonnes of CO2-equivalent,Transport
Czechia,2014,16.98,Tonnes of CO2-equivalent,Transport
Germany,2014,158.85,Tonnes of CO2-equivalent,Transport
Djibouti,2014,0.12,Tonnes of CO2-equivalent,Transport
Dominica,2014,0.06,Tonnes of CO2-equivalent,Transport
Denmark,2014,11.8,Tonnes of CO2-equivalent,Transport
Dominican Republic,2014,5.19,Tonnes of CO2-equivalent,Transport
Algeria,2014,44.48,Tonnes of CO2-equivalent,Transport
Ecuador,2014,16.65,Tonnes of CO2-equivalent,Transport
"Egypt, Arab Rep.",2014,54.86,Tonnes of CO2-equivalent,Transport
Eritrea,2014,0.2,Tonnes of CO2-equivalent,Transport
Spain,2014,83.93,Tonnes of CO2-equivalent,Transport
Estonia,2014,2.29,Tonnes of CO2-equivalent,Transport
Ethiopia,2014,4.32,Tonnes of CO2-equivalent,Transport
European Union,2014,777.16,Tonnes of CO2-equivalent,Transport
Finland,2014,11.08,Tonnes of CO2-equivalent,Transport
Fiji,2014,0.63,Tonnes of CO2-equivalent,Transport
France,2014,129.41,Tonnes of CO2-equivalent,Transport
"Micronesia, Fed. Sts.",2014,0.08,Tonnes of CO2-equivalent,Transport
Gabon,2014,0.85,Tonnes of CO2-equivalent,Transport
United Kingdom,2014,118.7,Tonnes of CO2-equivalent,Transport
Georgia,2014,3.54,Tonnes of CO2-equivalent,Transport
Ghana,2014,7.49,Tonnes of CO2-equivalent,Transport
Guinea,2014,1.19,Tonnes of CO2-equivalent,Transport
"Gambia, The",2014,0.08,Tonnes of CO2-equivalent,Transport
Guinea-Bissau,2014,0.11,Tonnes of CO2-equivalent,Transport
Equatorial Guinea,2014,0.61,Tonnes of CO2-equivalent,Transport
Greece,2014,16.8,Tonnes of CO2-equivalent,Transport
Grenada,2014,0.11,Tonnes of CO2-equivalent,Transport
Guatemala,2014,6.56,Tonnes of CO2-equivalent,Transport
Guyana,2014,0.71,Tonnes of CO2-equivalent,Transport
Honduras,2014,3.37,Tonnes of CO2-equivalent,Transport
Croatia,2014,5.71,Tonnes of CO2-equivalent,Transport
Haiti,2014,1.2,Tonnes of CO2-equivalent,Transport
Hungary,2014,11.24,Tonnes of CO2-equivalent,Transport
Indonesia,2014,140.41,Tonnes of CO2-equivalent,Transport
India,2014,241.81,Tonnes of CO2-equivalent,Transport
Ireland,2014,11.41,Tonnes of CO2-equivalent,Transport
"Iran, Islamic Rep.",2014,145.1,Tonnes of CO2-equivalent,Transport
Iraq,2014,25.74,Tonnes of CO2-equivalent,Transport
Iceland,2014,0.84,Tonnes of CO2-equivalent,Transport
Israel,2014,16.45,Tonnes of CO2-equivalent,Transport
Italy,2014,107.96,Tonnes of CO2-equivalent,Transport
Jamaica,2014,1.74,Tonnes of CO2-equivalent,Transport
Jordan,2014,7.23,Tonnes of CO2-equivalent,Transport
Japan,2014,217.65,Tonnes of CO2-equivalent,Transport
Kazakhstan,2014,14.94,Tonnes of CO2-equivalent,Transport
Kenya,2014,6.65,Tonnes of CO2-equivalent,Transport
Kyrgyz Republic,2014,3.25,Tonnes of CO2-equivalent,Transport
Cambodia,2014,3.82,Tonnes of CO2-equivalent,Transport
Kiribati,2014,0.03,Tonnes of CO2-equivalent,Transport
St. Kitts and Nevis,2014,0.07,Tonnes of CO2-equivalent,Transport
"Korea, Rep.",2014,94.8,Tonnes of CO2-equivalent,Transport
Kuwait,2014,13.72,Tonnes of CO2-equivalent,Transport
Lao PDR,2014,2.28,Tonnes of CO2-equivalent,Transport
Lebanon,2014,7.34,Tonnes of CO2-equivalent,Transport
Liberia,2014,0.37,Tonnes of CO2-equivalent,Transport
Libya,2014,20.1,Tonnes of CO2-equivalent,Transport
St. Lucia,2014,0.21,Tonnes of CO2-equivalent,Transport
Sri Lanka,2014,8.22,Tonnes of CO2-equivalent,Transport
Lesotho,2014,0.43,Tonnes of CO2-equivalent,Transport
Lithuania,2014,4.89,Tonnes of CO2-equivalent,Transport
Luxembourg,2014,6.33,Tonnes of CO2-equivalent,Transport
Latvia,2014,2.97,Tonnes of CO2-equivalent,Transport
Morocco,2014,15.7,Tonnes of CO2-equivalent,Transport
Moldova,2014,1.83,Tonnes of CO2-equivalent,Transport
Madagascar,2014,1.16,Tonnes of CO2-equivalent,Transport
Maldives,2014,0.77,Tonnes of CO2-equivalent,Transport
Mexico,2014,155.79,Tonnes of CO2-equivalent,Transport
Marshall Islands,2014,0.09,Tonnes of CO2-equivalent,Transport
North Macedonia,2014,1.65,Tonnes of CO2-equivalent,Transport
Mali,2014,1.11,Tonnes of CO2-equivalent,Transport
Malta,2014,0.57,Tonnes of CO2-equivalent,Transport
Myanmar,2014,4.15,Tonnes of CO2-equivalent,Transport
Montenegro,2014,0.5,Tonnes of CO2-equivalent,Transport
Mongolia,2014,2.09,Tonnes of CO2-equivalent,Transport
Mozambique,2014,3.09,Tonnes of CO2-equivalent,Transport
Mauritania,2014,0.0,Tonnes of CO2-equivalent,Transport
Mauritius,2014,1.02,Tonnes of CO2-equivalent,Transport
Malawi,2014,0.56,Tonnes of CO2-equivalent,Transport
Malaysia,2014,66.98,Tonnes of CO2-equivalent,Transport
Namibia,2014,2.03,Tonnes of CO2-equivalent,Transport
Niger,2014,1.2,Tonnes of CO2-equivalent,Transport
Nigeria,2014,50.73,Tonnes of CO2-equivalent,Transport
Nicaragua,2014,1.93,Tonnes of CO2-equivalent,Transport
Niue,2014,0.0,Tonnes of CO2-equivalent,Transport
Netherlands,2014,29.18,Tonnes of CO2-equivalent,Transport
Norway,2014,15.59,Tonnes of CO2-equivalent,Transport
Nepal,2014,2.18,Tonnes of CO2-equivalent,Transport
Nauru,2014,0.01,Tonnes of CO2-equivalent,Transport
New Zealand,2014,14.18,Tonnes of CO2-equivalent,Transport
Oman,2014,12.9,Tonnes of CO2-equivalent,Transport
Pakistan,2014,40.19,Tonnes of CO2-equivalent,Transport
Panama,2014,4.05,Tonnes of CO2-equivalent,Transport
Peru,2014,19.87,Tonnes of CO2-equivalent,Transport
Philippines,2014,27.3,Tonnes of CO2-equivalent,Transport
Palau,2014,0.15,Tonnes of CO2-equivalent,Transport
Papua New Guinea,2014,1.58,Tonnes of CO2-equivalent,Transport
Poland,2014,44.94,Tonnes of CO2-equivalent,Transport
"Korea, Dem. People's Rep.",2014,1.37,Tonnes of CO2-equivalent,Transport
Portugal,2014,16.08,Tonnes of CO2-equivalent,Transport
Paraguay,2014,5.11,Tonnes of CO2-equivalent,Transport
Qatar,2014,12.57,Tonnes of CO2-equivalent,Transport
Romania,2014,15.68,Tonnes of CO2-equivalent,Transport
Russian Federation,2014,246.78,Tonnes of CO2-equivalent,Transport
Rwanda,2014,0.54,Tonnes of CO2-equivalent,Transport
Saudi Arabia,2014,140.24,Tonnes of CO2-equivalent,Transport
Sudan,2014,9.38,Tonnes of CO2-equivalent,Transport
Senegal,2014,2.5,Tonnes of CO2-equivalent,Transport
Singapore,2014,6.89,Tonnes of CO2-equivalent,Transport
Solomon Islands,2014,0.22,Tonnes of CO2-equivalent,Transport
Sierra Leone,2014,0.61,Tonnes of CO2-equivalent,Transport
El Salvador,2014,2.87,Tonnes of CO2-equivalent,Transport
Somalia,2014,0.13,Tonnes of CO2-equivalent,Transport
Serbia,2014,6.15,Tonnes of CO2-equivalent,Transport
South Sudan,2014,0.97,Tonnes of CO2-equivalent,Transport
Sao Tome and Principe,2014,0.05,Tonnes of CO2-equivalent,Transport
Suriname,2014,0.69,Tonnes of CO2-equivalent,Transport
Slovak Republic,2014,6.22,Tonnes of CO2-equivalent,Transport
Slovenia,2014,5.43,Tonnes of CO2-equivalent,Transport
Sweden,2014,18.98,Tonnes of CO2-equivalent,Transport
Eswatini,2014,0.69,Tonnes of CO2-equivalent,Transport
Seychelles,2014,0.11,Tonnes of CO2-equivalent,Transport
Syrian Arab Republic,2014,6.19,Tonnes of CO2-equivalent,Transport
Chad,2014,1.05,Tonnes of CO2-equivalent,Transport
Togo,2014,0.41,Tonnes of CO2-equivalent,Transport
Thailand,2014,59.82,Tonnes of CO2-equivalent,Transport
Tajikistan,2014,1.58,Tonnes of CO2-equivalent,Transport
Turkmenistan,2014,11.98,Tonnes of CO2-equivalent,Transport
Timor-Leste,2014,0.24,Tonnes of CO2-equivalent,Transport
Tonga,2014,0.07,Tonnes of CO2-equivalent,Transport
Trinidad and Tobago,2014,3.44,Tonnes of CO2-equivalent,Transport
Tunisia,2014,6.47,Tonnes of CO2-equivalent,Transport
Turkiye,2014,62.18,Tonnes of CO2-equivalent,Transport
Tuvalu,2014,0.0,Tonnes of CO2-equivalent,Transport
Tanzania,2014,5.92,Tonnes of CO2-equivalent,Transport
Uganda,2014,2.5,Tonnes of CO2-equivalent,Transport
Ukraine,2014,27.52,Tonnes of CO2-equivalent,Transport
Uruguay,2014,3.51,Tonnes of CO2-equivalent,Transport
United States,2014,1693.99,Tonnes of CO2-equivalent,Transport
Uzbekistan,2014,8.72,Tonnes of CO2-equivalent,Transport
St. Vincent and the Grenadines,2014,0.15,Tonnes of CO2-equivalent,Transport
"Venezuela, RB",2014,54.47,Tonnes of CO2-equivalent,Transport
Viet Nam,2014,30.7,Tonnes of CO2-equivalent,Transport
Vanuatu,2014,0.12,Tonnes of CO2-equivalent,Transport
World,2014,7692.2,Tonnes of CO2-equivalent,Transport
Samoa,2014,0.11,Tonnes of CO2-equivalent,Transport
"Yemen, Rep.",2014,8.61,Tonnes of CO2-equivalent,Transport
South Africa,2014,52.51,Tonnes of CO2-equivalent,Transport
Zambia,2014,1.93,Tonnes of CO2-equivalent,Transport
Zimbabwe,2014,2.63,Tonnes of CO2-equivalent,Transport
Afghanistan,2013,4.33,Tonnes of CO2-equivalent,Transport
Angola,2013,7.88,Tonnes of CO2-equivalent,Transport
Albania,2013,2.51,Tonnes of CO2-equivalent,Transport
United Arab Emirates,2013,35.63,Tonnes of CO2-equivalent,Transport
Argentina,2013,49.23,Tonnes of CO2-equivalent,Transport
Armenia,2013,1.34,Tonnes of CO2-equivalent,Transport
Antigua and Barbuda,2013,0.2,Tonnes of CO2-equivalent,Transport
Australia,2013,94.41,Tonnes of CO2-equivalent,Transport
Austria,2013,23.72,Tonnes of CO2-equivalent,Transport
Azerbaijan,2013,7.48,Tonnes of CO2-equivalent,Transport
Burundi,2013,0.3,Tonnes of CO2-equivalent,Transport
Belgium,2013,24.78,Tonnes of CO2-equivalent,Transport
Benin,2013,3.95,Tonnes of CO2-equivalent,Transport
Burkina Faso,2013,1.79,Tonnes of CO2-equivalent,Transport
Bangladesh,2013,8.57,Tonnes of CO2-equivalent,Transport
Bulgaria,2013,7.45,Tonnes of CO2-equivalent,Transport
Bahrain,2013,3.37,Tonnes of CO2-equivalent,Transport
"Bahamas, The",2013,0.47,Tonnes of CO2-equivalent,Transport
Bosnia and Herzegovina,2013,2.88,Tonnes of CO2-equivalent,Transport
Belarus,2013,12.5,Tonnes of CO2-equivalent,Transport
Belize,2013,0.37,Tonnes of CO2-equivalent,Transport
Bolivia,2013,8.36,Tonnes of CO2-equivalent,Transport
Brazil,2013,216.76,Tonnes of CO2-equivalent,Transport
Barbados,2013,0.42,Tonnes of CO2-equivalent,Transport
Brunei Darussalam,2013,1.36,Tonnes of CO2-equivalent,Transport
Bhutan,2013,0.41,Tonnes of CO2-equivalent,Transport
Botswana,2013,2.21,Tonnes of CO2-equivalent,Transport
Central African Republic,2013,0.09,Tonnes of CO2-equivalent,Transport
Canada,2013,178.6,Tonnes of CO2-equivalent,Transport
Switzerland,2013,17.53,Tonnes of CO2-equivalent,Transport
Chile,2013,25.07,Tonnes of CO2-equivalent,Transport
China,2013,760.69,Tonnes of CO2-equivalent,Transport
Cote d'Ivoire,2013,2.62,Tonnes of CO2-equivalent,Transport
Cameroon,2013,3.28,Tonnes of CO2-equivalent,Transport
"Congo, Dem. Rep.",2013,3.39,Tonnes of CO2-equivalent,Transport
"Congo, Rep.",2013,1.98,Tonnes of CO2-equivalent,Transport
Cook Islands,2013,0.06,Tonnes of CO2-equivalent,Transport
Colombia,2013,25.68,Tonnes of CO2-equivalent,Transport
Comoros,2013,0.12,Tonnes of CO2-equivalent,Transport
Cabo Verde,2013,0.25,Tonnes of CO2-equivalent,Transport
Costa Rica,2013,5.0,Tonnes of CO2-equivalent,Transport
Cuba,2013,1.27,Tonnes of CO2-equivalent,Transport
Cyprus,2013,1.85,Tonnes of CO2-equivalent,Transport
Czechia,2013,16.45,Tonnes of CO2-equivalent,Transport
Germany,2013,156.58,Tonnes of CO2-equivalent,Transport
Djibouti,2013,0.09,Tonnes of CO2-equivalent,Transport
Dominica,2013,0.05,Tonnes of CO2-equivalent,Transport
Denmark,2013,11.71,Tonnes of CO2-equivalent,Transport
Dominican Republic,2013,5.95,Tonnes of CO2-equivalent,Transport
Algeria,2013,41.14,Tonnes of CO2-equivalent,Transport
Ecuador,2013,15.49,Tonnes of CO2-equivalent,Transport
"Egypt, Arab Rep.",2013,52.61,Tonnes of CO2-equivalent,Transport
Eritrea,2013,0.2,Tonnes of CO2-equivalent,Transport
Spain,2013,83.47,Tonnes of CO2-equivalent,Transport
Estonia,2013,2.29,Tonnes of CO2-equivalent,Transport
Ethiopia,2013,3.88,Tonnes of CO2-equivalent,Transport
European Union,2013,769.98,Tonnes of CO2-equivalent,Transport
Finland,2013,12.16,Tonnes of CO2-equivalent,Transport
Fiji,2013,0.57,Tonnes of CO2-equivalent,Transport
France,2013,129.21,Tonnes of CO2-equivalent,Transport
"Micronesia, Fed. Sts.",2013,0.08,Tonnes of CO2-equivalent,Transport
Gabon,2013,0.87,Tonnes of CO2-equivalent,Transport
United Kingdom,2013,117.18,Tonnes of CO2-equivalent,Transport
Georgia,2013,3.17,Tonnes of CO2-equivalent,Transport
Ghana,2013,7.44,Tonnes of CO2-equivalent,Transport
Guinea,2013,1.07,Tonnes of CO2-equivalent,Transport
"Gambia, The",2013,0.07,Tonnes of CO2-equivalent,Transport
Guinea-Bissau,2013,0.11,Tonnes of CO2-equivalent,Transport
Equatorial Guinea,2013,0.59,Tonnes of CO2-equivalent,Transport
Greece,2013,16.75,Tonnes of CO2-equivalent,Transport
Grenada,2013,0.1,Tonnes of CO2-equivalent,Transport
Guatemala,2013,6.13,Tonnes of CO2-equivalent,Transport
Guyana,2013,0.65,Tonnes of CO2-equivalent,Transport
Honduras,2013,3.24,Tonnes of CO2-equivalent,Transport
Croatia,2013,5.77,Tonnes of CO2-equivalent,Transport
Haiti,2013,0.92,Tonnes of CO2-equivalent,Transport
Hungary,2013,10.07,Tonnes of CO2-equivalent,Transport
Indonesia,2013,139.8,Tonnes of CO2-equivalent,Transport
India,2013,232.0,Tonnes of CO2-equivalent,Transport
Ireland,2013,10.98,Tonnes of CO2-equivalent,Transport
"Iran, Islamic Rep.",2013,131.89,Tonnes of CO2-equivalent,Transport
Iraq,2013,32.48,Tonnes of CO2-equivalent,Transport
Iceland,2013,0.84,Tonnes of CO2-equivalent,Transport
Israel,2013,16.3,Tonnes of CO2-equivalent,Transport
Italy,2013,103.25,Tonnes of CO2-equivalent,Transport
Jamaica,2013,1.66,Tonnes of CO2-equivalent,Transport
Jordan,2013,7.3,Tonnes of CO2-equivalent,Transport
Japan,2013,223.91,Tonnes of CO2-equivalent,Transport
Kazakhstan,2013,14.22,Tonnes of CO2-equivalent,Transport
Kenya,2013,5.96,Tonnes of CO2-equivalent,Transport
Kyrgyz Republic,2013,4.05,Tonnes of CO2-equivalent,Transport
Cambodia,2013,3.49,Tonnes of CO2-equivalent,Transport
Kiribati,2013,0.03,Tonnes of CO2-equivalent,Transport
St. Kitts and Nevis,2013,0.07,Tonnes of CO2-equivalent,Transport
"Korea, Rep.",2013,93.21,Tonnes of CO2-equivalent,Transport
Kuwait,2013,13.52,Tonnes of CO2-equivalent,Transport
Lao PDR,2013,1.96,Tonnes of CO2-equivalent,Transport
Lebanon,2013,6.92,Tonnes of CO2-equivalent,Transport
Liberia,2013,0.54,Tonnes of CO2-equivalent,Transport
Libya,2013,18.19,Tonnes of CO2-equivalent,Transport
St. Lucia,2013,0.21,Tonnes of CO2-equivalent,Transport
Sri Lanka,2013,7.91,Tonnes of CO2-equivalent,Transport
Lesotho,2013,0.42,Tonnes of CO2-equivalent,Transport
Lithuania,2013,4.4,Tonnes of CO2-equivalent,Transport
Luxembourg,2013,6.63,Tonnes of CO2-equivalent,Transport
Latvia,2013,2.85,Tonnes of CO2-equivalent,Transport
Morocco,2013,15.5,Tonnes of CO2-equivalent,Transport
Moldova,2013,1.76,Tonnes of CO2-equivalent,Transport
Madagascar,2013,1.09,Tonnes of CO2-equivalent,Transport
Maldives,2013,0.69,Tonnes of CO2-equivalent,Transport
Mexico,2013,155.2,Tonnes of CO2-equivalent,Transport
Marshall Islands,2013,0.08,Tonnes of CO2-equivalent,Transport
North Macedonia,2013,1.58,Tonnes of CO2-equivalent,Transport
Mali,2013,1.47,Tonnes of CO2-equivalent,Transport
Malta,2013,0.56,Tonnes of CO2-equivalent,Transport
Myanmar,2013,3.67,Tonnes of CO2-equivalent,Transport
Montenegro,2013,0.51,Tonnes of CO2-equivalent,Transport
Mongolia,2013,2.02,Tonnes of CO2-equivalent,Transport
Mozambique,2013,2.63,Tonnes of CO2-equivalent,Transport
Mauritania,2013,0.0,Tonnes of CO2-equivalent,Transport
Mauritius,2013,1.0,Tonnes of CO2-equivalent,Transport
Malawi,2013,0.7,Tonnes of CO2-equivalent,Transport
Malaysia,2013,59.85,Tonnes of CO2-equivalent,Transport
Namibia,2013,1.92,Tonnes of CO2-equivalent,Transport
Niger,2013,1.13,Tonnes of CO2-equivalent,Transport
Nigeria,2013,46.27,Tonnes of CO2-equivalent,Transport
Nicaragua,2013,1.75,Tonnes of CO2-equivalent,Transport
Niue,2013,0.0,Tonnes of CO2-equivalent,Transport
Netherlands,2013,31.94,Tonnes of CO2-equivalent,Transport
Norway,2013,15.29,Tonnes of CO2-equivalent,Transport
Nepal,2013,1.92,Tonnes of CO2-equivalent,Transport
Nauru,2013,0.01,Tonnes of CO2-equivalent,Transport
New Zealand,2013,14.05,Tonnes of CO2-equivalent,Transport
Oman,2013,12.29,Tonnes of CO2-equivalent,Transport
Pakistan,2013,37.68,Tonnes of CO2-equivalent,Transport
Panama,2013,3.8,Tonnes of CO2-equivalent,Transport
Peru,2013,20.09,Tonnes of CO2-equivalent,Transport
Philippines,2013,26.2,Tonnes of CO2-equivalent,Transport
Palau,2013,0.15,Tonnes of CO2-equivalent,Transport
Papua New Guinea,2013,1.44,Tonnes of CO2-equivalent,Transport
Poland,2013,44.33,Tonnes of CO2-equivalent,Transport
"Korea, Dem. People's Rep.",2013,1.48,Tonnes of CO2-equivalent,Transport
Portugal,2013,15.99,Tonnes of CO2-equivalent,Transport
Paraguay,2013,4.87,Tonnes of CO2-equivalent,Transport
Qatar,2013,10.43,Tonnes of CO2-equivalent,Transport
Romania,2013,15.34,Tonnes of CO2-equivalent,Transport
Russian Federation,2013,244.03,Tonnes of CO2-equivalent,Transport
Rwanda,2013,0.5,Tonnes of CO2-equivalent,Transport
Saudi Arabia,2013,132.25,Tonnes of CO2-equivalent,Transport
Sudan,2013,8.99,Tonnes of CO2-equivalent,Transport
Senegal,2013,2.38,Tonnes of CO2-equivalent,Transport
Singapore,2013,6.66,Tonnes of CO2-equivalent,Transport
Solomon Islands,2013,0.27,Tonnes of CO2-equivalent,Transport
Sierra Leone,2013,0.55,Tonnes of CO2-equivalent,Transport
El Salvador,2013,2.85,Tonnes of CO2-equivalent,Transport
Somalia,2013,0.13,Tonnes of CO2-equivalent,Transport
Serbia,2013,5.89,Tonnes of CO2-equivalent,Transport
South Sudan,2013,0.95,Tonnes of CO2-equivalent,Transport
Sao Tome and Principe,2013,0.04,Tonnes of CO2-equivalent,Transport
Suriname,2013,0.64,Tonnes of CO2-equivalent,Transport
Slovak Republic,2013,6.63,Tonnes of CO2-equivalent,Transport
Slovenia,2013,5.42,Tonnes of CO2-equivalent,Transport
Sweden,2013,19.43,Tonnes of CO2-equivalent,Transport
Eswatini,2013,0.69,Tonnes of CO2-equivalent,Transport
Seychelles,2013,0.09,Tonnes of CO2-equivalent,Transport
Syrian Arab Republic,2013,6.67,Tonnes of CO2-equivalent,Transport
Chad,2013,1.02,Tonnes of CO2-equivalent,Transport
Togo,2013,0.76,Tonnes of CO2-equivalent,Transport
Thailand,2013,61.69,Tonnes of CO2-equivalent,Transport
Tajikistan,2013,0.93,Tonnes of CO2-equivalent,Transport
Turkmenistan,2013,11.31,Tonnes of CO2-equivalent,Transport
Timor-Leste,2013,0.18,Tonnes of CO2-equivalent,Transport
Tonga,2013,0.07,Tonnes of CO2-equivalent,Transport
Trinidad and Tobago,2013,3.05,Tonnes of CO2-equivalent,Transport
Tunisia,2013,6.18,Tonnes of CO2-equivalent,Transport
Turkiye,2013,58.44,Tonnes of CO2-equivalent,Transport
Tuvalu,2013,0.0,Tonnes of CO2-equivalent,Transport
Tanzania,2013,6.49,Tonnes of CO2-equivalent,Transport
Uganda,2013,2.26,Tonnes of CO2-equivalent,Transport
Ukraine,2013,32.06,Tonnes of CO2-equivalent,Transport
Uruguay,2013,3.53,Tonnes of CO2-equivalent,Transport
United States,2013,1700.9,Tonnes of CO2-equivalent,Transport
Uzbekistan,2013,9.11,Tonnes of CO2-equivalent,Transport
St. Vincent and the Grenadines,2013,0.12,Tonnes of CO2-equivalent,Transport
"Venezuela, RB",2013,55.0,Tonnes of CO2-equivalent,Transport
Viet Nam,2013,30.03,Tonnes of CO2-equivalent,Transport
Vanuatu,2013,0.08,Tonnes of CO2-equivalent,Transport
World,2013,7565.61,Tonnes of CO2-equivalent,Transport
Samoa,2013,0.11,Tonnes of CO2-equivalent,Transport
"Yemen, Rep.",2013,8.53,Tonnes of CO2-equivalent,Transport
South Africa,2013,55.04,Tonnes of CO2-equivalent,Transport
Zambia,2013,1.71,Tonnes of CO2-equivalent,Transport
Zimbabwe,2013,2.92,Tonnes of CO2-equivalent,Transport
Afghanistan,2013,4.33,Tonnes of CO2-equivalent,Transport
Angola,2013,7.88,Tonnes of CO2-equivalent,Transport
Albania,2013,2.51,Tonnes of CO2-equivalent,Transport
United Arab Emirates,2013,35.63,Tonnes of CO2-equivalent,Transport
Argentina,2013,49.23,Tonnes of CO2-equivalent,Transport
Armenia,2013,1.34,Tonnes of CO2-equivalent,Transport
Antigua and Barbuda,2013,0.2,Tonnes of CO2-equivalent,Transport
Australia,2013,94.41,Tonnes of CO2-equivalent,Transport
Austria,2013,23.72,Tonnes of CO2-equivalent,Transport
Azerbaijan,2013,7.48,Tonnes of CO2-equivalent,Transport
Burundi,2013,0.3,Tonnes of CO2-equivalent,Transport
Belgium,2013,24.78,Tonnes of CO2-equivalent,Transport
Benin,2013,3.95,Tonnes of CO2-equivalent,Transport
Burkina Faso,2013,1.79,Tonnes of CO2-equivalent,Transport
Bangladesh,2013,8.57,Tonnes of CO2-equivalent,Transport
Bulgaria,2013,7.45,Tonnes of CO2-equivalent,Transport
Bahrain,2013,3.37,Tonnes of CO2-equivalent,Transport
"Bahamas, The",2013,0.47,Tonnes of CO2-equivalent,Transport
Bosnia and Herzegovina,2013,2.88,Tonnes of CO2-equivalent,Transport
Belarus,2013,12.5,Tonnes of CO2-equivalent,Transport
Belize,2013,0.37,Tonnes of CO2-equivalent,Transport
Bolivia,2013,8.36,Tonnes of CO2-equivalent,Transport
Brazil,2013,216.76,Tonnes of CO2-equivalent,Transport
Barbados,2013,0.42,Tonnes of CO2-equivalent,Transport
Brunei Darussalam,2013,1.36,Tonnes of CO2-equivalent,Transport
Bhutan,2013,0.41,Tonnes of CO2-equivalent,Transport
Botswana,2013,2.21,Tonnes of CO2-equivalent,Transport
Central African Republic,2013,0.09,Tonnes of CO2-equivalent,Transport
Canada,2013,178.6,Tonnes of CO2-equivalent,Transport
Switzerland,2013,17.53,Tonnes of CO2-equivalent,Transport
Chile,2013,25.07,Tonnes of CO2-equivalent,Transport
China,2013,760.69,Tonnes of CO2-equivalent,Transport
Cote d'Ivoire,2013,2.62,Tonnes of CO2-equivalent,Transport
Cameroon,2013,3.28,Tonnes of CO2-equivalent,Transport
"Congo, Dem. Rep.",2013,3.39,Tonnes of CO2-equivalent,Transport
"Congo, Rep.",2013,1.98,Tonnes of CO2-equivalent,Transport
Cook Islands,2013,0.06,Tonnes of CO2-equivalent,Transport
Colombia,2013,25.68,Tonnes of CO2-equivalent,Transport
Comoros,2013,0.12,Tonnes of CO2-equivalent,Transport
Cabo Verde,2013,0.25,Tonnes of CO2-equivalent,Transport
Costa Rica,2013,5.0,Tonnes of CO2-equivalent,Transport
Cuba,2013,1.27,Tonnes of CO2-equivalent,Transport
Cyprus,2013,1.85,Tonnes of CO2-equivalent,Transport
Czechia,2013,16.45,Tonnes of CO2-equivalent,Transport
Germany,2013,156.58,Tonnes of CO2-equivalent,Transport
Djibouti,2013,0.09,Tonnes of CO2-equivalent,Transport
Dominica,2013,0.05,Tonnes of CO2-equivalent,Transport
Denmark,2013,11.71,Tonnes of CO2-equivalent,Transport
Dominican Republic,2013,5.95,Tonnes of CO2-equivalent,Transport
Algeria,2013,41.14,Tonnes of CO2-equivalent,Transport
Ecuador,2013,15.49,Tonnes of CO2-equivalent,Transport
"Egypt, Arab Rep.",2013,52.61,Tonnes of CO2-equivalent,Transport
Eritrea,2013,0.2,Tonnes of CO2-equivalent,Transport
Spain,2013,83.47,Tonnes of CO2-equivalent,Transport
Estonia,2013,2.29,Tonnes of CO2-equivalent,Transport
Ethiopia,2013,3.88,Tonnes of CO2-equivalent,Transport
European Union,2013,769.98,Tonnes of CO2-equivalent,Transport
Finland,2013,12.16,Tonnes of CO2-equivalent,Transport
Fiji,2013,0.57,Tonnes of CO2-equivalent,Transport
France,2013,129.21,Tonnes of CO2-equivalent,Transport
"Micronesia, Fed. Sts.",2013,0.08,Tonnes of CO2-equivalent,Transport
Gabon,2013,0.87,Tonnes of CO2-equivalent,Transport
United Kingdom,2013,117.18,Tonnes of CO2-equivalent,Transport
Georgia,2013,3.17,Tonnes of CO2-equivalent,Transport
Ghana,2013,7.44,Tonnes of CO2-equivalent,Transport
Guinea,2013,1.07,Tonnes of CO2-equivalent,Transport
"Gambia, The",2013,0.07,Tonnes of CO2-equivalent,Transport
Guinea-Bissau,2013,0.11,Tonnes of CO2-equivalent,Transport
Equatorial Guinea,2013,0.59,Tonnes of CO2-equivalent,Transport
Greece,2013,16.75,Tonnes of CO2-equivalent,Transport
Grenada,2013,0.1,Tonnes of CO2-equivalent,Transport
Guatemala,2013,6.13,Tonnes of CO2-equivalent,Transport
Guyana,2013,0.65,Tonnes of CO2-equivalent,Transport
Honduras,2013,3.24,Tonnes of CO2-equivalent,Transport
Croatia,2013,5.77,Tonnes of CO2-equivalent,Transport
Haiti,2013,0.92,Tonnes of CO2-equivalent,Transport
Hungary,2013,10.07,Tonnes of CO2-equivalent,Transport
Indonesia,2013,139.8,Tonnes of CO2-equivalent,Transport
India,2013,232.0,Tonnes of CO2-equivalent,Transport
Ireland,2013,10.98,Tonnes of CO2-equivalent,Transport
"Iran, Islamic Rep.",2013,131.89,Tonnes of CO2-equivalent,Transport
Iraq,2013,32.48,Tonnes of CO2-equivalent,Transport
Iceland,2013,0.84,Tonnes of CO2-equivalent,Transport
Israel,2013,16.3,Tonnes of CO2-equivalent,Transport
Italy,2013,103.25,Tonnes of CO2-equivalent,Transport
Jamaica,2013,1.66,Tonnes of CO2-equivalent,Transport
Jordan,2013,7.3,Tonnes of CO2-equivalent,Transport
Japan,2013,223.91,Tonnes of CO2-equivalent,Transport
Kazakhstan,2013,14.22,Tonnes of CO2-equivalent,Transport
Kenya,2013,5.96,Tonnes of CO2-equivalent,Transport
Kyrgyz Republic,2013,4.05,Tonnes of CO2-equivalent,Transport
Cambodia,2013,3.49,Tonnes of CO2-equivalent,Transport
Kiribati,2013,0.03,Tonnes of CO2-equivalent,Transport
St. Kitts and Nevis,2013,0.07,Tonnes of CO2-equivalent,Transport
"Korea, Rep.",2013,93.21,Tonnes of CO2-equivalent,Transport
Kuwait,2013,13.52,Tonnes of CO2-equivalent,Transport
Lao PDR,2013,1.96,Tonnes of CO2-equivalent,Transport
Lebanon,2013,6.92,Tonnes of CO2-equivalent,Transport
Liberia,2013,0.54,Tonnes of CO2-equivalent,Transport
Libya,2013,18.19,Tonnes of CO2-equivalent,Transport
St. Lucia,2013,0.21,Tonnes of CO2-equivalent,Transport
Sri Lanka,2013,7.91,Tonnes of CO2-equivalent,Transport
Lesotho,2013,0.42,Tonnes of CO2-equivalent,Transport
Lithuania,2013,4.4,Tonnes of CO2-equivalent,Transport
Luxembourg,2013,6.63,Tonnes of CO2-equivalent,Transport
Latvia,2013,2.85,Tonnes of CO2-equivalent,Transport
Morocco,2013,15.5,Tonnes of CO2-equivalent,Transport
Moldova,2013,1.76,Tonnes of CO2-equivalent,Transport
Madagascar,2013,1.09,Tonnes of CO2-equivalent,Transport
Maldives,2013,0.69,Tonnes of CO2-equivalent,Transport
Mexico,2013,155.2,Tonnes of CO2-equivalent,Transport
Marshall Islands,2013,0.08,Tonnes of CO2-equivalent,Transport
North Macedonia,2013,1.58,Tonnes of CO2-equivalent,Transport
Mali,2013,1.47,Tonnes of CO2-equivalent,Transport
Malta,2013,0.56,Tonnes of CO2-equivalent,Transport
Myanmar,2013,3.67,Tonnes of CO2-equivalent,Transport
Montenegro,2013,0.51,Tonnes of CO2-equivalent,Transport
Mongolia,2013,2.02,Tonnes of CO2-equivalent,Transport
Mozambique,2013,2.63,Tonnes of CO2-equivalent,Transport
Mauritania,2013,0.0,Tonnes of CO2-equivalent,Transport
Mauritius,2013,1.0,Tonnes of CO2-equivalent,Transport
Malawi,2013,0.7,Tonnes of CO2-equivalent,Transport
Malaysia,2013,59.85,Tonnes of CO2-equivalent,Transport
Namibia,2013,1.92,Tonnes of CO2-equivalent,Transport
Niger,2013,1.13,Tonnes of CO2-equivalent,Transport
Nigeria,2013,46.27,Tonnes of CO2-equivalent,Transport
Nicaragua,2013,1.75,Tonnes of CO2-equivalent,Transport
Niue,2013,0.0,Tonnes of CO2-equivalent,Transport
Netherlands,2013,31.94,Tonnes of CO2-equivalent,Transport
Norway,2013,15.29,Tonnes of CO2-equivalent,Transport
Nepal,2013,1.92,Tonnes of CO2-equivalent,Transport
Nauru,2013,0.01,Tonnes of CO2-equivalent,Transport
New Zealand,2013,14.05,Tonnes of CO2-equivalent,Transport
Oman,2013,12.29,Tonnes of CO2-equivalent,Transport
Pakistan,2013,37.68,Tonnes of CO2-equivalent,Transport
Panama,2013,3.8,Tonnes of CO2-equivalent,Transport
Peru,2013,20.09,Tonnes of CO2-equivalent,Transport
Philippines,2013,26.2,Tonnes of CO2-equivalent,Transport
Palau,2013,0.15,Tonnes of CO2-equivalent,Transport
Papua New Guinea,2013,1.44,Tonnes of CO2-equivalent,Transport
Poland,2013,44.33,Tonnes of CO2-equivalent,Transport
"Korea, Dem. People's Rep.",2013,1.48,Tonnes of CO2-equivalent,Transport
Portugal,2013,15.99,Tonnes of CO2-equivalent,Transport
Paraguay,2013,4.87,Tonnes of CO2-equivalent,Transport
Qatar,2013,10.43,Tonnes of CO2-equivalent,Transport
Romania,2013,15.34,Tonnes of CO2-equivalent,Transport
Russian Federation,2013,244.03,Tonnes of CO2-equivalent,Transport
Rwanda,2013,0.5,Tonnes of CO2-equivalent,Transport
Saudi Arabia,2013,132.25,Tonnes of CO2-equivalent,Transport
Sudan,2013,8.99,Tonnes of CO2-equivalent,Transport
Senegal,2013,2.38,Tonnes of CO2-equivalent,Transport
Singapore,2013,6.66,Tonnes of CO2-equivalent,Transport
Solomon Islands,2013,0.27,Tonnes of CO2-equivalent,Transport
Sierra Leone,2013,0.55,Tonnes of CO2-equivalent,Transport
El Salvador,2013,2.85,Tonnes of CO2-equivalent,Transport
Somalia,2013,0.13,Tonnes of CO2-equivalent,Transport
Serbia,2013,5.89,Tonnes of CO2-equivalent,Transport
South Sudan,2013,0.95,Tonnes of CO2-equivalent,Transport
Sao Tome and Principe,2013,0.04,Tonnes of CO2-equivalent,Transport
Suriname,2013,0.64,Tonnes of CO2-equivalent,Transport
Slovak Republic,2013,6.63,Tonnes of CO2-equivalent,Transport
Slovenia,2013,5.42,Tonnes of CO2-equivalent,Transport
Sweden,2013,19.43,Tonnes of CO2-equivalent,Transport
Eswatini,2013,0.69,Tonnes of CO2-equivalent,Transport
Seychelles,2013,0.09,Tonnes of CO2-equivalent,Transport
Syrian Arab Republic,2013,6.67,Tonnes of CO2-equivalent,Transport
Chad,2013,1.02,Tonnes of CO2-equivalent,Transport
Togo,2013,0.76,Tonnes of CO2-equivalent,Transport
Thailand,2013,61.69,Tonnes of CO2-equivalent,Transport
Tajikistan,2013,0.93,Tonnes of CO2-equivalent,Transport
Turkmenistan,2013,11.31,Tonnes of CO2-equivalent,Transport
Timor-Leste,2013,0.18,Tonnes of CO2-equivalent,Transport
Tonga,2013,0.07,Tonnes of CO2-equivalent,Transport
Trinidad and Tobago,2013,3.05,Tonnes of CO2-equivalent,Transport
Tunisia,2013,6.18,Tonnes of CO2-equivalent,Transport
Turkiye,2013,58.44,Tonnes of CO2-equivalent,Transport
Tuvalu,2013,0.0,Tonnes of CO2-equivalent,Transport
Tanzania,2013,6.49,Tonnes of CO2-equivalent,Transport
Uganda,2013,2.26,Tonnes of CO2-equivalent,Transport
Ukraine,2013,32.06,Tonnes of CO2-equivalent,Transport
Uruguay,2013,3.53,Tonnes of CO2-equivalent,Transport
United States,2013,1700.9,Tonnes of CO2-equivalent,Transport
Uzbekistan,2013,9.11,Tonnes of CO2-equivalent,Transport
St. Vincent and the Grenadines,2013,0.12,Tonnes of CO2-equivalent,Transport
"Venezuela, RB",2013,55.0,Tonnes of CO2-equivalent,Transport
Viet Nam,2013,30.03,Tonnes of CO2-equivalent,Transport
Vanuatu,2013,0.08,Tonnes of CO2-equivalent,Transport
World,2013,7565.61,Tonnes of CO2-equivalent,Transport
Samoa,2013,0.11,Tonnes of CO2-equivalent,Transport
"Yemen, Rep.",2013,8.53,Tonnes of CO2-equivalent,Transport
South Africa,2013,55.04,Tonnes of CO2-equivalent,Transport
Zambia,2013,1.71,Tonnes of CO2-equivalent,Transport
Zimbabwe,2013,2.92,Tonnes of CO2-equivalent,Transport
Afghanistan,2012,5.85,Tonnes of CO2-equivalent,Transport
Angola,2012,6.9,Tonnes of CO2-equivalent,Transport
Albania,2012,2.31,Tonnes of CO2-equivalent,Transport
United Arab Emirates,2012,31.58,Tonnes of CO2-equivalent,Transport
Argentina,2012,46.22,Tonnes of CO2-equivalent,Transport
Armenia,2012,1.37,Tonnes of CO2-equivalent,Transport
Antigua and Barbuda,2012,0.2,Tonnes of CO2-equivalent,Transport
Australia,2012,92.96,Tonnes of CO2-equivalent,Transport
Austria,2012,22.23,Tonnes of CO2-equivalent,Transport
Azerbaijan,2012,6.57,Tonnes of CO2-equivalent,Transport
Burundi,2012,0.31,Tonnes of CO2-equivalent,Transport
Belgium,2012,25.28,Tonnes of CO2-equivalent,Transport
Benin,2012,3.51,Tonnes of CO2-equivalent,Transport
Burkina Faso,2012,1.65,Tonnes of CO2-equivalent,Transport
Bangladesh,2012,9.03,Tonnes of CO2-equivalent,Transport
Bulgaria,2012,8.41,Tonnes of CO2-equivalent,Transport
Bahrain,2012,3.25,Tonnes of CO2-equivalent,Transport
"Bahamas, The",2012,0.48,Tonnes of CO2-equivalent,Transport
Bosnia and Herzegovina,2012,3.25,Tonnes of CO2-equivalent,Transport
Belarus,2012,11.99,Tonnes of CO2-equivalent,Transport
Belize,2012,0.34,Tonnes of CO2-equivalent,Transport
Bolivia,2012,7.53,Tonnes of CO2-equivalent,Transport
Brazil,2012,209.13,Tonnes of CO2-equivalent,Transport
Barbados,2012,0.44,Tonnes of CO2-equivalent,Transport
Brunei Darussalam,2012,1.38,Tonnes of CO2-equivalent,Transport
Bhutan,2012,0.4,Tonnes of CO2-equivalent,Transport
Botswana,2012,2.12,Tonnes of CO2-equivalent,Transport
Central African Republic,2012,0.14,Tonnes of CO2-equivalent,Transport
Canada,2012,174.74,Tonnes of CO2-equivalent,Transport
Switzerland,2012,17.58,Tonnes of CO2-equivalent,Transport
Chile,2012,22.96,Tonnes of CO2-equivalent,Transport
China,2012,704.19,Tonnes of CO2-equivalent,Transport
Cote d'Ivoire,2012,2.41,Tonnes of CO2-equivalent,Transport
Cameroon,2012,3.09,Tonnes of CO2-equivalent,Transport
"Congo, Dem. Rep.",2012,2.16,Tonnes of CO2-equivalent,Transport
"Congo, Rep.",2012,1.67,Tonnes of CO2-equivalent,Transport
Cook Islands,2012,0.06,Tonnes of CO2-equivalent,Transport
Colombia,2012,27.17,Tonnes of CO2-equivalent,Transport
Comoros,2012,0.08,Tonnes of CO2-equivalent,Transport
Cabo Verde,2012,0.27,Tonnes of CO2-equivalent,Transport
Costa Rica,2012,4.92,Tonnes of CO2-equivalent,Transport
Cuba,2012,1.09,Tonnes of CO2-equivalent,Transport
Cyprus,2012,2.06,Tonnes of CO2-equivalent,Transport
Czechia,2012,16.6,Tonnes of CO2-equivalent,Transport
Germany,2012,152.73,Tonnes of CO2-equivalent,Transport
Djibouti,2012,0.05,Tonnes of CO2-equivalent,Transport
Dominica,2012,0.05,Tonnes of CO2-equivalent,Transport
Denmark,2012,11.92,Tonnes of CO2-equivalent,Transport
Dominican Republic,2012,6.74,Tonnes of CO2-equivalent,Transport
Algeria,2012,39.47,Tonnes of CO2-equivalent,Transport
Ecuador,2012,14.52,Tonnes of CO2-equivalent,Transport
"Egypt, Arab Rep.",2012,52.11,Tonnes of CO2-equivalent,Transport
Eritrea,2012,0.21,Tonnes of CO2-equivalent,Transport
Spain,2012,84.93,Tonnes of CO2-equivalent,Transport
Estonia,2012,2.34,Tonnes of CO2-equivalent,Transport
Ethiopia,2012,3.32,Tonnes of CO2-equivalent,Transport
European Union,2012,777.77,Tonnes of CO2-equivalent,Transport
Finland,2012,12.31,Tonnes of CO2-equivalent,Transport
Fiji,2012,0.46,Tonnes of CO2-equivalent,Transport
France,2012,130.25,Tonnes of CO2-equivalent,Transport
"Micronesia, Fed. Sts.",2012,0.08,Tonnes of CO2-equivalent,Transport
Gabon,2012,0.77,Tonnes of CO2-equivalent,Transport
United Kingdom,2012,117.94,Tonnes of CO2-equivalent,Transport
Georgia,2012,2.52,Tonnes of CO2-equivalent,Transport
Ghana,2012,7.03,Tonnes of CO2-equivalent,Transport
Guinea,2012,1.06,Tonnes of CO2-equivalent,Transport
"Gambia, The",2012,0.07,Tonnes of CO2-equivalent,Transport
Guinea-Bissau,2012,0.1,Tonnes of CO2-equivalent,Transport
Equatorial Guinea,2012,0.56,Tonnes of CO2-equivalent,Transport
Greece,2012,16.87,Tonnes of CO2-equivalent,Transport
Grenada,2012,0.1,Tonnes of CO2-equivalent,Transport
Guatemala,2012,5.84,Tonnes of CO2-equivalent,Transport
Guyana,2012,0.68,Tonnes of CO2-equivalent,Transport
Honduras,2012,3.25,Tonnes of CO2-equivalent,Transport
Croatia,2012,5.69,Tonnes of CO2-equivalent,Transport
Haiti,2012,0.99,Tonnes of CO2-equivalent,Transport
Hungary,2012,10.79,Tonnes of CO2-equivalent,Transport
Indonesia,2012,133.04,Tonnes of CO2-equivalent,Transport
India,2012,227.07,Tonnes of CO2-equivalent,Transport
Ireland,2012,10.83,Tonnes of CO2-equivalent,Transport
"Iran, Islamic Rep.",2012,127.29,Tonnes of CO2-equivalent,Transport
Iraq,2012,33.98,Tonnes of CO2-equivalent,Transport
Iceland,2012,0.82,Tonnes of CO2-equivalent,Transport
Israel,2012,17.59,Tonnes of CO2-equivalent,Transport
Italy,2012,105.11,Tonnes of CO2-equivalent,Transport
Jamaica,2012,1.56,Tonnes of CO2-equivalent,Transport
Jordan,2012,7.05,Tonnes of CO2-equivalent,Transport
Japan,2012,226.67,Tonnes of CO2-equivalent,Transport
Kazakhstan,2012,15.1,Tonnes of CO2-equivalent,Transport
Kenya,2012,5.02,Tonnes of CO2-equivalent,Transport
Kyrgyz Republic,2012,4.05,Tonnes of CO2-equivalent,Transport
Cambodia,2012,3.41,Tonnes of CO2-equivalent,Transport
Kiribati,2012,0.02,Tonnes of CO2-equivalent,Transport
St. Kitts and Nevis,2012,0.07,Tonnes of CO2-equivalent,Transport
"Korea, Rep.",2012,89.83,Tonnes of CO2-equivalent,Transport
Kuwait,2012,12.84,Tonnes of CO2-equivalent,Transport
Lao PDR,2012,1.72,Tonnes of CO2-equivalent,Transport
Lebanon,2012,8.35,Tonnes of CO2-equivalent,Transport
Liberia,2012,0.54,Tonnes of CO2-equivalent,Transport
Libya,2012,17.36,Tonnes of CO2-equivalent,Transport
St. Lucia,2012,0.21,Tonnes of CO2-equivalent,Transport
Sri Lanka,2012,8.18,Tonnes of CO2-equivalent,Transport
Lesotho,2012,0.44,Tonnes of CO2-equivalent,Transport
Lithuania,2012,4.4,Tonnes of CO2-equivalent,Transport
Luxembourg,2012,6.77,Tonnes of CO2-equivalent,Transport
Latvia,2012,2.82,Tonnes of CO2-equivalent,Transport
Morocco,2012,14.94,Tonnes of CO2-equivalent,Transport
Moldova,2012,1.68,Tonnes of CO2-equivalent,Transport
Madagascar,2012,1.04,Tonnes of CO2-equivalent,Transport
Maldives,2012,0.73,Tonnes of CO2-equivalent,Transport
Mexico,2012,157.11,Tonnes of CO2-equivalent,Transport
Marshall Islands,2012,0.09,Tonnes of CO2-equivalent,Transport
North Macedonia,2012,1.39,Tonnes of CO2-equivalent,Transport
Mali,2012,1.96,Tonnes of CO2-equivalent,Transport
Malta,2012,0.56,Tonnes of CO2-equivalent,Transport
Myanmar,2012,3.16,Tonnes of CO2-equivalent,Transport
Montenegro,2012,0.63,Tonnes of CO2-equivalent,Transport
Mongolia,2012,2.07,Tonnes of CO2-equivalent,Transport
Mozambique,2012,2.43,Tonnes of CO2-equivalent,Transport
Mauritania,2012,0.0,Tonnes of CO2-equivalent,Transport
Mauritius,2012,0.98,Tonnes of CO2-equivalent,Transport
Malawi,2012,0.66,Tonnes of CO2-equivalent,Transport
Malaysia,2012,45.63,Tonnes of CO2-equivalent,Transport
Namibia,2012,1.81,Tonnes of CO2-equivalent,Transport
Niger,2012,1.07,Tonnes of CO2-equivalent,Transport
Nigeria,2012,36.35,Tonnes of CO2-equivalent,Transport
Nicaragua,2012,1.74,Tonnes of CO2-equivalent,Transport
Niue,2012,0.0,Tonnes of CO2-equivalent,Transport
Netherlands,2012,33.52,Tonnes of CO2-equivalent,Transport
Norway,2012,15.42,Tonnes of CO2-equivalent,Transport
Nepal,2012,1.7,Tonnes of CO2-equivalent,Transport
Nauru,2012,0.01,Tonnes of CO2-equivalent,Transport
New Zealand,2012,13.9,Tonnes of CO2-equivalent,Transport
Oman,2012,11.16,Tonnes of CO2-equivalent,Transport
Pakistan,2012,36.83,Tonnes of CO2-equivalent,Transport
Panama,2012,3.81,Tonnes of CO2-equivalent,Transport
Peru,2012,18.49,Tonnes of CO2-equivalent,Transport
Philippines,2012,25.09,Tonnes of CO2-equivalent,Transport
Palau,2012,0.15,Tonnes of CO2-equivalent,Transport
Papua New Guinea,2012,1.36,Tonnes of CO2-equivalent,Transport
Poland,2012,47.1,Tonnes of CO2-equivalent,Transport
"Korea, Dem. People's Rep.",2012,1.35,Tonnes of CO2-equivalent,Transport
Portugal,2012,16.23,Tonnes of CO2-equivalent,Transport
Paraguay,2012,4.53,Tonnes of CO2-equivalent,Transport
Qatar,2012,9.53,Tonnes of CO2-equivalent,Transport
Romania,2012,15.75,Tonnes of CO2-equivalent,Transport
Russian Federation,2012,242.56,Tonnes of CO2-equivalent,Transport
Rwanda,2012,0.42,Tonnes of CO2-equivalent,Transport
Saudi Arabia,2012,130.07,Tonnes of CO2-equivalent,Transport
Sudan,2012,8.6,Tonnes of CO2-equivalent,Transport
Senegal,2012,2.14,Tonnes of CO2-equivalent,Transport
Singapore,2012,7.17,Tonnes of CO2-equivalent,Transport
Solomon Islands,2012,0.25,Tonnes of CO2-equivalent,Transport
Sierra Leone,2012,0.41,Tonnes of CO2-equivalent,Transport
El Salvador,2012,2.81,Tonnes of CO2-equivalent,Transport
Somalia,2012,0.13,Tonnes of CO2-equivalent,Transport
Serbia,2012,5.35,Tonnes of CO2-equivalent,Transport
South Sudan,2012,0.97,Tonnes of CO2-equivalent,Transport
Sao Tome and Principe,2012,0.04,Tonnes of CO2-equivalent,Transport
Suriname,2012,0.71,Tonnes of CO2-equivalent,Transport
Slovak Republic,2012,6.62,Tonnes of CO2-equivalent,Transport
Slovenia,2012,5.72,Tonnes of CO2-equivalent,Transport
Sweden,2012,19.93,Tonnes of CO2-equivalent,Transport
Eswatini,2012,0.53,Tonnes of CO2-equivalent,Transport
Seychelles,2012,0.09,Tonnes of CO2-equivalent,Transport
Syrian Arab Republic,2012,10.83,Tonnes of CO2-equivalent,Transport
Chad,2012,0.99,Tonnes of CO2-equivalent,Transport
Togo,2012,1.29,Tonnes of CO2-equivalent,Transport
Thailand,2012,62.21,Tonnes of CO2-equivalent,Transport
Tajikistan,2012,0.9,Tonnes of CO2-equivalent,Transport
Turkmenistan,2012,10.57,Tonnes of CO2-equivalent,Transport
Timor-Leste,2012,0.19,Tonnes of CO2-equivalent,Transport
Tonga,2012,0.07,Tonnes of CO2-equivalent,Transport
Trinidad and Tobago,2012,3.19,Tonnes of CO2-equivalent,Transport
Tunisia,2012,6.49,Tonnes of CO2-equivalent,Transport
Turkiye,2012,52.13,Tonnes of CO2-equivalent,Transport
Tuvalu,2012,0.0,Tonnes of CO2-equivalent,Transport
Tanzania,2012,5.89,Tonnes of CO2-equivalent,Transport
Uganda,2012,2.1,Tonnes of CO2-equivalent,Transport
Ukraine,2012,31.99,Tonnes of CO2-equivalent,Transport
Uruguay,2012,3.35,Tonnes of CO2-equivalent,Transport
United States,2012,1649.51,Tonnes of CO2-equivalent,Transport
Uzbekistan,2012,10.29,Tonnes of CO2-equivalent,Transport
St. Vincent and the Grenadines,2012,0.14,Tonnes of CO2-equivalent,Transport
"Venezuela, RB",2012,55.86,Tonnes of CO2-equivalent,Transport
Viet Nam,2012,30.8,Tonnes of CO2-equivalent,Transport
Vanuatu,2012,0.08,Tonnes of CO2-equivalent,Transport
World,2012,7373.68,Tonnes of CO2-equivalent,Transport
Samoa,2012,0.11,Tonnes of CO2-equivalent,Transport
"Yemen, Rep.",2012,5.64,Tonnes of CO2-equivalent,Transport
South Africa,2012,50.12,Tonnes of CO2-equivalent,Transport
Zambia,2012,1.66,Tonnes of CO2-equivalent,Transport
Zimbabwe,2012,2.63,Tonnes of CO2-equivalent,Transport
Afghanistan,2012,5.85,Tonnes of CO2-equivalent,Transport
Angola,2012,6.9,Tonnes of CO2-equivalent,Transport
Albania,2012,2.31,Tonnes of CO2-equivalent,Transport
United Arab Emirates,2012,31.58,Tonnes of CO2-equivalent,Transport
Argentina,2012,46.22,Tonnes of CO2-equivalent,Transport
Armenia,2012,1.37,Tonnes of CO2-equivalent,Transport
Antigua and Barbuda,2012,0.2,Tonnes of CO2-equivalent,Transport
Australia,2012,92.96,Tonnes of CO2-equivalent,Transport
Austria,2012,22.23,Tonnes of CO2-equivalent,Transport
Azerbaijan,2012,6.57,Tonnes of CO2-equivalent,Transport
Burundi,2012,0.31,Tonnes of CO2-equivalent,Transport
Belgium,2012,25.28,Tonnes of CO2-equivalent,Transport
Benin,2012,3.51,Tonnes of CO2-equivalent,Transport
Burkina Faso,2012,1.65,Tonnes of CO2-equivalent,Transport
Bangladesh,2012,9.03,Tonnes of CO2-equivalent,Transport
Bulgaria,2012,8.41,Tonnes of CO2-equivalent,Transport
Bahrain,2012,3.25,Tonnes of CO2-equivalent,Transport
"Bahamas, The",2012,0.48,Tonnes of CO2-equivalent,Transport
Bosnia and Herzegovina,2012,3.25,Tonnes of CO2-equivalent,Transport
Belarus,2012,11.99,Tonnes of CO2-equivalent,Transport
Belize,2012,0.34,Tonnes of CO2-equivalent,Transport
Bolivia,2012,7.53,Tonnes of CO2-equivalent,Transport
Brazil,2012,209.13,Tonnes of CO2-equivalent,Transport
Barbados,2012,0.44,Tonnes of CO2-equivalent,Transport
Brunei Darussalam,2012,1.38,Tonnes of CO2-equivalent,Transport
Bhutan,2012,0.4,Tonnes of CO2-equivalent,Transport
Botswana,2012,2.12,Tonnes of CO2-equivalent,Transport
Central African Republic,2012,0.14,Tonnes of CO2-equivalent,Transport
Canada,2012,174.74,Tonnes of CO2-equivalent,Transport
Switzerland,2012,17.58,Tonnes of CO2-equivalent,Transport
Chile,2012,22.96,Tonnes of CO2-equivalent,Transport
China,2012,704.19,Tonnes of CO2-equivalent,Transport
Cote d'Ivoire,2012,2.41,Tonnes of CO2-equivalent,Transport
Cameroon,2012,3.09,Tonnes of CO2-equivalent,Transport
"Congo, Dem. Rep.",2012,2.16,Tonnes of CO2-equivalent,Transport
"Congo, Rep.",2012,1.67,Tonnes of CO2-equivalent,Transport
Cook Islands,2012,0.06,Tonnes of CO2-equivalent,Transport
Colombia,2012,27.17,Tonnes of CO2-equivalent,Transport
Comoros,2012,0.08,Tonnes of CO2-equivalent,Transport
Cabo Verde,2012,0.27,Tonnes of CO2-equivalent,Transport
Costa Rica,2012,4.92,Tonnes of CO2-equivalent,Transport
Cuba,2012,1.09,Tonnes of CO2-equivalent,Transport
Cyprus,2012,2.06,Tonnes of CO2-equivalent,Transport
Czechia,2012,16.6,Tonnes of CO2-equivalent,Transport
Germany,2012,152.73,Tonnes of CO2-equivalent,Transport
Djibouti,2012,0.05,Tonnes of CO2-equivalent,Transport
Dominica,2012,0.05,Tonnes of CO2-equivalent,Transport
Denmark,2012,11.92,Tonnes of CO2-equivalent,Transport
Dominican Republic,2012,6.74,Tonnes of CO2-equivalent,Transport
Algeria,2012,39.47,Tonnes of CO2-equivalent,Transport
Ecuador,2012,14.52,Tonnes of CO2-equivalent,Transport
"Egypt, Arab Rep.",2012,52.11,Tonnes of CO2-equivalent,Transport
Eritrea,2012,0.21,Tonnes of CO2-equivalent,Transport
Spain,2012,84.93,Tonnes of CO2-equivalent,Transport
Estonia,2012,2.34,Tonnes of CO2-equivalent,Transport
Ethiopia,2012,3.32,Tonnes of CO2-equivalent,Transport
European Union,2012,777.77,Tonnes of CO2-equivalent,Transport
Finland,2012,12.31,Tonnes of CO2-equivalent,Transport
Fiji,2012,0.46,Tonnes of CO2-equivalent,Transport
France,2012,130.25,Tonnes of CO2-equivalent,Transport
"Micronesia, Fed. Sts.",2012,0.08,Tonnes of CO2-equivalent,Transport
Gabon,2012,0.77,Tonnes of CO2-equivalent,Transport
United Kingdom,2012,117.94,Tonnes of CO2-equivalent,Transport
Georgia,2012,2.52,Tonnes of CO2-equivalent,Transport
Ghana,2012,7.03,Tonnes of CO2-equivalent,Transport
Guinea,2012,1.06,Tonnes of CO2-equivalent,Transport
"Gambia, The",2012,0.07,Tonnes of CO2-equivalent,Transport
Guinea-Bissau,2012,0.1,Tonnes of CO2-equivalent,Transport
Equatorial Guinea,2012,0.56,Tonnes of CO2-equivalent,Transport
Greece,2012,16.87,Tonnes of CO2-equivalent,Transport
Grenada,2012,0.1,Tonnes of CO2-equivalent,Transport
Guatemala,2012,5.84,Tonnes of CO2-equivalent,Transport
Guyana,2012,0.68,Tonnes of CO2-equivalent,Transport
Honduras,2012,3.25,Tonnes of CO2-equivalent,Transport
Croatia,2012,5.69,Tonnes of CO2-equivalent,Transport
Haiti,2012,0.99,Tonnes of CO2-equivalent,Transport
Hungary,2012,10.79,Tonnes of CO2-equivalent,Transport
Indonesia,2012,133.04,Tonnes of CO2-equivalent,Transport
India,2012,227.07,Tonnes of CO2-equivalent,Transport
Ireland,2012,10.83,Tonnes of CO2-equivalent,Transport
"Iran, Islamic Rep.",2012,127.29,Tonnes of CO2-equivalent,Transport
Iraq,2012,33.98,Tonnes of CO2-equivalent,Transport
Iceland,2012,0.82,Tonnes of CO2-equivalent,Transport
Israel,2012,17.59,Tonnes of CO2-equivalent,Transport
Italy,2012,105.11,Tonnes of CO2-equivalent,Transport
Jamaica,2012,1.56,Tonnes of CO2-equivalent,Transport
Jordan,2012,7.05,Tonnes of CO2-equivalent,Transport
Japan,2012,226.67,Tonnes of CO2-equivalent,Transport
Kazakhstan,2012,15.1,Tonnes of CO2-equivalent,Transport
Kenya,2012,5.02,Tonnes of CO2-equivalent,Transport
Kyrgyz Republic,2012,4.05,Tonnes of CO2-equivalent,Transport
Cambodia,2012,3.41,Tonnes of CO2-equivalent,Transport
Kiribati,2012,0.02,Tonnes of CO2-equivalent,Transport
St. Kitts and Nevis,2012,0.07,Tonnes of CO2-equivalent,Transport
"Korea, Rep.",2012,89.83,Tonnes of CO2-equivalent,Transport
Kuwait,2012,12.84,Tonnes of CO2-equivalent,Transport
Lao PDR,2012,1.72,Tonnes of CO2-equivalent,Transport
Lebanon,2012,8.35,Tonnes of CO2-equivalent,Transport
Liberia,2012,0.54,Tonnes of CO2-equivalent,Transport
Libya,2012,17.36,Tonnes of CO2-equivalent,Transport
St. Lucia,2012,0.21,Tonnes of CO2-equivalent,Transport
Sri Lanka,2012,8.18,Tonnes of CO2-equivalent,Transport
Lesotho,2012,0.44,Tonnes of CO2-equivalent,Transport
Lithuania,2012,4.4,Tonnes of CO2-equivalent,Transport
Luxembourg,2012,6.77,Tonnes of CO2-equivalent,Transport
Latvia,2012,2.82,Tonnes of CO2-equivalent,Transport
Morocco,2012,14.94,Tonnes of CO2-equivalent,Transport
Moldova,2012,1.68,Tonnes of CO2-equivalent,Transport
Madagascar,2012,1.04,Tonnes of CO2-equivalent,Transport
Maldives,2012,0.73,Tonnes of CO2-equivalent,Transport
Mexico,2012,157.11,Tonnes of CO2-equivalent,Transport
Marshall Islands,2012,0.09,Tonnes of CO2-equivalent,Transport
North Macedonia,2012,1.39,Tonnes of CO2-equivalent,Transport
Mali,2012,1.96,Tonnes of CO2-equivalent,Transport
Malta,2012,0.56,Tonnes of CO2-equivalent,Transport
Myanmar,2012,3.16,Tonnes of CO2-equivalent,Transport
Montenegro,2012,0.63,Tonnes of CO2-equivalent,Transport
Mongolia,2012,2.07,Tonnes of CO2-equivalent,Transport
Mozambique,2012,2.43,Tonnes of CO2-equivalent,Transport
Mauritania,2012,0.0,Tonnes of CO2-equivalent,Transport
Mauritius,2012,0.98,Tonnes of CO2-equivalent,Transport
Malawi,2012,0.66,Tonnes of CO2-equivalent,Transport
Malaysia,2012,45.63,Tonnes of CO2-equivalent,Transport
Namibia,2012,1.81,Tonnes of CO2-equivalent,Transport
Niger,2012,1.07,Tonnes of CO2-equivalent,Transport
Nigeria,2012,36.35,Tonnes of CO2-equivalent,Transport
Nicaragua,2012,1.74,Tonnes of CO2-equivalent,Transport
Niue,2012,0.0,Tonnes of CO2-equivalent,Transport
Netherlands,2012,33.52,Tonnes of CO2-equivalent,Transport
Norway,2012,15.42,Tonnes of CO2-equivalent,Transport
Nepal,2012,1.7,Tonnes of CO2-equivalent,Transport
Nauru,2012,0.01,Tonnes of CO2-equivalent,Transport
New Zealand,2012,13.9,Tonnes of CO2-equivalent,Transport
Oman,2012,11.16,Tonnes of CO2-equivalent,Transport
Pakistan,2012,36.83,Tonnes of CO2-equivalent,Transport
Panama,2012,3.81,Tonnes of CO2-equivalent,Transport
Peru,2012,18.49,Tonnes of CO2-equivalent,Transport
Philippines,2012,25.09,Tonnes of CO2-equivalent,Transport
Palau,2012,0.15,Tonnes of CO2-equivalent,Transport
Papua New Guinea,2012,1.36,Tonnes of CO2-equivalent,Transport
Poland,2012,47.1,Tonnes of CO2-equivalent,Transport
"Korea, Dem. People's Rep.",2012,1.35,Tonnes of CO2-equivalent,Transport
Portugal,2012,16.23,Tonnes of CO2-equivalent,Transport
Paraguay,2012,4.53,Tonnes of CO2-equivalent,Transport
Qatar,2012,9.53,Tonnes of CO2-equivalent,Transport
Romania,2012,15.75,Tonnes of CO2-equivalent,Transport
Russian Federation,2012,242.56,Tonnes of CO2-equivalent,Transport
Rwanda,2012,0.42,Tonnes of CO2-equivalent,Transport
Saudi Arabia,2012,130.07,Tonnes of CO2-equivalent,Transport
Sudan,2012,8.6,Tonnes of CO2-equivalent,Transport
Senegal,2012,2.14,Tonnes of CO2-equivalent,Transport
Singapore,2012,7.17,Tonnes of CO2-equivalent,Transport
Solomon Islands,2012,0.25,Tonnes of CO2-equivalent,Transport
Sierra Leone,2012,0.41,Tonnes of CO2-equivalent,Transport
El Salvador,2012,2.81,Tonnes of CO2-equivalent,Transport
Somalia,2012,0.13,Tonnes of CO2-equivalent,Transport
Serbia,2012,5.35,Tonnes of CO2-equivalent,Transport
South Sudan,2012,0.97,Tonnes of CO2-equivalent,Transport
Sao Tome and Principe,2012,0.04,Tonnes of CO2-equivalent,Transport
Suriname,2012,0.71,Tonnes of CO2-equivalent,Transport
Slovak Republic,2012,6.62,Tonnes of CO2-equivalent,Transport
Slovenia,2012,5.72,Tonnes of CO2-equivalent,Transport
Sweden,2012,19.93,Tonnes of CO2-equivalent,Transport
Eswatini,2012,0.53,Tonnes of CO2-equivalent,Transport
Seychelles,2012,0.09,Tonnes of CO2-equivalent,Transport
Syrian Arab Republic,2012,10.83,Tonnes of CO2-equivalent,Transport
Chad,2012,0.99,Tonnes of CO2-equivalent,Transport
Togo,2012,1.29,Tonnes of CO2-equivalent,Transport
Thailand,2012,62.21,Tonnes of CO2-equivalent,Transport
Tajikistan,2012,0.9,Tonnes of CO2-equivalent,Transport
Turkmenistan,2012,10.57,Tonnes of CO2-equivalent,Transport
Timor-Leste,2012,0.19,Tonnes of CO2-equivalent,Transport
Tonga,2012,0.07,Tonnes of CO2-equivalent,Transport
Trinidad and Tobago,2012,3.19,Tonnes of CO2-equivalent,Transport
Tunisia,2012,6.49,Tonnes of CO2-equivalent,Transport
Turkiye,2012,52.13,Tonnes of CO2-equivalent,Transport
Tuvalu,2012,0.0,Tonnes of CO2-equivalent,Transport
Tanzania,2012,5.89,Tonnes of CO2-equivalent,Transport
Uganda,2012,2.1,Tonnes of CO2-equivalent,Transport
Ukraine,2012,31.99,Tonnes of CO2-equivalent,Transport
Uruguay,2012,3.35,Tonnes of CO2-equivalent,Transport
United States,2012,1649.51,Tonnes of CO2-equivalent,Transport
Uzbekistan,2012,10.29,Tonnes of CO2-equivalent,Transport
St. Vincent and the Grenadines,2012,0.14,Tonnes of CO2-equivalent,Transport
"Venezuela, RB",2012,55.86,Tonnes of CO2-equivalent,Transport
Viet Nam,2012,30.8,Tonnes of CO2-equivalent,Transport
Vanuatu,2012,0.08,Tonnes of CO2-equivalent,Transport
World,2012,7373.68,Tonnes of CO2-equivalent,Transport
Samoa,2012,0.11,Tonnes of CO2-equivalent,Transport
"Yemen, Rep.",2012,5.64,Tonnes of CO2-equivalent,Transport
South Africa,2012,50.12,Tonnes of CO2-equivalent,Transport
Zambia,2012,1.66,Tonnes of CO2-equivalent,Transport
Zimbabwe,2012,2.63,Tonnes of CO2-equivalent,Transport
Afghanistan,2011,6.71,Tonnes of CO2-equivalent,Transport
Angola,2011,6.41,Tonnes of CO2-equivalent,Transport
Albania,2011,2.4,Tonnes of CO2-equivalent,Transport
United Arab Emirates,2011,30.87,Tonnes of CO2-equivalent,Transport
Argentina,2011,47.04,Tonnes of CO2-equivalent,Transport
Armenia,2011,1.36,Tonnes of CO2-equivalent,Transport
Antigua and Barbuda,2011,0.19,Tonnes of CO2-equivalent,Transport
Australia,2011,92.28,Tonnes of CO2-equivalent,Transport
Austria,2011,22.3,Tonnes of CO2-equivalent,Transport
Azerbaijan,2011,5.95,Tonnes of CO2-equivalent,Transport
Burundi,2011,0.31,Tonnes of CO2-equivalent,Transport
Belgium,2011,26.06,Tonnes of CO2-equivalent,Transport
Benin,2011,3.37,Tonnes of CO2-equivalent,Transport
Burkina Faso,2011,1.3,Tonnes of CO2-equivalent,Transport
Bangladesh,2011,8.94,Tonnes of CO2-equivalent,Transport
Bulgaria,2011,8.11,Tonnes of CO2-equivalent,Transport
Bahrain,2011,3.03,Tonnes of CO2-equivalent,Transport
"Bahamas, The",2011,0.5,Tonnes of CO2-equivalent,Transport
Bosnia and Herzegovina,2011,3.48,Tonnes of CO2-equivalent,Transport
Belarus,2011,11.18,Tonnes of CO2-equivalent,Transport
Belize,2011,0.46,Tonnes of CO2-equivalent,Transport
Bolivia,2011,6.93,Tonnes of CO2-equivalent,Transport
Brazil,2011,191.34,Tonnes of CO2-equivalent,Transport
Barbados,2011,0.46,Tonnes of CO2-equivalent,Transport
Brunei Darussalam,2011,1.32,Tonnes of CO2-equivalent,Transport
Bhutan,2011,0.35,Tonnes of CO2-equivalent,Transport
Botswana,2011,2.04,Tonnes of CO2-equivalent,Transport
Central African Republic,2011,0.13,Tonnes of CO2-equivalent,Transport
Canada,2011,174.39,Tonnes of CO2-equivalent,Transport
Switzerland,2011,17.43,Tonnes of CO2-equivalent,Transport
Chile,2011,22.37,Tonnes of CO2-equivalent,Transport
China,2011,638.59,Tonnes of CO2-equivalent,Transport
Cote d'Ivoire,2011,1.62,Tonnes of CO2-equivalent,Transport
Cameroon,2011,2.91,Tonnes of CO2-equivalent,Transport
"Congo, Dem. Rep.",2011,2.18,Tonnes of CO2-equivalent,Transport
"Congo, Rep.",2011,1.68,Tonnes of CO2-equivalent,Transport
Cook Islands,2011,0.05,Tonnes of CO2-equivalent,Transport
Colombia,2011,25.77,Tonnes of CO2-equivalent,Transport
Comoros,2011,0.08,Tonnes of CO2-equivalent,Transport
Cabo Verde,2011,0.29,Tonnes of CO2-equivalent,Transport
Costa Rica,2011,4.79,Tonnes of CO2-equivalent,Transport
Cuba,2011,1.25,Tonnes of CO2-equivalent,Transport
Cyprus,2011,2.23,Tonnes of CO2-equivalent,Transport
Czechia,2011,16.94,Tonnes of CO2-equivalent,Transport
Germany,2011,154.21,Tonnes of CO2-equivalent,Transport
Djibouti,2011,0.07,Tonnes of CO2-equivalent,Transport
Dominica,2011,0.05,Tonnes of CO2-equivalent,Transport
Denmark,2011,12.99,Tonnes of CO2-equivalent,Transport
Dominican Republic,2011,6.22,Tonnes of CO2-equivalent,Transport
Algeria,2011,34.94,Tonnes of CO2-equivalent,Transport
Ecuador,2011,14.03,Tonnes of CO2-equivalent,Transport
"Egypt, Arab Rep.",2011,47.88,Tonnes of CO2-equivalent,Transport
Eritrea,2011,0.24,Tonnes of CO2-equivalent,Transport
Spain,2011,94.33,Tonnes of CO2-equivalent,Transport
Estonia,2011,2.31,Tonnes of CO2-equivalent,Transport
Ethiopia,2011,2.92,Tonnes of CO2-equivalent,Transport
European Union,2011,808.58,Tonnes of CO2-equivalent,Transport
Finland,2011,12.62,Tonnes of CO2-equivalent,Transport
Fiji,2011,0.46,Tonnes of CO2-equivalent,Transport
France,2011,131.31,Tonnes of CO2-equivalent,Transport
"Micronesia, Fed. Sts.",2011,0.07,Tonnes of CO2-equivalent,Transport
Gabon,2011,0.74,Tonnes of CO2-equivalent,Transport
United Kingdom,2011,118.51,Tonnes of CO2-equivalent,Transport
Georgia,2011,2.37,Tonnes of CO2-equivalent,Transport
Ghana,2011,5.89,Tonnes of CO2-equivalent,Transport
Guinea,2011,1.0,Tonnes of CO2-equivalent,Transport
"Gambia, The",2011,0.07,Tonnes of CO2-equivalent,Transport
Guinea-Bissau,2011,0.1,Tonnes of CO2-equivalent,Transport
Equatorial Guinea,2011,0.54,Tonnes of CO2-equivalent,Transport
Greece,2011,20.17,Tonnes of CO2-equivalent,Transport
Grenada,2011,0.1,Tonnes of CO2-equivalent,Transport
Guatemala,2011,5.81,Tonnes of CO2-equivalent,Transport
Guyana,2011,0.66,Tonnes of CO2-equivalent,Transport
Honduras,2011,3.13,Tonnes of CO2-equivalent,Transport
Croatia,2011,5.9,Tonnes of CO2-equivalent,Transport
Haiti,2011,1.13,Tonnes of CO2-equivalent,Transport
Hungary,2011,11.13,Tonnes of CO2-equivalent,Transport
Indonesia,2011,111.41,Tonnes of CO2-equivalent,Transport
India,2011,214.56,Tonnes of CO2-equivalent,Transport
Ireland,2011,11.04,Tonnes of CO2-equivalent,Transport
"Iran, Islamic Rep.",2011,120.26,Tonnes of CO2-equivalent,Transport
Iraq,2011,30.67,Tonnes of CO2-equivalent,Transport
Iceland,2011,0.84,Tonnes of CO2-equivalent,Transport
Israel,2011,16.08,Tonnes of CO2-equivalent,Transport
Italy,2011,111.91,Tonnes of CO2-equivalent,Transport
Jamaica,2011,1.9,Tonnes of CO2-equivalent,Transport
Jordan,2011,5.48,Tonnes of CO2-equivalent,Transport
Japan,2011,229.07,Tonnes of CO2-equivalent,Transport
Kazakhstan,2011,13.94,Tonnes of CO2-equivalent,Transport
Kenya,2011,4.72,Tonnes of CO2-equivalent,Transport
Kyrgyz Republic,2011,2.85,Tonnes of CO2-equivalent,Transport
Cambodia,2011,3.23,Tonnes of CO2-equivalent,Transport
Kiribati,2011,0.02,Tonnes of CO2-equivalent,Transport
St. Kitts and Nevis,2011,0.07,Tonnes of CO2-equivalent,Transport
"Korea, Rep.",2011,87.33,Tonnes of CO2-equivalent,Transport
Kuwait,2011,12.5,Tonnes of CO2-equivalent,Transport
Lao PDR,2011,1.54,Tonnes of CO2-equivalent,Transport
Lebanon,2011,5.23,Tonnes of CO2-equivalent,Transport
Liberia,2011,0.5,Tonnes of CO2-equivalent,Transport
Libya,2011,13.99,Tonnes of CO2-equivalent,Transport
St. Lucia,2011,0.21,Tonnes of CO2-equivalent,Transport
Sri Lanka,2011,7.55,Tonnes of CO2-equivalent,Transport
Lesotho,2011,0.41,Tonnes of CO2-equivalent,Transport
Lithuania,2011,4.37,Tonnes of CO2-equivalent,Transport
Luxembourg,2011,7.09,Tonnes of CO2-equivalent,Transport
Latvia,2011,2.91,Tonnes of CO2-equivalent,Transport
Morocco,2011,14.72,Tonnes of CO2-equivalent,Transport
Moldova,2011,1.91,Tonnes of CO2-equivalent,Transport
Madagascar,2011,1.01,Tonnes of CO2-equivalent,Transport
Maldives,2011,0.61,Tonnes of CO2-equivalent,Transport
Mexico,2011,156.25,Tonnes of CO2-equivalent,Transport
Marshall Islands,2011,0.09,Tonnes of CO2-equivalent,Transport
North Macedonia,2011,1.45,Tonnes of CO2-equivalent,Transport
Mali,2011,1.92,Tonnes of CO2-equivalent,Transport
Malta,2011,0.57,Tonnes of CO2-equivalent,Transport
Myanmar,2011,2.45,Tonnes of CO2-equivalent,Transport
Montenegro,2011,0.66,Tonnes of CO2-equivalent,Transport
Mongolia,2011,1.81,Tonnes of CO2-equivalent,Transport
Mozambique,2011,2.11,Tonnes of CO2-equivalent,Transport
Mauritania,2011,0.0,Tonnes of CO2-equivalent,Transport
Mauritius,2011,0.95,Tonnes of CO2-equivalent,Transport
Malawi,2011,0.63,Tonnes of CO2-equivalent,Transport
Malaysia,2011,45.81,Tonnes of CO2-equivalent,Transport
Namibia,2011,1.85,Tonnes of CO2-equivalent,Transport
Niger,2011,0.79,Tonnes of CO2-equivalent,Transport
Nigeria,2011,32.79,Tonnes of CO2-equivalent,Transport
Nicaragua,2011,1.65,Tonnes of CO2-equivalent,Transport
Niue,2011,0.0,Tonnes of CO2-equivalent,Transport
Netherlands,2011,35.02,Tonnes of CO2-equivalent,Transport
Norway,2011,15.29,Tonnes of CO2-equivalent,Transport
Nepal,2011,2.0,Tonnes of CO2-equivalent,Transport
Nauru,2011,0.01,Tonnes of CO2-equivalent,Transport
New Zealand,2011,14.0,Tonnes of CO2-equivalent,Transport
Oman,2011,9.84,Tonnes of CO2-equivalent,Transport
Pakistan,2011,36.02,Tonnes of CO2-equivalent,Transport
Panama,2011,3.77,Tonnes of CO2-equivalent,Transport
Peru,2011,18.13,Tonnes of CO2-equivalent,Transport
Philippines,2011,24.1,Tonnes of CO2-equivalent,Transport
Palau,2011,0.14,Tonnes of CO2-equivalent,Transport
Papua New Guinea,2011,1.17,Tonnes of CO2-equivalent,Transport
Poland,2011,49.02,Tonnes of CO2-equivalent,Transport
"Korea, Dem. People's Rep.",2011,1.37,Tonnes of CO2-equivalent,Transport
Portugal,2011,17.63,Tonnes of CO2-equivalent,Transport
Paraguay,2011,4.79,Tonnes of CO2-equivalent,Transport
Qatar,2011,10.08,Tonnes of CO2-equivalent,Transport
Romania,2011,14.45,Tonnes of CO2-equivalent,Transport
Russian Federation,2011,255.0,Tonnes of CO2-equivalent,Transport
Rwanda,2011,0.39,Tonnes of CO2-equivalent,Transport
Saudi Arabia,2011,119.54,Tonnes of CO2-equivalent,Transport
Sudan,2011,8.86,Tonnes of CO2-equivalent,Transport
Senegal,2011,2.24,Tonnes of CO2-equivalent,Transport
Singapore,2011,7.41,Tonnes of CO2-equivalent,Transport
Solomon Islands,2011,0.25,Tonnes of CO2-equivalent,Transport
Sierra Leone,2011,0.41,Tonnes of CO2-equivalent,Transport
El Salvador,2011,3.19,Tonnes of CO2-equivalent,Transport
Somalia,2011,0.14,Tonnes of CO2-equivalent,Transport
Serbia,2011,6.07,Tonnes of CO2-equivalent,Transport
Sao Tome and Principe,2011,0.04,Tonnes of CO2-equivalent,Transport
Suriname,2011,0.59,Tonnes of CO2-equivalent,Transport
Slovak Republic,2011,7.28,Tonnes of CO2-equivalent,Transport
Slovenia,2011,5.7,Tonnes of CO2-equivalent,Transport
Sweden,2011,20.97,Tonnes of CO2-equivalent,Transport
Eswatini,2011,0.53,Tonnes of CO2-equivalent,Transport
Seychelles,2011,0.09,Tonnes of CO2-equivalent,Transport
Syrian Arab Republic,2011,13.24,Tonnes of CO2-equivalent,Transport
Chad,2011,0.75,Tonnes of CO2-equivalent,Transport
Togo,2011,1.52,Tonnes of CO2-equivalent,Transport
Thailand,2011,60.11,Tonnes of CO2-equivalent,Transport
Tajikistan,2011,0.3,Tonnes of CO2-equivalent,Transport
Turkmenistan,2011,10.15,Tonnes of CO2-equivalent,Transport
Timor-Leste,2011,0.13,Tonnes of CO2-equivalent,Transport
Tonga,2011,0.07,Tonnes of CO2-equivalent,Transport
Trinidad and Tobago,2011,3.27,Tonnes of CO2-equivalent,Transport
Tunisia,2011,6.53,Tonnes of CO2-equivalent,Transport
Turkiye,2011,44.94,Tonnes of CO2-equivalent,Transport
Tuvalu,2011,0.01,Tonnes of CO2-equivalent,Transport
Tanzania,2011,4.53,Tonnes of CO2-equivalent,Transport
Uganda,2011,1.69,Tonnes of CO2-equivalent,Transport
Ukraine,2011,34.43,Tonnes of CO2-equivalent,Transport
Uruguay,2011,3.31,Tonnes of CO2-equivalent,Transport
United States,2011,1686.21,Tonnes of CO2-equivalent,Transport
Uzbekistan,2011,12.6,Tonnes of CO2-equivalent,Transport
St. Vincent and the Grenadines,2011,0.14,Tonnes of CO2-equivalent,Transport
"Venezuela, RB",2011,52.42,Tonnes of CO2-equivalent,Transport
Viet Nam,2011,31.26,Tonnes of CO2-equivalent,Transport
Vanuatu,2011,0.09,Tonnes of CO2-equivalent,Transport
World,2011,7312.02,Tonnes of CO2-equivalent,Transport
Samoa,2011,0.11,Tonnes of CO2-equivalent,Transport
"Yemen, Rep.",2011,6.85,Tonnes of CO2-equivalent,Transport
South Africa,2011,50.05,Tonnes of CO2-equivalent,Transport
Zambia,2011,1.38,Tonnes of CO2-equivalent,Transport
Zimbabwe,2011,2.32,Tonnes of CO2-equivalent,Transport
Afghanistan,2011,6.71,Tonnes of CO2-equivalent,Transport
Angola,2011,6.41,Tonnes of CO2-equivalent,Transport
Albania,2011,2.4,Tonnes of CO2-equivalent,Transport
United Arab Emirates,2011,30.87,Tonnes of CO2-equivalent,Transport
Argentina,2011,47.04,Tonnes of CO2-equivalent,Transport
Armenia,2011,1.36,Tonnes of CO2-equivalent,Transport
Antigua and Barbuda,2011,0.19,Tonnes of CO2-equivalent,Transport
Australia,2011,92.28,Tonnes of CO2-equivalent,Transport
Austria,2011,22.3,Tonnes of CO2-equivalent,Transport
Azerbaijan,2011,5.95,Tonnes of CO2-equivalent,Transport
Burundi,2011,0.31,Tonnes of CO2-equivalent,Transport
Belgium,2011,26.06,Tonnes of CO2-equivalent,Transport
Benin,2011,3.37,Tonnes of CO2-equivalent,Transport
Burkina Faso,2011,1.3,Tonnes of CO2-equivalent,Transport
Bangladesh,2011,8.94,Tonnes of CO2-equivalent,Transport
Bulgaria,2011,8.11,Tonnes of CO2-equivalent,Transport
Bahrain,2011,3.03,Tonnes of CO2-equivalent,Transport
"Bahamas, The",2011,0.5,Tonnes of CO2-equivalent,Transport
Bosnia and Herzegovina,2011,3.48,Tonnes of CO2-equivalent,Transport
Belarus,2011,11.18,Tonnes of CO2-equivalent,Transport
Belize,2011,0.46,Tonnes of CO2-equivalent,Transport
Bolivia,2011,6.93,Tonnes of CO2-equivalent,Transport
Brazil,2011,191.34,Tonnes of CO2-equivalent,Transport
Barbados,2011,0.46,Tonnes of CO2-equivalent,Transport
Brunei Darussalam,2011,1.32,Tonnes of CO2-equivalent,Transport
Bhutan,2011,0.35,Tonnes of CO2-equivalent,Transport
Botswana,2011,2.04,Tonnes of CO2-equivalent,Transport
Central African Republic,2011,0.13,Tonnes of CO2-equivalent,Transport
Canada,2011,174.39,Tonnes of CO2-equivalent,Transport
Switzerland,2011,17.43,Tonnes of CO2-equivalent,Transport
Chile,2011,22.37,Tonnes of CO2-equivalent,Transport
China,2011,638.59,Tonnes of CO2-equivalent,Transport
Cote d'Ivoire,2011,1.62,Tonnes of CO2-equivalent,Transport
Cameroon,2011,2.91,Tonnes of CO2-equivalent,Transport
"Congo, Dem. Rep.",2011,2.18,Tonnes of CO2-equivalent,Transport
"Congo, Rep.",2011,1.68,Tonnes of CO2-equivalent,Transport
Cook Islands,2011,0.05,Tonnes of CO2-equivalent,Transport
Colombia,2011,25.77,Tonnes of CO2-equivalent,Transport
Comoros,2011,0.08,Tonnes of CO2-equivalent,Transport
Cabo Verde,2011,0.29,Tonnes of CO2-equivalent,Transport
Costa Rica,2011,4.79,Tonnes of CO2-equivalent,Transport
Cuba,2011,1.25,Tonnes of CO2-equivalent,Transport
Cyprus,2011,2.23,Tonnes of CO2-equivalent,Transport
Czechia,2011,16.94,Tonnes of CO2-equivalent,Transport
Germany,2011,154.21,Tonnes of CO2-equivalent,Transport
Djibouti,2011,0.07,Tonnes of CO2-equivalent,Transport
Dominica,2011,0.05,Tonnes of CO2-equivalent,Transport
Denmark,2011,12.99,Tonnes of CO2-equivalent,Transport
Dominican Republic,2011,6.22,Tonnes of CO2-equivalent,Transport
Algeria,2011,34.94,Tonnes of CO2-equivalent,Transport
Ecuador,2011,14.03,Tonnes of CO2-equivalent,Transport
"Egypt, Arab Rep.",2011,47.88,Tonnes of CO2-equivalent,Transport
Eritrea,2011,0.24,Tonnes of CO2-equivalent,Transport
Spain,2011,94.33,Tonnes of CO2-equivalent,Transport
Estonia,2011,2.31,Tonnes of CO2-equivalent,Transport
Ethiopia,2011,2.92,Tonnes of CO2-equivalent,Transport
European Union,2011,808.58,Tonnes of CO2-equivalent,Transport
Finland,2011,12.62,Tonnes of CO2-equivalent,Transport
Fiji,2011,0.46,Tonnes of CO2-equivalent,Transport
France,2011,131.31,Tonnes of CO2-equivalent,Transport
"Micronesia, Fed. Sts.",2011,0.07,Tonnes of CO2-equivalent,Transport
Gabon,2011,0.74,Tonnes of CO2-equivalent,Transport
United Kingdom,2011,118.51,Tonnes of CO2-equivalent,Transport
Georgia,2011,2.37,Tonnes of CO2-equivalent,Transport
Ghana,2011,5.89,Tonnes of CO2-equivalent,Transport
Guinea,2011,1.0,Tonnes of CO2-equivalent,Transport
"Gambia, The",2011,0.07,Tonnes of CO2-equivalent,Transport
Guinea-Bissau,2011,0.1,Tonnes of CO2-equivalent,Transport
Equatorial Guinea,2011,0.54,Tonnes of CO2-equivalent,Transport
Greece,2011,20.17,Tonnes of CO2-equivalent,Transport
Grenada,2011,0.1,Tonnes of CO2-equivalent,Transport
Guatemala,2011,5.81,Tonnes of CO2-equivalent,Transport
Guyana,2011,0.66,Tonnes of CO2-equivalent,Transport
Honduras,2011,3.13,Tonnes of CO2-equivalent,Transport
Croatia,2011,5.9,Tonnes of CO2-equivalent,Transport
Haiti,2011,1.13,Tonnes of CO2-equivalent,Transport
Hungary,2011,11.13,Tonnes of CO2-equivalent,Transport
Indonesia,2011,111.41,Tonnes of CO2-equivalent,Transport
India,2011,214.56,Tonnes of CO2-equivalent,Transport
Ireland,2011,11.04,Tonnes of CO2-equivalent,Transport
"Iran, Islamic Rep.",2011,120.26,Tonnes of CO2-equivalent,Transport
Iraq,2011,30.67,Tonnes of CO2-equivalent,Transport
Iceland,2011,0.84,Tonnes of CO2-equivalent,Transport
Israel,2011,16.08,Tonnes of CO2-equivalent,Transport
Italy,2011,111.91,Tonnes of CO2-equivalent,Transport
Jamaica,2011,1.9,Tonnes of CO2-equivalent,Transport
Jordan,2011,5.48,Tonnes of CO2-equivalent,Transport
Japan,2011,229.07,Tonnes of CO2-equivalent,Transport
Kazakhstan,2011,13.94,Tonnes of CO2-equivalent,Transport
Kenya,2011,4.72,Tonnes of CO2-equivalent,Transport
Kyrgyz Republic,2011,2.85,Tonnes of CO2-equivalent,Transport
Cambodia,2011,3.23,Tonnes of CO2-equivalent,Transport
Kiribati,2011,0.02,Tonnes of CO2-equivalent,Transport
St. Kitts and Nevis,2011,0.07,Tonnes of CO2-equivalent,Transport
"Korea, Rep.",2011,87.33,Tonnes of CO2-equivalent,Transport
Kuwait,2011,12.5,Tonnes of CO2-equivalent,Transport
Lao PDR,2011,1.54,Tonnes of CO2-equivalent,Transport
Lebanon,2011,5.23,Tonnes of CO2-equivalent,Transport
Liberia,2011,0.5,Tonnes of CO2-equivalent,Transport
Libya,2011,13.99,Tonnes of CO2-equivalent,Transport
St. Lucia,2011,0.21,Tonnes of CO2-equivalent,Transport
Sri Lanka,2011,7.55,Tonnes of CO2-equivalent,Transport
Lesotho,2011,0.41,Tonnes of CO2-equivalent,Transport
Lithuania,2011,4.37,Tonnes of CO2-equivalent,Transport
Luxembourg,2011,7.09,Tonnes of CO2-equivalent,Transport
Latvia,2011,2.91,Tonnes of CO2-equivalent,Transport
Morocco,2011,14.72,Tonnes of CO2-equivalent,Transport
Moldova,2011,1.91,Tonnes of CO2-equivalent,Transport
Madagascar,2011,1.01,Tonnes of CO2-equivalent,Transport
Maldives,2011,0.61,Tonnes of CO2-equivalent,Transport
Mexico,2011,156.25,Tonnes of CO2-equivalent,Transport
Marshall Islands,2011,0.09,Tonnes of CO2-equivalent,Transport
North Macedonia,2011,1.45,Tonnes of CO2-equivalent,Transport
Mali,2011,1.92,Tonnes of CO2-equivalent,Transport
Malta,2011,0.57,Tonnes of CO2-equivalent,Transport
Myanmar,2011,2.45,Tonnes of CO2-equivalent,Transport
Montenegro,2011,0.66,Tonnes of CO2-equivalent,Transport
Mongolia,2011,1.81,Tonnes of CO2-equivalent,Transport
Mozambique,2011,2.11,Tonnes of CO2-equivalent,Transport
Mauritania,2011,0.0,Tonnes of CO2-equivalent,Transport
Mauritius,2011,0.95,Tonnes of CO2-equivalent,Transport
Malawi,2011,0.63,Tonnes of CO2-equivalent,Transport
Malaysia,2011,45.81,Tonnes of CO2-equivalent,Transport
Namibia,2011,1.85,Tonnes of CO2-equivalent,Transport
Niger,2011,0.79,Tonnes of CO2-equivalent,Transport
Nigeria,2011,32.79,Tonnes of CO2-equivalent,Transport
Nicaragua,2011,1.65,Tonnes of CO2-equivalent,Transport
Niue,2011,0.0,Tonnes of CO2-equivalent,Transport
Netherlands,2011,35.02,Tonnes of CO2-equivalent,Transport
Norway,2011,15.29,Tonnes of CO2-equivalent,Transport
Nepal,2011,2.0,Tonnes of CO2-equivalent,Transport
Nauru,2011,0.01,Tonnes of CO2-equivalent,Transport
New Zealand,2011,14.0,Tonnes of CO2-equivalent,Transport
Oman,2011,9.84,Tonnes of CO2-equivalent,Transport
Pakistan,2011,36.02,Tonnes of CO2-equivalent,Transport
Panama,2011,3.77,Tonnes of CO2-equivalent,Transport
Peru,2011,18.13,Tonnes of CO2-equivalent,Transport
Philippines,2011,24.1,Tonnes of CO2-equivalent,Transport
Palau,2011,0.14,Tonnes of CO2-equivalent,Transport
Papua New Guinea,2011,1.17,Tonnes of CO2-equivalent,Transport
Poland,2011,49.02,Tonnes of CO2-equivalent,Transport
"Korea, Dem. People's Rep.",2011,1.37,Tonnes of CO2-equivalent,Transport
Portugal,2011,17.63,Tonnes of CO2-equivalent,Transport
Paraguay,2011,4.79,Tonnes of CO2-equivalent,Transport
Qatar,2011,10.08,Tonnes of CO2-equivalent,Transport
Romania,2011,14.45,Tonnes of CO2-equivalent,Transport
Russian Federation,2011,255.0,Tonnes of CO2-equivalent,Transport
Rwanda,2011,0.39,Tonnes of CO2-equivalent,Transport
Saudi Arabia,2011,119.54,Tonnes of CO2-equivalent,Transport
Sudan,2011,8.86,Tonnes of CO2-equivalent,Transport
Senegal,2011,2.24,Tonnes of CO2-equivalent,Transport
Singapore,2011,7.41,Tonnes of CO2-equivalent,Transport
Solomon Islands,2011,0.25,Tonnes of CO2-equivalent,Transport
Sierra Leone,2011,0.41,Tonnes of CO2-equivalent,Transport
El Salvador,2011,3.19,Tonnes of CO2-equivalent,Transport
Somalia,2011,0.14,Tonnes of CO2-equivalent,Transport
Serbia,2011,6.07,Tonnes of CO2-equivalent,Transport
Sao Tome and Principe,2011,0.04,Tonnes of CO2-equivalent,Transport
Suriname,2011,0.59,Tonnes of CO2-equivalent,Transport
Slovak Republic,2011,7.28,Tonnes of CO2-equivalent,Transport
Slovenia,2011,5.7,Tonnes of CO2-equivalent,Transport
Sweden,2011,20.97,Tonnes of CO2-equivalent,Transport
Eswatini,2011,0.53,Tonnes of CO2-equivalent,Transport
Seychelles,2011,0.09,Tonnes of CO2-equivalent,Transport
Syrian Arab Republic,2011,13.24,Tonnes of CO2-equivalent,Transport
Chad,2011,0.75,Tonnes of CO2-equivalent,Transport
Togo,2011,1.52,Tonnes of CO2-equivalent,Transport
Thailand,2011,60.11,Tonnes of CO2-equivalent,Transport
Tajikistan,2011,0.3,Tonnes of CO2-equivalent,Transport
Turkmenistan,2011,10.15,Tonnes of CO2-equivalent,Transport
Timor-Leste,2011,0.13,Tonnes of CO2-equivalent,Transport
Tonga,2011,0.07,Tonnes of CO2-equivalent,Transport
Trinidad and Tobago,2011,3.27,Tonnes of CO2-equivalent,Transport
Tunisia,2011,6.53,Tonnes of CO2-equivalent,Transport
Turkiye,2011,44.94,Tonnes of CO2-equivalent,Transport
Tuvalu,2011,0.01,Tonnes of CO2-equivalent,Transport
Tanzania,2011,4.53,Tonnes of CO2-equivalent,Transport
Uganda,2011,1.69,Tonnes of CO2-equivalent,Transport
Ukraine,2011,34.43,Tonnes of CO2-equivalent,Transport
Uruguay,2011,3.31,Tonnes of CO2-equivalent,Transport
United States,2011,1686.21,Tonnes of CO2-equivalent,Transport
Uzbekistan,2011,12.6,Tonnes of CO2-equivalent,Transport
St. Vincent and the Grenadines,2011,0.14,Tonnes of CO2-equivalent,Transport
"Venezuela, RB",2011,52.42,Tonnes of CO2-equivalent,Transport
Viet Nam,2011,31.26,Tonnes of CO2-equivalent,Transport
Vanuatu,2011,0.09,Tonnes of CO2-equivalent,Transport
World,2011,7312.02,Tonnes of CO2-equivalent,Transport
Samoa,2011,0.11,Tonnes of CO2-equivalent,Transport
"Yemen, Rep.",2011,6.85,Tonnes of CO2-equivalent,Transport
South Africa,2011,50.05,Tonnes of CO2-equivalent,Transport
Zambia,2011,1.38,Tonnes of CO2-equivalent,Transport
Zimbabwe,2011,2.32,Tonnes of CO2-equivalent,Transport
Afghanistan,2010,5.54,Tonnes of CO2-equivalent,Transport
Angola,2010,5.8,Tonnes of CO2-equivalent,Transport
Albania,2010,2.29,Tonnes of CO2-equivalent,Transport
United Arab Emirates,2010,30.84,Tonnes of CO2-equivalent,Transport
Argentina,2010,45.46,Tonnes of CO2-equivalent,Transport
Armenia,2010,1.32,Tonnes of CO2-equivalent,Transport
Antigua and Barbuda,2010,0.2,Tonnes of CO2-equivalent,Transport
Australia,2010,90.08,Tonnes of CO2-equivalent,Transport
Austria,2010,23.13,Tonnes of CO2-equivalent,Transport
Azerbaijan,2010,5.09,Tonnes of CO2-equivalent,Transport
Burundi,2010,0.26,Tonnes of CO2-equivalent,Transport
Belgium,2010,26.47,Tonnes of CO2-equivalent,Transport
Benin,2010,3.26,Tonnes of CO2-equivalent,Transport
Burkina Faso,2010,1.24,Tonnes of CO2-equivalent,Transport
Bangladesh,2010,7.66,Tonnes of CO2-equivalent,Transport
Bulgaria,2010,7.94,Tonnes of CO2-equivalent,Transport
Bahrain,2010,3.21,Tonnes of CO2-equivalent,Transport
"Bahamas, The",2010,0.55,Tonnes of CO2-equivalent,Transport
Bosnia and Herzegovina,2010,3.48,Tonnes of CO2-equivalent,Transport
Belarus,2010,10.53,Tonnes of CO2-equivalent,Transport
Belize,2010,0.33,Tonnes of CO2-equivalent,Transport
Bolivia,2010,6.25,Tonnes of CO2-equivalent,Transport
Brazil,2010,173.76,Tonnes of CO2-equivalent,Transport
Barbados,2010,0.44,Tonnes of CO2-equivalent,Transport
Brunei Darussalam,2010,1.21,Tonnes of CO2-equivalent,Transport
Bhutan,2010,0.28,Tonnes of CO2-equivalent,Transport
Botswana,2010,1.94,Tonnes of CO2-equivalent,Transport
Central African Republic,2010,0.12,Tonnes of CO2-equivalent,Transport
Canada,2010,174.62,Tonnes of CO2-equivalent,Transport
Switzerland,2010,17.64,Tonnes of CO2-equivalent,Transport
Chile,2010,21.95,Tonnes of CO2-equivalent,Transport
China,2010,584.09,Tonnes of CO2-equivalent,Transport
Cote d'Ivoire,2010,1.52,Tonnes of CO2-equivalent,Transport
Cameroon,2010,2.74,Tonnes of CO2-equivalent,Transport
"Congo, Dem. Rep.",2010,1.7,Tonnes of CO2-equivalent,Transport
"Congo, Rep.",2010,1.51,Tonnes of CO2-equivalent,Transport
Cook Islands,2010,0.05,Tonnes of CO2-equivalent,Transport
Colombia,2010,21.25,Tonnes of CO2-equivalent,Transport
Comoros,2010,0.09,Tonnes of CO2-equivalent,Transport
Cabo Verde,2010,0.26,Tonnes of CO2-equivalent,Transport
Costa Rica,2010,4.68,Tonnes of CO2-equivalent,Transport
Cuba,2010,1.28,Tonnes of CO2-equivalent,Transport
Cyprus,2010,2.3,Tonnes of CO2-equivalent,Transport
Czechia,2010,17.06,Tonnes of CO2-equivalent,Transport
Germany,2010,152.38,Tonnes of CO2-equivalent,Transport
Djibouti,2010,0.09,Tonnes of CO2-equivalent,Transport
Dominica,2010,0.05,Tonnes of CO2-equivalent,Transport
Denmark,2010,13.32,Tonnes of CO2-equivalent,Transport
Dominican Republic,2010,5.9,Tonnes of CO2-equivalent,Transport
Algeria,2010,32.39,Tonnes of CO2-equivalent,Transport
Ecuador,2010,12.97,Tonnes of CO2-equivalent,Transport
"Egypt, Arab Rep.",2010,45.89,Tonnes of CO2-equivalent,Transport
Eritrea,2010,0.14,Tonnes of CO2-equivalent,Transport
Spain,2010,100.87,Tonnes of CO2-equivalent,Transport
Estonia,2010,2.31,Tonnes of CO2-equivalent,Transport
Ethiopia,2010,2.76,Tonnes of CO2-equivalent,Transport
European Union,2010,814.45,Tonnes of CO2-equivalent,Transport
Finland,2010,12.79,Tonnes of CO2-equivalent,Transport
Fiji,2010,0.47,Tonnes of CO2-equivalent,Transport
France,2010,126.35,Tonnes of CO2-equivalent,Transport
"Micronesia, Fed. Sts.",2010,0.05,Tonnes of CO2-equivalent,Transport
Gabon,2010,0.65,Tonnes of CO2-equivalent,Transport
United Kingdom,2010,120.04,Tonnes of CO2-equivalent,Transport
Georgia,2010,2.32,Tonnes of CO2-equivalent,Transport
Ghana,2010,5.29,Tonnes of CO2-equivalent,Transport
Guinea,2010,0.94,Tonnes of CO2-equivalent,Transport
"Gambia, The",2010,0.07,Tonnes of CO2-equivalent,Transport
Guinea-Bissau,2010,0.1,Tonnes of CO2-equivalent,Transport
Equatorial Guinea,2010,0.52,Tonnes of CO2-equivalent,Transport
Greece,2010,22.58,Tonnes of CO2-equivalent,Transport
Grenada,2010,0.11,Tonnes of CO2-equivalent,Transport
Guatemala,2010,5.94,Tonnes of CO2-equivalent,Transport
Guyana,2010,0.62,Tonnes of CO2-equivalent,Transport
Honduras,2010,3.05,Tonnes of CO2-equivalent,Transport
Croatia,2010,6.01,Tonnes of CO2-equivalent,Transport
Haiti,2010,1.1,Tonnes of CO2-equivalent,Transport
Hungary,2010,11.97,Tonnes of CO2-equivalent,Transport
Indonesia,2010,91.53,Tonnes of CO2-equivalent,Transport
India,2010,197.84,Tonnes of CO2-equivalent,Transport
Ireland,2010,11.64,Tonnes of CO2-equivalent,Transport
"Iran, Islamic Rep.",2010,120.05,Tonnes of CO2-equivalent,Transport
Iraq,2010,28.76,Tonnes of CO2-equivalent,Transport
Iceland,2010,0.87,Tonnes of CO2-equivalent,Transport
Israel,2010,16.87,Tonnes of CO2-equivalent,Transport
Italy,2010,111.98,Tonnes of CO2-equivalent,Transport
Jamaica,2010,1.91,Tonnes of CO2-equivalent,Transport
Jordan,2010,5.36,Tonnes of CO2-equivalent,Transport
Japan,2010,234.83,Tonnes of CO2-equivalent,Transport
Kazakhstan,2010,13.62,Tonnes of CO2-equivalent,Transport
Kenya,2010,5.07,Tonnes of CO2-equivalent,Transport
Kyrgyz Republic,2010,2.04,Tonnes of CO2-equivalent,Transport
Cambodia,2010,3.05,Tonnes of CO2-equivalent,Transport
Kiribati,2010,0.02,Tonnes of CO2-equivalent,Transport
St. Kitts and Nevis,2010,0.07,Tonnes of CO2-equivalent,Transport
"Korea, Rep.",2010,88.84,Tonnes of CO2-equivalent,Transport
Kuwait,2010,13.03,Tonnes of CO2-equivalent,Transport
Lao PDR,2010,1.55,Tonnes of CO2-equivalent,Transport
Lebanon,2010,5.22,Tonnes of CO2-equivalent,Transport
Liberia,2010,0.43,Tonnes of CO2-equivalent,Transport
Libya,2010,18.73,Tonnes of CO2-equivalent,Transport
St. Lucia,2010,0.21,Tonnes of CO2-equivalent,Transport
Sri Lanka,2010,7.08,Tonnes of CO2-equivalent,Transport
Lesotho,2010,0.4,Tonnes of CO2-equivalent,Transport
Lithuania,2010,4.4,Tonnes of CO2-equivalent,Transport
Luxembourg,2010,6.69,Tonnes of CO2-equivalent,Transport
Latvia,2010,3.28,Tonnes of CO2-equivalent,Transport
Morocco,2010,13.91,Tonnes of CO2-equivalent,Transport
Moldova,2010,1.78,Tonnes of CO2-equivalent,Transport
Madagascar,2010,0.91,Tonnes of CO2-equivalent,Transport
Maldives,2010,0.59,Tonnes of CO2-equivalent,Transport
Mexico,2010,155.15,Tonnes of CO2-equivalent,Transport
Marshall Islands,2010,0.08,Tonnes of CO2-equivalent,Transport
North Macedonia,2010,1.39,Tonnes of CO2-equivalent,Transport
Mali,2010,1.62,Tonnes of CO2-equivalent,Transport
Malta,2010,0.58,Tonnes of CO2-equivalent,Transport
Myanmar,2010,2.4,Tonnes of CO2-equivalent,Transport
Montenegro,2010,0.71,Tonnes of CO2-equivalent,Transport
Mongolia,2010,1.52,Tonnes of CO2-equivalent,Transport
Mozambique,2010,1.74,Tonnes of CO2-equivalent,Transport
Mauritania,2010,0.0,Tonnes of CO2-equivalent,Transport
Mauritius,2010,0.94,Tonnes of CO2-equivalent,Transport
Malawi,2010,0.61,Tonnes of CO2-equivalent,Transport
Malaysia,2010,45.35,Tonnes of CO2-equivalent,Transport
Namibia,2010,1.82,Tonnes of CO2-equivalent,Transport
Niger,2010,0.82,Tonnes of CO2-equivalent,Transport
Nigeria,2010,30.69,Tonnes of CO2-equivalent,Transport
Nicaragua,2010,1.58,Tonnes of CO2-equivalent,Transport
Niue,2010,0.0,Tonnes of CO2-equivalent,Transport
Netherlands,2010,34.91,Tonnes of CO2-equivalent,Transport
Norway,2010,15.33,Tonnes of CO2-equivalent,Transport
Nepal,2010,1.98,Tonnes of CO2-equivalent,Transport
Nauru,2010,0.01,Tonnes of CO2-equivalent,Transport
New Zealand,2010,13.97,Tonnes of CO2-equivalent,Transport
Oman,2010,8.49,Tonnes of CO2-equivalent,Transport
Pakistan,2010,34.36,Tonnes of CO2-equivalent,Transport
Panama,2010,3.65,Tonnes of CO2-equivalent,Transport
Peru,2010,17.29,Tonnes of CO2-equivalent,Transport
Philippines,2010,24.32,Tonnes of CO2-equivalent,Transport
Palau,2010,0.13,Tonnes of CO2-equivalent,Transport
Papua New Guinea,2010,1.13,Tonnes of CO2-equivalent,Transport
Poland,2010,48.4,Tonnes of CO2-equivalent,Transport
"Korea, Dem. People's Rep.",2010,1.36,Tonnes of CO2-equivalent,Transport
Portugal,2010,18.99,Tonnes of CO2-equivalent,Transport
Paraguay,2010,4.56,Tonnes of CO2-equivalent,Transport
Qatar,2010,9.08,Tonnes of CO2-equivalent,Transport
Romania,2010,14.2,Tonnes of CO2-equivalent,Transport
Russian Federation,2010,249.18,Tonnes of CO2-equivalent,Transport
Rwanda,2010,0.31,Tonnes of CO2-equivalent,Transport
Saudi Arabia,2010,108.14,Tonnes of CO2-equivalent,Transport
Sudan,2010,8.63,Tonnes of CO2-equivalent,Transport
Senegal,2010,2.1,Tonnes of CO2-equivalent,Transport
Singapore,2010,6.94,Tonnes of CO2-equivalent,Transport
Solomon Islands,2010,0.23,Tonnes of CO2-equivalent,Transport
Sierra Leone,2010,0.35,Tonnes of CO2-equivalent,Transport
El Salvador,2010,3.09,Tonnes of CO2-equivalent,Transport
Somalia,2010,0.14,Tonnes of CO2-equivalent,Transport
Serbia,2010,6.72,Tonnes of CO2-equivalent,Transport
Sao Tome and Principe,2010,0.05,Tonnes of CO2-equivalent,Transport
Suriname,2010,0.69,Tonnes of CO2-equivalent,Transport
Slovak Republic,2010,7.32,Tonnes of CO2-equivalent,Transport
Slovenia,2010,5.35,Tonnes of CO2-equivalent,Transport
Sweden,2010,21.26,Tonnes of CO2-equivalent,Transport
Eswatini,2010,0.6,Tonnes of CO2-equivalent,Transport
Seychelles,2010,0.1,Tonnes of CO2-equivalent,Transport
Syrian Arab Republic,2010,13.27,Tonnes of CO2-equivalent,Transport
Chad,2010,0.85,Tonnes of CO2-equivalent,Transport
Togo,2010,1.64,Tonnes of CO2-equivalent,Transport
Thailand,2010,57.19,Tonnes of CO2-equivalent,Transport
Tajikistan,2010,0.28,Tonnes of CO2-equivalent,Transport
Turkmenistan,2010,8.44,Tonnes of CO2-equivalent,Transport
Timor-Leste,2010,0.12,Tonnes of CO2-equivalent,Transport
Tonga,2010,0.07,Tonnes of CO2-equivalent,Transport
Trinidad and Tobago,2010,3.28,Tonnes of CO2-equivalent,Transport
Tunisia,2010,7.0,Tonnes of CO2-equivalent,Transport
Turkiye,2010,44.32,Tonnes of CO2-equivalent,Transport
Tuvalu,2010,0.0,Tonnes of CO2-equivalent,Transport
Tanzania,2010,3.61,Tonnes of CO2-equivalent,Transport
Uganda,2010,1.32,Tonnes of CO2-equivalent,Transport
Ukraine,2010,34.68,Tonnes of CO2-equivalent,Transport
Uruguay,2010,3.17,Tonnes of CO2-equivalent,Transport
United States,2010,1733.12,Tonnes of CO2-equivalent,Transport
Uzbekistan,2010,13.03,Tonnes of CO2-equivalent,Transport
St. Vincent and the Grenadines,2010,0.14,Tonnes of CO2-equivalent,Transport
"Venezuela, RB",2010,50.1,Tonnes of CO2-equivalent,Transport
Viet Nam,2010,31.82,Tonnes of CO2-equivalent,Transport
Vanuatu,2010,0.08,Tonnes of CO2-equivalent,Transport
World,2010,7194.97,Tonnes of CO2-equivalent,Transport
Samoa,2010,0.11,Tonnes of CO2-equivalent,Transport
"Yemen, Rep.",2010,7.35,Tonnes of CO2-equivalent,Transport
South Africa,2010,47.72,Tonnes of CO2-equivalent,Transport
Zambia,2010,1.27,Tonnes of CO2-equivalent,Transport
Zimbabwe,2010,1.36,Tonnes of CO2-equivalent,Transport
Afghanistan,2010,5.54,Tonnes of CO2-equivalent,Transport
Angola,2010,5.8,Tonnes of CO2-equivalent,Transport
Albania,2010,2.29,Tonnes of CO2-equivalent,Transport
United Arab Emirates,2010,30.84,Tonnes of CO2-equivalent,Transport
Argentina,2010,45.46,Tonnes of CO2-equivalent,Transport
Armenia,2010,1.32,Tonnes of CO2-equivalent,Transport
Antigua and Barbuda,2010,0.2,Tonnes of CO2-equivalent,Transport
Australia,2010,90.08,Tonnes of CO2-equivalent,Transport
Austria,2010,23.13,Tonnes of CO2-equivalent,Transport
Azerbaijan,2010,5.09,Tonnes of CO2-equivalent,Transport
Burundi,2010,0.26,Tonnes of CO2-equivalent,Transport
Belgium,2010,26.47,Tonnes of CO2-equivalent,Transport
Benin,2010,3.26,Tonnes of CO2-equivalent,Transport
Burkina Faso,2010,1.24,Tonnes of CO2-equivalent,Transport
Bangladesh,2010,7.66,Tonnes of CO2-equivalent,Transport
Bulgaria,2010,7.94,Tonnes of CO2-equivalent,Transport
Bahrain,2010,3.21,Tonnes of CO2-equivalent,Transport
"Bahamas, The",2010,0.55,Tonnes of CO2-equivalent,Transport
Bosnia and Herzegovina,2010,3.48,Tonnes of CO2-equivalent,Transport
Belarus,2010,10.53,Tonnes of CO2-equivalent,Transport
Belize,2010,0.33,Tonnes of CO2-equivalent,Transport
Bolivia,2010,6.25,Tonnes of CO2-equivalent,Transport
Brazil,2010,173.76,Tonnes of CO2-equivalent,Transport
Barbados,2010,0.44,Tonnes of CO2-equivalent,Transport
Brunei Darussalam,2010,1.21,Tonnes of CO2-equivalent,Transport
Bhutan,2010,0.28,Tonnes of CO2-equivalent,Transport
Botswana,2010,1.94,Tonnes of CO2-equivalent,Transport
Central African Republic,2010,0.12,Tonnes of CO2-equivalent,Transport
Canada,2010,174.62,Tonnes of CO2-equivalent,Transport
Switzerland,2010,17.64,Tonnes of CO2-equivalent,Transport
Chile,2010,21.95,Tonnes of CO2-equivalent,Transport
China,2010,584.09,Tonnes of CO2-equivalent,Transport
Cote d'Ivoire,2010,1.52,Tonnes of CO2-equivalent,Transport
Cameroon,2010,2.74,Tonnes of CO2-equivalent,Transport
"Congo, Dem. Rep.",2010,1.7,Tonnes of CO2-equivalent,Transport
"Congo, Rep.",2010,1.51,Tonnes of CO2-equivalent,Transport
Cook Islands,2010,0.05,Tonnes of CO2-equivalent,Transport
Colombia,2010,21.25,Tonnes of CO2-equivalent,Transport
Comoros,2010,0.09,Tonnes of CO2-equivalent,Transport
Cabo Verde,2010,0.26,Tonnes of CO2-equivalent,Transport
Costa Rica,2010,4.68,Tonnes of CO2-equivalent,Transport
Cuba,2010,1.28,Tonnes of CO2-equivalent,Transport
Cyprus,2010,2.3,Tonnes of CO2-equivalent,Transport
Czechia,2010,17.06,Tonnes of CO2-equivalent,Transport
Germany,2010,152.38,Tonnes of CO2-equivalent,Transport
Djibouti,2010,0.09,Tonnes of CO2-equivalent,Transport
Dominica,2010,0.05,Tonnes of CO2-equivalent,Transport
Denmark,2010,13.32,Tonnes of CO2-equivalent,Transport
Dominican Republic,2010,5.9,Tonnes of CO2-equivalent,Transport
Algeria,2010,32.39,Tonnes of CO2-equivalent,Transport
Ecuador,2010,12.97,Tonnes of CO2-equivalent,Transport
"Egypt, Arab Rep.",2010,45.89,Tonnes of CO2-equivalent,Transport
Eritrea,2010,0.14,Tonnes of CO2-equivalent,Transport
Spain,2010,100.87,Tonnes of CO2-equivalent,Transport
Estonia,2010,2.31,Tonnes of CO2-equivalent,Transport
Ethiopia,2010,2.76,Tonnes of CO2-equivalent,Transport
European Union,2010,814.45,Tonnes of CO2-equivalent,Transport
Finland,2010,12.79,Tonnes of CO2-equivalent,Transport
Fiji,2010,0.47,Tonnes of CO2-equivalent,Transport
France,2010,126.35,Tonnes of CO2-equivalent,Transport
"Micronesia, Fed. Sts.",2010,0.05,Tonnes of CO2-equivalent,Transport
Gabon,2010,0.65,Tonnes of CO2-equivalent,Transport
United Kingdom,2010,120.04,Tonnes of CO2-equivalent,Transport
Georgia,2010,2.32,Tonnes of CO2-equivalent,Transport
Ghana,2010,5.29,Tonnes of CO2-equivalent,Transport
Guinea,2010,0.94,Tonnes of CO2-equivalent,Transport
"Gambia, The",2010,0.07,Tonnes of CO2-equivalent,Transport
Guinea-Bissau,2010,0.1,Tonnes of CO2-equivalent,Transport
Equatorial Guinea,2010,0.52,Tonnes of CO2-equivalent,Transport
Greece,2010,22.58,Tonnes of CO2-equivalent,Transport
Grenada,2010,0.11,Tonnes of CO2-equivalent,Transport
Guatemala,2010,5.94,Tonnes of CO2-equivalent,Transport
Guyana,2010,0.62,Tonnes of CO2-equivalent,Transport
Honduras,2010,3.05,Tonnes of CO2-equivalent,Transport
Croatia,2010,6.01,Tonnes of CO2-equivalent,Transport
Haiti,2010,1.1,Tonnes of CO2-equivalent,Transport
Hungary,2010,11.97,Tonnes of CO2-equivalent,Transport
Indonesia,2010,91.53,Tonnes of CO2-equivalent,Transport
India,2010,197.84,Tonnes of CO2-equivalent,Transport
Ireland,2010,11.64,Tonnes of CO2-equivalent,Transport
"Iran, Islamic Rep.",2010,120.05,Tonnes of CO2-equivalent,Transport
Iraq,2010,28.76,Tonnes of CO2-equivalent,Transport
Iceland,2010,0.87,Tonnes of CO2-equivalent,Transport
Israel,2010,16.87,Tonnes of CO2-equivalent,Transport
Italy,2010,111.98,Tonnes of CO2-equivalent,Transport
Jamaica,2010,1.91,Tonnes of CO2-equivalent,Transport
Jordan,2010,5.36,Tonnes of CO2-equivalent,Transport
Japan,2010,234.83,Tonnes of CO2-equivalent,Transport
Kazakhstan,2010,13.62,Tonnes of CO2-equivalent,Transport
Kenya,2010,5.07,Tonnes of CO2-equivalent,Transport
Kyrgyz Republic,2010,2.04,Tonnes of CO2-equivalent,Transport
Cambodia,2010,3.05,Tonnes of CO2-equivalent,Transport
Kiribati,2010,0.02,Tonnes of CO2-equivalent,Transport
St. Kitts and Nevis,2010,0.07,Tonnes of CO2-equivalent,Transport
"Korea, Rep.",2010,88.84,Tonnes of CO2-equivalent,Transport
Kuwait,2010,13.03,Tonnes of CO2-equivalent,Transport
Lao PDR,2010,1.55,Tonnes of CO2-equivalent,Transport
Lebanon,2010,5.22,Tonnes of CO2-equivalent,Transport
Liberia,2010,0.43,Tonnes of CO2-equivalent,Transport
Libya,2010,18.73,Tonnes of CO2-equivalent,Transport
St. Lucia,2010,0.21,Tonnes of CO2-equivalent,Transport
Sri Lanka,2010,7.08,Tonnes of CO2-equivalent,Transport
Lesotho,2010,0.4,Tonnes of CO2-equivalent,Transport
Lithuania,2010,4.4,Tonnes of CO2-equivalent,Transport
Luxembourg,2010,6.69,Tonnes of CO2-equivalent,Transport
Latvia,2010,3.28,Tonnes of CO2-equivalent,Transport
Morocco,2010,13.91,Tonnes of CO2-equivalent,Transport
Moldova,2010,1.78,Tonnes of CO2-equivalent,Transport
Madagascar,2010,0.91,Tonnes of CO2-equivalent,Transport
Maldives,2010,0.59,Tonnes of CO2-equivalent,Transport
Mexico,2010,155.15,Tonnes of CO2-equivalent,Transport
Marshall Islands,2010,0.08,Tonnes of CO2-equivalent,Transport
North Macedonia,2010,1.39,Tonnes of CO2-equivalent,Transport
Mali,2010,1.62,Tonnes of CO2-equivalent,Transport
Malta,2010,0.58,Tonnes of CO2-equivalent,Transport
Myanmar,2010,2.4,Tonnes of CO2-equivalent,Transport
Montenegro,2010,0.71,Tonnes of CO2-equivalent,Transport
Mongolia,2010,1.52,Tonnes of CO2-equivalent,Transport
Mozambique,2010,1.74,Tonnes of CO2-equivalent,Transport
Mauritania,2010,0.0,Tonnes of CO2-equivalent,Transport
Mauritius,2010,0.94,Tonnes of CO2-equivalent,Transport
Malawi,2010,0.61,Tonnes of CO2-equivalent,Transport
Malaysia,2010,45.35,Tonnes of CO2-equivalent,Transport
Namibia,2010,1.82,Tonnes of CO2-equivalent,Transport
Niger,2010,0.82,Tonnes of CO2-equivalent,Transport
Nigeria,2010,30.69,Tonnes of CO2-equivalent,Transport
Nicaragua,2010,1.58,Tonnes of CO2-equivalent,Transport
Niue,2010,0.0,Tonnes of CO2-equivalent,Transport
Netherlands,2010,34.91,Tonnes of CO2-equivalent,Transport
Norway,2010,15.33,Tonnes of CO2-equivalent,Transport
Nepal,2010,1.98,Tonnes of CO2-equivalent,Transport
Nauru,2010,0.01,Tonnes of CO2-equivalent,Transport
New Zealand,2010,13.97,Tonnes of CO2-equivalent,Transport
Oman,2010,8.49,Tonnes of CO2-equivalent,Transport
Pakistan,2010,34.36,Tonnes of CO2-equivalent,Transport
Panama,2010,3.65,Tonnes of CO2-equivalent,Transport
Peru,2010,17.29,Tonnes of CO2-equivalent,Transport
Philippines,2010,24.32,Tonnes of CO2-equivalent,Transport
Palau,2010,0.13,Tonnes of CO2-equivalent,Transport
Papua New Guinea,2010,1.13,Tonnes of CO2-equivalent,Transport
Poland,2010,48.4,Tonnes of CO2-equivalent,Transport
"Korea, Dem. People's Rep.",2010,1.36,Tonnes of CO2-equivalent,Transport
Portugal,2010,18.99,Tonnes of CO2-equivalent,Transport
Paraguay,2010,4.56,Tonnes of CO2-equivalent,Transport
Qatar,2010,9.08,Tonnes of CO2-equivalent,Transport
Romania,2010,14.2,Tonnes of CO2-equivalent,Transport
Russian Federation,2010,249.18,Tonnes of CO2-equivalent,Transport
Rwanda,2010,0.31,Tonnes of CO2-equivalent,Transport
Saudi Arabia,2010,108.14,Tonnes of CO2-equivalent,Transport
Sudan,2010,8.63,Tonnes of CO2-equivalent,Transport
Senegal,2010,2.1,Tonnes of CO2-equivalent,Transport
Singapore,2010,6.94,Tonnes of CO2-equivalent,Transport
Solomon Islands,2010,0.23,Tonnes of CO2-equivalent,Transport
Sierra Leone,2010,0.35,Tonnes of CO2-equivalent,Transport
El Salvador,2010,3.09,Tonnes of CO2-equivalent,Transport
Somalia,2010,0.14,Tonnes of CO2-equivalent,Transport
Serbia,2010,6.72,Tonnes of CO2-equivalent,Transport
Sao Tome and Principe,2010,0.05,Tonnes of CO2-equivalent,Transport
Suriname,2010,0.69,Tonnes of CO2-equivalent,Transport
Slovak Republic,2010,7.32,Tonnes of CO2-equivalent,Transport
Slovenia,2010,5.35,Tonnes of CO2-equivalent,Transport
Sweden,2010,21.26,Tonnes of CO2-equivalent,Transport
Eswatini,2010,0.6,Tonnes of CO2-equivalent,Transport
Seychelles,2010,0.1,Tonnes of CO2-equivalent,Transport
Syrian Arab Republic,2010,13.27,Tonnes of CO2-equivalent,Transport
Chad,2010,0.85,Tonnes of CO2-equivalent,Transport
Togo,2010,1.64,Tonnes of CO2-equivalent,Transport
Thailand,2010,57.19,Tonnes of CO2-equivalent,Transport
Tajikistan,2010,0.28,Tonnes of CO2-equivalent,Transport
Turkmenistan,2010,8.44,Tonnes of CO2-equivalent,Transport
Timor-Leste,2010,0.12,Tonnes of CO2-equivalent,Transport
Tonga,2010,0.07,Tonnes of CO2-equivalent,Transport
Trinidad and Tobago,2010,3.28,Tonnes of CO2-equivalent,Transport
Tunisia,2010,7.0,Tonnes of CO2-equivalent,Transport
Turkiye,2010,44.32,Tonnes of CO2-equivalent,Transport
Tuvalu,2010,0.0,Tonnes of CO2-equivalent,Transport
Tanzania,2010,3.61,Tonnes of CO2-equivalent,Transport
Uganda,2010,1.32,Tonnes of CO2-equivalent,Transport
Ukraine,2010,34.68,Tonnes of CO2-equivalent,Transport
Uruguay,2010,3.17,Tonnes of CO2-equivalent,Transport
United States,2010,1733.12,Tonnes of CO2-equivalent,Transport
Uzbekistan,2010,13.03,Tonnes of CO2-equivalent,Transport
St. Vincent and the Grenadines,2010,0.14,Tonnes of CO2-equivalent,Transport
"Venezuela, RB",2010,50.1,Tonnes of CO2-equivalent,Transport
Viet Nam,2010,31.82,Tonnes of CO2-equivalent,Transport
Vanuatu,2010,0.08,Tonnes of CO2-equivalent,Transport
World,2010,7194.97,Tonnes of CO2-equivalent,Transport
Samoa,2010,0.11,Tonnes of CO2-equivalent,Transport
"Yemen, Rep.",2010,7.35,Tonnes of CO2-equivalent,Transport
South Africa,2010,47.72,Tonnes of CO2-equivalent,Transport
Zambia,2010,1.27,Tonnes of CO2-equivalent,Transport
Zimbabwe,2010,1.36,Tonnes of CO2-equivalent,Transport
Afghanistan,2009,4.37,Tonnes of CO2-equivalent,Transport
Angola,2009,5.89,Tonnes of CO2-equivalent,Transport
Albania,2009,2.36,Tonnes of CO2-equivalent,Transport
United Arab Emirates,2009,29.55,Tonnes of CO2-equivalent,Transport
Argentina,2009,43.09,Tonnes of CO2-equivalent,Transport
Armenia,2009,1.2,Tonnes of CO2-equivalent,Transport
Antigua and Barbuda,2009,0.2,Tonnes of CO2-equivalent,Transport
Australia,2009,87.35,Tonnes of CO2-equivalent,Transport
Austria,2009,22.31,Tonnes of CO2-equivalent,Transport
Azerbaijan,2009,4.37,Tonnes of CO2-equivalent,Transport
Burundi,2009,0.16,Tonnes of CO2-equivalent,Transport
Belgium,2009,27.26,Tonnes of CO2-equivalent,Transport
Benin,2009,2.89,Tonnes of CO2-equivalent,Transport
Burkina Faso,2009,0.98,Tonnes of CO2-equivalent,Transport
Bangladesh,2009,6.63,Tonnes of CO2-equivalent,Transport
Bulgaria,2009,8.16,Tonnes of CO2-equivalent,Transport
Bahrain,2009,3.13,Tonnes of CO2-equivalent,Transport
"Bahamas, The",2009,0.45,Tonnes of CO2-equivalent,Transport
Bosnia and Herzegovina,2009,3.57,Tonnes of CO2-equivalent,Transport
Belarus,2009,9.93,Tonnes of CO2-equivalent,Transport
Belize,2009,0.35,Tonnes of CO2-equivalent,Transport
Bolivia,2009,5.7,Tonnes of CO2-equivalent,Transport
Brazil,2009,153.72,Tonnes of CO2-equivalent,Transport
Barbados,2009,0.44,Tonnes of CO2-equivalent,Transport
Brunei Darussalam,2009,1.15,Tonnes of CO2-equivalent,Transport
Bhutan,2009,0.22,Tonnes of CO2-equivalent,Transport
Botswana,2009,1.84,Tonnes of CO2-equivalent,Transport
Central African Republic,2009,0.1,Tonnes of CO2-equivalent,Transport
Canada,2009,168.62,Tonnes of CO2-equivalent,Transport
Switzerland,2009,17.71,Tonnes of CO2-equivalent,Transport
Chile,2009,21.2,Tonnes of CO2-equivalent,Transport
China,2009,531.21,Tonnes of CO2-equivalent,Transport
Cote d'Ivoire,2009,1.58,Tonnes of CO2-equivalent,Transport
Cameroon,2009,2.58,Tonnes of CO2-equivalent,Transport
"Congo, Dem. Rep.",2009,1.55,Tonnes of CO2-equivalent,Transport
"Congo, Rep.",2009,1.31,Tonnes of CO2-equivalent,Transport
Cook Islands,2009,0.04,Tonnes of CO2-equivalent,Transport
Colombia,2009,20.99,Tonnes of CO2-equivalent,Transport
Comoros,2009,0.08,Tonnes of CO2-equivalent,Transport
Cabo Verde,2009,0.25,Tonnes of CO2-equivalent,Transport
Costa Rica,2009,4.55,Tonnes of CO2-equivalent,Transport
Cuba,2009,1.45,Tonnes of CO2-equivalent,Transport
Cyprus,2009,2.25,Tonnes of CO2-equivalent,Transport
Czechia,2009,18.11,Tonnes of CO2-equivalent,Transport
Germany,2009,151.28,Tonnes of CO2-equivalent,Transport
Djibouti,2009,0.06,Tonnes of CO2-equivalent,Transport
Dominica,2009,0.08,Tonnes of CO2-equivalent,Transport
Denmark,2009,13.47,Tonnes of CO2-equivalent,Transport
Dominican Republic,2009,5.79,Tonnes of CO2-equivalent,Transport
Algeria,2009,31.14,Tonnes of CO2-equivalent,Transport
Ecuador,2009,10.73,Tonnes of CO2-equivalent,Transport
"Egypt, Arab Rep.",2009,42.77,Tonnes of CO2-equivalent,Transport
Eritrea,2009,0.12,Tonnes of CO2-equivalent,Transport
Spain,2009,103.73,Tonnes of CO2-equivalent,Transport
Estonia,2009,2.19,Tonnes of CO2-equivalent,Transport
Ethiopia,2009,2.7,Tonnes of CO2-equivalent,Transport
European Union,2009,820.82,Tonnes of CO2-equivalent,Transport
Finland,2009,12.28,Tonnes of CO2-equivalent,Transport
Fiji,2009,0.3,Tonnes of CO2-equivalent,Transport
France,2009,126.05,Tonnes of CO2-equivalent,Transport
"Micronesia, Fed. Sts.",2009,0.1,Tonnes of CO2-equivalent,Transport
Gabon,2009,0.42,Tonnes of CO2-equivalent,Transport
United Kingdom,2009,121.55,Tonnes of CO2-equivalent,Transport
Georgia,2009,2.23,Tonnes of CO2-equivalent,Transport
Ghana,2009,5.19,Tonnes of CO2-equivalent,Transport
Guinea,2009,0.77,Tonnes of CO2-equivalent,Transport
"Gambia, The",2009,0.22,Tonnes of CO2-equivalent,Transport
Guinea-Bissau,2009,0.1,Tonnes of CO2-equivalent,Transport
Equatorial Guinea,2009,0.5,Tonnes of CO2-equivalent,Transport
Greece,2009,25.44,Tonnes of CO2-equivalent,Transport
Grenada,2009,0.11,Tonnes of CO2-equivalent,Transport
Guatemala,2009,6.02,Tonnes of CO2-equivalent,Transport
Guyana,2009,0.61,Tonnes of CO2-equivalent,Transport
Honduras,2009,3.04,Tonnes of CO2-equivalent,Transport
Croatia,2009,6.26,Tonnes of CO2-equivalent,Transport
Haiti,2009,0.96,Tonnes of CO2-equivalent,Transport
Hungary,2009,13.16,Tonnes of CO2-equivalent,Transport
Indonesia,2009,83.89,Tonnes of CO2-equivalent,Transport
India,2009,183.24,Tonnes of CO2-equivalent,Transport
Ireland,2009,12.46,Tonnes of CO2-equivalent,Transport
"Iran, Islamic Rep.",2009,128.58,Tonnes of CO2-equivalent,Transport
Iraq,2009,25.93,Tonnes of CO2-equivalent,Transport
Iceland,2009,0.91,Tonnes of CO2-equivalent,Transport
Israel,2009,16.1,Tonnes of CO2-equivalent,Transport
Italy,2009,114.63,Tonnes of CO2-equivalent,Transport
Jamaica,2009,2.06,Tonnes of CO2-equivalent,Transport
Jordan,2009,5.3,Tonnes of CO2-equivalent,Transport
Japan,2009,233.75,Tonnes of CO2-equivalent,Transport
Kazakhstan,2009,12.89,Tonnes of CO2-equivalent,Transport
Kenya,2009,4.26,Tonnes of CO2-equivalent,Transport
Kyrgyz Republic,2009,2.34,Tonnes of CO2-equivalent,Transport
Cambodia,2009,2.78,Tonnes of CO2-equivalent,Transport
Kiribati,2009,0.03,Tonnes of CO2-equivalent,Transport
St. Kitts and Nevis,2009,0.06,Tonnes of CO2-equivalent,Transport
"Korea, Rep.",2009,87.22,Tonnes of CO2-equivalent,Transport
Kuwait,2009,12.06,Tonnes of CO2-equivalent,Transport
Lao PDR,2009,1.54,Tonnes of CO2-equivalent,Transport
Lebanon,2009,5.29,Tonnes of CO2-equivalent,Transport
Liberia,2009,0.29,Tonnes of CO2-equivalent,Transport
Libya,2009,16.03,Tonnes of CO2-equivalent,Transport
St. Lucia,2009,0.19,Tonnes of CO2-equivalent,Transport
Sri Lanka,2009,5.63,Tonnes of CO2-equivalent,Transport
Lesotho,2009,0.39,Tonnes of CO2-equivalent,Transport
Lithuania,2009,4.26,Tonnes of CO2-equivalent,Transport
Luxembourg,2009,6.33,Tonnes of CO2-equivalent,Transport
Latvia,2009,3.2,Tonnes of CO2-equivalent,Transport
Morocco,2009,13.22,Tonnes of CO2-equivalent,Transport
Moldova,2009,1.55,Tonnes of CO2-equivalent,Transport
Madagascar,2009,0.86,Tonnes of CO2-equivalent,Transport
Maldives,2009,0.51,Tonnes of CO2-equivalent,Transport
Mexico,2009,152.19,Tonnes of CO2-equivalent,Transport
Marshall Islands,2009,0.07,Tonnes of CO2-equivalent,Transport
North Macedonia,2009,1.32,Tonnes of CO2-equivalent,Transport
Mali,2009,1.43,Tonnes of CO2-equivalent,Transport
Malta,2009,0.53,Tonnes of CO2-equivalent,Transport
Myanmar,2009,2.28,Tonnes of CO2-equivalent,Transport
Montenegro,2009,0.64,Tonnes of CO2-equivalent,Transport
Mongolia,2009,1.55,Tonnes of CO2-equivalent,Transport
Mozambique,2009,1.57,Tonnes of CO2-equivalent,Transport
Mauritania,2009,0.0,Tonnes of CO2-equivalent,Transport
Mauritius,2009,0.89,Tonnes of CO2-equivalent,Transport
Malawi,2009,0.68,Tonnes of CO2-equivalent,Transport
Malaysia,2009,43.93,Tonnes of CO2-equivalent,Transport
Namibia,2009,1.74,Tonnes of CO2-equivalent,Transport
Niger,2009,0.67,Tonnes of CO2-equivalent,Transport
Nigeria,2009,24.54,Tonnes of CO2-equivalent,Transport
Nicaragua,2009,1.52,Tonnes of CO2-equivalent,Transport
Niue,2009,0.0,Tonnes of CO2-equivalent,Transport
Netherlands,2009,34.32,Tonnes of CO2-equivalent,Transport
Norway,2009,13.93,Tonnes of CO2-equivalent,Transport
Nepal,2009,1.79,Tonnes of CO2-equivalent,Transport
Nauru,2009,0.01,Tonnes of CO2-equivalent,Transport
New Zealand,2009,13.98,Tonnes of CO2-equivalent,Transport
Oman,2009,7.66,Tonnes of CO2-equivalent,Transport
Pakistan,2009,33.64,Tonnes of CO2-equivalent,Transport
Panama,2009,3.51,Tonnes of CO2-equivalent,Transport
Peru,2009,15.43,Tonnes of CO2-equivalent,Transport
Philippines,2009,24.15,Tonnes of CO2-equivalent,Transport
Palau,2009,0.13,Tonnes of CO2-equivalent,Transport
Papua New Guinea,2009,1.08,Tonnes of CO2-equivalent,Transport
Poland,2009,45.88,Tonnes of CO2-equivalent,Transport
"Korea, Dem. People's Rep.",2009,1.35,Tonnes of CO2-equivalent,Transport
Portugal,2009,19.41,Tonnes of CO2-equivalent,Transport
Paraguay,2009,4.05,Tonnes of CO2-equivalent,Transport
Qatar,2009,8.67,Tonnes of CO2-equivalent,Transport
Romania,2009,15.3,Tonnes of CO2-equivalent,Transport
Russian Federation,2009,233.26,Tonnes of CO2-equivalent,Transport
Rwanda,2009,0.31,Tonnes of CO2-equivalent,Transport
Saudi Arabia,2009,104.19,Tonnes of CO2-equivalent,Transport
Sudan,2009,7.69,Tonnes of CO2-equivalent,Transport
Senegal,2009,1.99,Tonnes of CO2-equivalent,Transport
Singapore,2009,6.86,Tonnes of CO2-equivalent,Transport
Solomon Islands,2009,0.22,Tonnes of CO2-equivalent,Transport
Sierra Leone,2009,0.29,Tonnes of CO2-equivalent,Transport
El Salvador,2009,3.13,Tonnes of CO2-equivalent,Transport
Somalia,2009,0.16,Tonnes of CO2-equivalent,Transport
Serbia,2009,6.67,Tonnes of CO2-equivalent,Transport
Sao Tome and Principe,2009,0.04,Tonnes of CO2-equivalent,Transport
Suriname,2009,0.6,Tonnes of CO2-equivalent,Transport
Slovak Republic,2009,6.47,Tonnes of CO2-equivalent,Transport
Slovenia,2009,5.21,Tonnes of CO2-equivalent,Transport
Sweden,2009,20.89,Tonnes of CO2-equivalent,Transport
Eswatini,2009,0.58,Tonnes of CO2-equivalent,Transport
Seychelles,2009,0.11,Tonnes of CO2-equivalent,Transport
Syrian Arab Republic,2009,13.44,Tonnes of CO2-equivalent,Transport
Chad,2009,0.42,Tonnes of CO2-equivalent,Transport
Togo,2009,1.98,Tonnes of CO2-equivalent,Transport
Thailand,2009,56.39,Tonnes of CO2-equivalent,Transport
Tajikistan,2009,0.25,Tonnes of CO2-equivalent,Transport
Turkmenistan,2009,7.38,Tonnes of CO2-equivalent,Transport
Timor-Leste,2009,0.12,Tonnes of CO2-equivalent,Transport
Tonga,2009,0.09,Tonnes of CO2-equivalent,Transport
Trinidad and Tobago,2009,3.12,Tonnes of CO2-equivalent,Transport
Tunisia,2009,5.84,Tonnes of CO2-equivalent,Transport
Turkiye,2009,45.21,Tonnes of CO2-equivalent,Transport
Tuvalu,2009,0.01,Tonnes of CO2-equivalent,Transport
Tanzania,2009,3.08,Tonnes of CO2-equivalent,Transport
Uganda,2009,1.56,Tonnes of CO2-equivalent,Transport
Ukraine,2009,34.19,Tonnes of CO2-equivalent,Transport
Uruguay,2009,3.01,Tonnes of CO2-equivalent,Transport
United States,2009,1674.02,Tonnes of CO2-equivalent,Transport
Uzbekistan,2009,12.25,Tonnes of CO2-equivalent,Transport
St. Vincent and the Grenadines,2009,0.19,Tonnes of CO2-equivalent,Transport
"Venezuela, RB",2009,51.83,Tonnes of CO2-equivalent,Transport
Viet Nam,2009,29.62,Tonnes of CO2-equivalent,Transport
Vanuatu,2009,0.08,Tonnes of CO2-equivalent,Transport
World,2009,6902.68,Tonnes of CO2-equivalent,Transport
Samoa,2009,0.11,Tonnes of CO2-equivalent,Transport
"Yemen, Rep.",2009,8.37,Tonnes of CO2-equivalent,Transport
South Africa,2009,46.27,Tonnes of CO2-equivalent,Transport
Zambia,2009,1.18,Tonnes of CO2-equivalent,Transport
Zimbabwe,2009,1.14,Tonnes of CO2-equivalent,Transport
Afghanistan,2009,4.37,Tonnes of CO2-equivalent,Transport
Angola,2009,5.89,Tonnes of CO2-equivalent,Transport
Albania,2009,2.36,Tonnes of CO2-equivalent,Transport
United Arab Emirates,2009,29.55,Tonnes of CO2-equivalent,Transport
Argentina,2009,43.09,Tonnes of CO2-equivalent,Transport
Armenia,2009,1.2,Tonnes of CO2-equivalent,Transport
Antigua and Barbuda,2009,0.2,Tonnes of CO2-equivalent,Transport
Australia,2009,87.35,Tonnes of CO2-equivalent,Transport
Austria,2009,22.31,Tonnes of CO2-equivalent,Transport
Azerbaijan,2009,4.37,Tonnes of CO2-equivalent,Transport
Burundi,2009,0.16,Tonnes of CO2-equivalent,Transport
Belgium,2009,27.26,Tonnes of CO2-equivalent,Transport
Benin,2009,2.89,Tonnes of CO2-equivalent,Transport
Burkina Faso,2009,0.98,Tonnes of CO2-equivalent,Transport
Bangladesh,2009,6.63,Tonnes of CO2-equivalent,Transport
Bulgaria,2009,8.16,Tonnes of CO2-equivalent,Transport
Bahrain,2009,3.13,Tonnes of CO2-equivalent,Transport
"Bahamas, The",2009,0.45,Tonnes of CO2-equivalent,Transport
Bosnia and Herzegovina,2009,3.57,Tonnes of CO2-equivalent,Transport
Belarus,2009,9.93,Tonnes of CO2-equivalent,Transport
Belize,2009,0.35,Tonnes of CO2-equivalent,Transport
Bolivia,2009,5.7,Tonnes of CO2-equivalent,Transport
Brazil,2009,153.72,Tonnes of CO2-equivalent,Transport
Barbados,2009,0.44,Tonnes of CO2-equivalent,Transport
Brunei Darussalam,2009,1.15,Tonnes of CO2-equivalent,Transport
Bhutan,2009,0.22,Tonnes of CO2-equivalent,Transport
Botswana,2009,1.84,Tonnes of CO2-equivalent,Transport
Central African Republic,2009,0.1,Tonnes of CO2-equivalent,Transport
Canada,2009,168.62,Tonnes of CO2-equivalent,Transport
Switzerland,2009,17.71,Tonnes of CO2-equivalent,Transport
Chile,2009,21.2,Tonnes of CO2-equivalent,Transport
China,2009,531.21,Tonnes of CO2-equivalent,Transport
Cote d'Ivoire,2009,1.58,Tonnes of CO2-equivalent,Transport
Cameroon,2009,2.58,Tonnes of CO2-equivalent,Transport
"Congo, Dem. Rep.",2009,1.55,Tonnes of CO2-equivalent,Transport
"Congo, Rep.",2009,1.31,Tonnes of CO2-equivalent,Transport
Cook Islands,2009,0.04,Tonnes of CO2-equivalent,Transport
Colombia,2009,20.99,Tonnes of CO2-equivalent,Transport
Comoros,2009,0.08,Tonnes of CO2-equivalent,Transport
Cabo Verde,2009,0.25,Tonnes of CO2-equivalent,Transport
Costa Rica,2009,4.55,Tonnes of CO2-equivalent,Transport
Cuba,2009,1.45,Tonnes of CO2-equivalent,Transport
Cyprus,2009,2.25,Tonnes of CO2-equivalent,Transport
Czechia,2009,18.11,Tonnes of CO2-equivalent,Transport
Germany,2009,151.28,Tonnes of CO2-equivalent,Transport
Djibouti,2009,0.06,Tonnes of CO2-equivalent,Transport
Dominica,2009,0.08,Tonnes of CO2-equivalent,Transport
Denmark,2009,13.47,Tonnes of CO2-equivalent,Transport
Dominican Republic,2009,5.79,Tonnes of CO2-equivalent,Transport
Algeria,2009,31.14,Tonnes of CO2-equivalent,Transport
Ecuador,2009,10.73,Tonnes of CO2-equivalent,Transport
"Egypt, Arab Rep.",2009,42.77,Tonnes of CO2-equivalent,Transport
Eritrea,2009,0.12,Tonnes of CO2-equivalent,Transport
Spain,2009,103.73,Tonnes of CO2-equivalent,Transport
Estonia,2009,2.19,Tonnes of CO2-equivalent,Transport
Ethiopia,2009,2.7,Tonnes of CO2-equivalent,Transport
European Union,2009,820.82,Tonnes of CO2-equivalent,Transport
Finland,2009,12.28,Tonnes of CO2-equivalent,Transport
Fiji,2009,0.3,Tonnes of CO2-equivalent,Transport
France,2009,126.05,Tonnes of CO2-equivalent,Transport
"Micronesia, Fed. Sts.",2009,0.1,Tonnes of CO2-equivalent,Transport
Gabon,2009,0.42,Tonnes of CO2-equivalent,Transport
United Kingdom,2009,121.55,Tonnes of CO2-equivalent,Transport
Georgia,2009,2.23,Tonnes of CO2-equivalent,Transport
Ghana,2009,5.19,Tonnes of CO2-equivalent,Transport
Guinea,2009,0.77,Tonnes of CO2-equivalent,Transport
"Gambia, The",2009,0.22,Tonnes of CO2-equivalent,Transport
Guinea-Bissau,2009,0.1,Tonnes of CO2-equivalent,Transport
Equatorial Guinea,2009,0.5,Tonnes of CO2-equivalent,Transport
Greece,2009,25.44,Tonnes of CO2-equivalent,Transport
Grenada,2009,0.11,Tonnes of CO2-equivalent,Transport
Guatemala,2009,6.02,Tonnes of CO2-equivalent,Transport
Guyana,2009,0.61,Tonnes of CO2-equivalent,Transport
Honduras,2009,3.04,Tonnes of CO2-equivalent,Transport
Croatia,2009,6.26,Tonnes of CO2-equivalent,Transport
Haiti,2009,0.96,Tonnes of CO2-equivalent,Transport
Hungary,2009,13.16,Tonnes of CO2-equivalent,Transport
Indonesia,2009,83.89,Tonnes of CO2-equivalent,Transport
India,2009,183.24,Tonnes of CO2-equivalent,Transport
Ireland,2009,12.46,Tonnes of CO2-equivalent,Transport
"Iran, Islamic Rep.",2009,128.58,Tonnes of CO2-equivalent,Transport
Iraq,2009,25.93,Tonnes of CO2-equivalent,Transport
Iceland,2009,0.91,Tonnes of CO2-equivalent,Transport
Israel,2009,16.1,Tonnes of CO2-equivalent,Transport
Italy,2009,114.63,Tonnes of CO2-equivalent,Transport
Jamaica,2009,2.06,Tonnes of CO2-equivalent,Transport
Jordan,2009,5.3,Tonnes of CO2-equivalent,Transport
Japan,2009,233.75,Tonnes of CO2-equivalent,Transport
Kazakhstan,2009,12.89,Tonnes of CO2-equivalent,Transport
Kenya,2009,4.26,Tonnes of CO2-equivalent,Transport
Kyrgyz Republic,2009,2.34,Tonnes of CO2-equivalent,Transport
Cambodia,2009,2.78,Tonnes of CO2-equivalent,Transport
Kiribati,2009,0.03,Tonnes of CO2-equivalent,Transport
St. Kitts and Nevis,2009,0.06,Tonnes of CO2-equivalent,Transport
"Korea, Rep.",2009,87.22,Tonnes of CO2-equivalent,Transport
Kuwait,2009,12.06,Tonnes of CO2-equivalent,Transport
Lao PDR,2009,1.54,Tonnes of CO2-equivalent,Transport
Lebanon,2009,5.29,Tonnes of CO2-equivalent,Transport
Liberia,2009,0.29,Tonnes of CO2-equivalent,Transport
Libya,2009,16.03,Tonnes of CO2-equivalent,Transport
St. Lucia,2009,0.19,Tonnes of CO2-equivalent,Transport
Sri Lanka,2009,5.63,Tonnes of CO2-equivalent,Transport
Lesotho,2009,0.39,Tonnes of CO2-equivalent,Transport
Lithuania,2009,4.26,Tonnes of CO2-equivalent,Transport
Luxembourg,2009,6.33,Tonnes of CO2-equivalent,Transport
Latvia,2009,3.2,Tonnes of CO2-equivalent,Transport
Morocco,2009,13.22,Tonnes of CO2-equivalent,Transport
Moldova,2009,1.55,Tonnes of CO2-equivalent,Transport
Madagascar,2009,0.86,Tonnes of CO2-equivalent,Transport
Maldives,2009,0.51,Tonnes of CO2-equivalent,Transport
Mexico,2009,152.19,Tonnes of CO2-equivalent,Transport
Marshall Islands,2009,0.07,Tonnes of CO2-equivalent,Transport
North Macedonia,2009,1.32,Tonnes of CO2-equivalent,Transport
Mali,2009,1.43,Tonnes of CO2-equivalent,Transport
Malta,2009,0.53,Tonnes of CO2-equivalent,Transport
Myanmar,2009,2.28,Tonnes of CO2-equivalent,Transport
Montenegro,2009,0.64,Tonnes of CO2-equivalent,Transport
Mongolia,2009,1.55,Tonnes of CO2-equivalent,Transport
Mozambique,2009,1.57,Tonnes of CO2-equivalent,Transport
Mauritania,2009,0.0,Tonnes of CO2-equivalent,Transport
Mauritius,2009,0.89,Tonnes of CO2-equivalent,Transport
Malawi,2009,0.68,Tonnes of CO2-equivalent,Transport
Malaysia,2009,43.93,Tonnes of CO2-equivalent,Transport
Namibia,2009,1.74,Tonnes of CO2-equivalent,Transport
Niger,2009,0.67,Tonnes of CO2-equivalent,Transport
Nigeria,2009,24.54,Tonnes of CO2-equivalent,Transport
Nicaragua,2009,1.52,Tonnes of CO2-equivalent,Transport
Niue,2009,0.0,Tonnes of CO2-equivalent,Transport
Netherlands,2009,34.32,Tonnes of CO2-equivalent,Transport
Norway,2009,13.93,Tonnes of CO2-equivalent,Transport
Nepal,2009,1.79,Tonnes of CO2-equivalent,Transport
Nauru,2009,0.01,Tonnes of CO2-equivalent,Transport
New Zealand,2009,13.98,Tonnes of CO2-equivalent,Transport
Oman,2009,7.66,Tonnes of CO2-equivalent,Transport
Pakistan,2009,33.64,Tonnes of CO2-equivalent,Transport
Panama,2009,3.51,Tonnes of CO2-equivalent,Transport
Peru,2009,15.43,Tonnes of CO2-equivalent,Transport
Philippines,2009,24.15,Tonnes of CO2-equivalent,Transport
Palau,2009,0.13,Tonnes of CO2-equivalent,Transport
Papua New Guinea,2009,1.08,Tonnes of CO2-equivalent,Transport
Poland,2009,45.88,Tonnes of CO2-equivalent,Transport
"Korea, Dem. People's Rep.",2009,1.35,Tonnes of CO2-equivalent,Transport
Portugal,2009,19.41,Tonnes of CO2-equivalent,Transport
Paraguay,2009,4.05,Tonnes of CO2-equivalent,Transport
Qatar,2009,8.67,Tonnes of CO2-equivalent,Transport
Romania,2009,15.3,Tonnes of CO2-equivalent,Transport
Russian Federation,2009,233.26,Tonnes of CO2-equivalent,Transport
Rwanda,2009,0.31,Tonnes of CO2-equivalent,Transport
Saudi Arabia,2009,104.19,Tonnes of CO2-equivalent,Transport
Sudan,2009,7.69,Tonnes of CO2-equivalent,Transport
Senegal,2009,1.99,Tonnes of CO2-equivalent,Transport
Singapore,2009,6.86,Tonnes of CO2-equivalent,Transport
Solomon Islands,2009,0.22,Tonnes of CO2-equivalent,Transport
Sierra Leone,2009,0.29,Tonnes of CO2-equivalent,Transport
El Salvador,2009,3.13,Tonnes of CO2-equivalent,Transport
Somalia,2009,0.16,Tonnes of CO2-equivalent,Transport
Serbia,2009,6.67,Tonnes of CO2-equivalent,Transport
Sao Tome and Principe,2009,0.04,Tonnes of CO2-equivalent,Transport
Suriname,2009,0.6,Tonnes of CO2-equivalent,Transport
Slovak Republic,2009,6.47,Tonnes of CO2-equivalent,Transport
Slovenia,2009,5.21,Tonnes of CO2-equivalent,Transport
Sweden,2009,20.89,Tonnes of CO2-equivalent,Transport
Eswatini,2009,0.58,Tonnes of CO2-equivalent,Transport
Seychelles,2009,0.11,Tonnes of CO2-equivalent,Transport
Syrian Arab Republic,2009,13.44,Tonnes of CO2-equivalent,Transport
Chad,2009,0.42,Tonnes of CO2-equivalent,Transport
Togo,2009,1.98,Tonnes of CO2-equivalent,Transport
Thailand,2009,56.39,Tonnes of CO2-equivalent,Transport
Tajikistan,2009,0.25,Tonnes of CO2-equivalent,Transport
Turkmenistan,2009,7.38,Tonnes of CO2-equivalent,Transport
Timor-Leste,2009,0.12,Tonnes of CO2-equivalent,Transport
Tonga,2009,0.09,Tonnes of CO2-equivalent,Transport
Trinidad and Tobago,2009,3.12,Tonnes of CO2-equivalent,Transport
Tunisia,2009,5.84,Tonnes of CO2-equivalent,Transport
Turkiye,2009,45.21,Tonnes of CO2-equivalent,Transport
Tuvalu,2009,0.01,Tonnes of CO2-equivalent,Transport
Tanzania,2009,3.08,Tonnes of CO2-equivalent,Transport
Uganda,2009,1.56,Tonnes of CO2-equivalent,Transport
Ukraine,2009,34.19,Tonnes of CO2-equivalent,Transport
Uruguay,2009,3.01,Tonnes of CO2-equivalent,Transport
United States,2009,1674.02,Tonnes of CO2-equivalent,Transport
Uzbekistan,2009,12.25,Tonnes of CO2-equivalent,Transport
St. Vincent and the Grenadines,2009,0.19,Tonnes of CO2-equivalent,Transport
"Venezuela, RB",2009,51.83,Tonnes of CO2-equivalent,Transport
Viet Nam,2009,29.62,Tonnes of CO2-equivalent,Transport
Vanuatu,2009,0.08,Tonnes of CO2-equivalent,Transport
World,2009,6902.68,Tonnes of CO2-equivalent,Transport
Samoa,2009,0.11,Tonnes of CO2-equivalent,Transport
"Yemen, Rep.",2009,8.37,Tonnes of CO2-equivalent,Transport
South Africa,2009,46.27,Tonnes of CO2-equivalent,Transport
Zambia,2009,1.18,Tonnes of CO2-equivalent,Transport
Zimbabwe,2009,1.14,Tonnes of CO2-equivalent,Transport
Afghanistan,2008,2.68,Tonnes of CO2-equivalent,Transport
Angola,2008,5.31,Tonnes of CO2-equivalent,Transport
Albania,2008,2.34,Tonnes of CO2-equivalent,Transport
United Arab Emirates,2008,26.8,Tonnes of CO2-equivalent,Transport
Argentina,2008,47.0,Tonnes of CO2-equivalent,Transport
Armenia,2008,1.32,Tonnes of CO2-equivalent,Transport
Antigua and Barbuda,2008,0.2,Tonnes of CO2-equivalent,Transport
Australia,2008,87.71,Tonnes of CO2-equivalent,Transport
Austria,2008,23.14,Tonnes of CO2-equivalent,Transport
Azerbaijan,2008,4.9,Tonnes of CO2-equivalent,Transport
Burundi,2008,0.16,Tonnes of CO2-equivalent,Transport
Belgium,2008,28.06,Tonnes of CO2-equivalent,Transport
Benin,2008,2.52,Tonnes of CO2-equivalent,Transport
Burkina Faso,2008,1.04,Tonnes of CO2-equivalent,Transport
Bangladesh,2008,6.28,Tonnes of CO2-equivalent,Transport
Bulgaria,2008,8.49,Tonnes of CO2-equivalent,Transport
Bahrain,2008,3.17,Tonnes of CO2-equivalent,Transport
"Bahamas, The",2008,0.23,Tonnes of CO2-equivalent,Transport
Bosnia and Herzegovina,2008,3.45,Tonnes of CO2-equivalent,Transport
Belarus,2008,10.89,Tonnes of CO2-equivalent,Transport
Belize,2008,0.31,Tonnes of CO2-equivalent,Transport
Bolivia,2008,5.23,Tonnes of CO2-equivalent,Transport
Brazil,2008,156.3,Tonnes of CO2-equivalent,Transport
Barbados,2008,0.46,Tonnes of CO2-equivalent,Transport
Brunei Darussalam,2008,1.16,Tonnes of CO2-equivalent,Transport
Bhutan,2008,0.2,Tonnes of CO2-equivalent,Transport
Botswana,2008,2.04,Tonnes of CO2-equivalent,Transport
Central African Republic,2008,0.1,Tonnes of CO2-equivalent,Transport
Canada,2008,172.77,Tonnes of CO2-equivalent,Transport
Switzerland,2008,17.93,Tonnes of CO2-equivalent,Transport
Chile,2008,21.05,Tonnes of CO2-equivalent,Transport
China,2008,521.06,Tonnes of CO2-equivalent,Transport
Cote d'Ivoire,2008,1.6,Tonnes of CO2-equivalent,Transport
Cameroon,2008,2.24,Tonnes of CO2-equivalent,Transport
"Congo, Dem. Rep.",2008,1.55,Tonnes of CO2-equivalent,Transport
"Congo, Rep.",2008,1.2,Tonnes of CO2-equivalent,Transport
Cook Islands,2008,0.04,Tonnes of CO2-equivalent,Transport
Colombia,2008,22.76,Tonnes of CO2-equivalent,Transport
Comoros,2008,0.06,Tonnes of CO2-equivalent,Transport
Cabo Verde,2008,0.23,Tonnes of CO2-equivalent,Transport
Costa Rica,2008,4.49,Tonnes of CO2-equivalent,Transport
Cuba,2008,1.87,Tonnes of CO2-equivalent,Transport
Cyprus,2008,2.25,Tonnes of CO2-equivalent,Transport
Czechia,2008,18.74,Tonnes of CO2-equivalent,Transport
Germany,2008,153.23,Tonnes of CO2-equivalent,Transport
Djibouti,2008,0.08,Tonnes of CO2-equivalent,Transport
Dominica,2008,0.06,Tonnes of CO2-equivalent,Transport
Denmark,2008,14.22,Tonnes of CO2-equivalent,Transport
Dominican Republic,2008,5.58,Tonnes of CO2-equivalent,Transport
Algeria,2008,29.78,Tonnes of CO2-equivalent,Transport
Ecuador,2008,10.19,Tonnes of CO2-equivalent,Transport
"Egypt, Arab Rep.",2008,39.97,Tonnes of CO2-equivalent,Transport
Eritrea,2008,0.12,Tonnes of CO2-equivalent,Transport
Spain,2008,112.41,Tonnes of CO2-equivalent,Transport
Estonia,2008,2.38,Tonnes of CO2-equivalent,Transport
Ethiopia,2008,2.59,Tonnes of CO2-equivalent,Transport
European Union,2008,847.57,Tonnes of CO2-equivalent,Transport
Finland,2008,12.84,Tonnes of CO2-equivalent,Transport
Fiji,2008,0.38,Tonnes of CO2-equivalent,Transport
France,2008,127.44,Tonnes of CO2-equivalent,Transport
"Micronesia, Fed. Sts.",2008,0.06,Tonnes of CO2-equivalent,Transport
Gabon,2008,0.44,Tonnes of CO2-equivalent,Transport
United Kingdom,2008,126.05,Tonnes of CO2-equivalent,Transport
Georgia,2008,1.79,Tonnes of CO2-equivalent,Transport
Ghana,2008,4.27,Tonnes of CO2-equivalent,Transport
Guinea,2008,0.72,Tonnes of CO2-equivalent,Transport
"Gambia, The",2008,0.16,Tonnes of CO2-equivalent,Transport
Guinea-Bissau,2008,0.08,Tonnes of CO2-equivalent,Transport
Equatorial Guinea,2008,0.48,Tonnes of CO2-equivalent,Transport
Greece,2008,22.8,Tonnes of CO2-equivalent,Transport
Grenada,2008,0.1,Tonnes of CO2-equivalent,Transport
Guatemala,2008,5.29,Tonnes of CO2-equivalent,Transport
Guyana,2008,0.57,Tonnes of CO2-equivalent,Transport
Honduras,2008,3.11,Tonnes of CO2-equivalent,Transport
Croatia,2008,6.3,Tonnes of CO2-equivalent,Transport
Haiti,2008,0.94,Tonnes of CO2-equivalent,Transport
Hungary,2008,13.24,Tonnes of CO2-equivalent,Transport
Indonesia,2008,74.03,Tonnes of CO2-equivalent,Transport
India,2008,167.32,Tonnes of CO2-equivalent,Transport
Ireland,2008,13.73,Tonnes of CO2-equivalent,Transport
"Iran, Islamic Rep.",2008,118.31,Tonnes of CO2-equivalent,Transport
Iraq,2008,25.24,Tonnes of CO2-equivalent,Transport
Iceland,2008,0.94,Tonnes of CO2-equivalent,Transport
Israel,2008,16.39,Tonnes of CO2-equivalent,Transport
Italy,2008,120.74,Tonnes of CO2-equivalent,Transport
Jamaica,2008,2.1,Tonnes of CO2-equivalent,Transport
Jordan,2008,4.76,Tonnes of CO2-equivalent,Transport
Japan,2008,240.02,Tonnes of CO2-equivalent,Transport
Kazakhstan,2008,14.27,Tonnes of CO2-equivalent,Transport
Kenya,2008,3.44,Tonnes of CO2-equivalent,Transport
Kyrgyz Republic,2008,2.02,Tonnes of CO2-equivalent,Transport
Cambodia,2008,2.14,Tonnes of CO2-equivalent,Transport
Kiribati,2008,0.03,Tonnes of CO2-equivalent,Transport
St. Kitts and Nevis,2008,0.06,Tonnes of CO2-equivalent,Transport
"Korea, Rep.",2008,86.25,Tonnes of CO2-equivalent,Transport
Kuwait,2008,10.85,Tonnes of CO2-equivalent,Transport
Lao PDR,2008,1.38,Tonnes of CO2-equivalent,Transport
Lebanon,2008,4.59,Tonnes of CO2-equivalent,Transport
Liberia,2008,0.27,Tonnes of CO2-equivalent,Transport
Libya,2008,13.84,Tonnes of CO2-equivalent,Transport
St. Lucia,2008,0.19,Tonnes of CO2-equivalent,Transport
Sri Lanka,2008,6.15,Tonnes of CO2-equivalent,Transport
Lesotho,2008,0.35,Tonnes of CO2-equivalent,Transport
Lithuania,2008,5.16,Tonnes of CO2-equivalent,Transport
Luxembourg,2008,6.87,Tonnes of CO2-equivalent,Transport
Latvia,2008,3.65,Tonnes of CO2-equivalent,Transport
Morocco,2008,12.5,Tonnes of CO2-equivalent,Transport
Moldova,2008,1.64,Tonnes of CO2-equivalent,Transport
Madagascar,2008,0.91,Tonnes of CO2-equivalent,Transport
Maldives,2008,0.48,Tonnes of CO2-equivalent,Transport
Mexico,2008,155.74,Tonnes of CO2-equivalent,Transport
Marshall Islands,2008,0.07,Tonnes of CO2-equivalent,Transport
North Macedonia,2008,1.23,Tonnes of CO2-equivalent,Transport
Mali,2008,1.18,Tonnes of CO2-equivalent,Transport
Malta,2008,0.6,Tonnes of CO2-equivalent,Transport
Myanmar,2008,2.18,Tonnes of CO2-equivalent,Transport
Montenegro,2008,0.62,Tonnes of CO2-equivalent,Transport
Mongolia,2008,1.7,Tonnes of CO2-equivalent,Transport
Mozambique,2008,1.4,Tonnes of CO2-equivalent,Transport
Mauritania,2008,0.0,Tonnes of CO2-equivalent,Transport
Mauritius,2008,0.86,Tonnes of CO2-equivalent,Transport
Malawi,2008,0.65,Tonnes of CO2-equivalent,Transport
Malaysia,2008,44.82,Tonnes of CO2-equivalent,Transport
Namibia,2008,1.57,Tonnes of CO2-equivalent,Transport
Niger,2008,0.51,Tonnes of CO2-equivalent,Transport
Nigeria,2008,26.19,Tonnes of CO2-equivalent,Transport
Nicaragua,2008,1.55,Tonnes of CO2-equivalent,Transport
Niue,2008,0.0,Tonnes of CO2-equivalent,Transport
Netherlands,2008,35.84,Tonnes of CO2-equivalent,Transport
Norway,2008,14.23,Tonnes of CO2-equivalent,Transport
Nepal,2008,1.37,Tonnes of CO2-equivalent,Transport
Nauru,2008,0.01,Tonnes of CO2-equivalent,Transport
New Zealand,2008,14.26,Tonnes of CO2-equivalent,Transport
Oman,2008,7.54,Tonnes of CO2-equivalent,Transport
Pakistan,2008,33.07,Tonnes of CO2-equivalent,Transport
Panama,2008,3.22,Tonnes of CO2-equivalent,Transport
Peru,2008,14.1,Tonnes of CO2-equivalent,Transport
Philippines,2008,23.25,Tonnes of CO2-equivalent,Transport
Palau,2008,0.13,Tonnes of CO2-equivalent,Transport
Papua New Guinea,2008,1.06,Tonnes of CO2-equivalent,Transport
Poland,2008,45.42,Tonnes of CO2-equivalent,Transport
"Korea, Dem. People's Rep.",2008,1.25,Tonnes of CO2-equivalent,Transport
Portugal,2008,19.68,Tonnes of CO2-equivalent,Transport
Paraguay,2008,3.88,Tonnes of CO2-equivalent,Transport
Qatar,2008,8.61,Tonnes of CO2-equivalent,Transport
Romania,2008,15.26,Tonnes of CO2-equivalent,Transport
Russian Federation,2008,250.29,Tonnes of CO2-equivalent,Transport
Rwanda,2008,0.3,Tonnes of CO2-equivalent,Transport
Saudi Arabia,2008,101.06,Tonnes of CO2-equivalent,Transport
Sudan,2008,7.77,Tonnes of CO2-equivalent,Transport
Senegal,2008,2.23,Tonnes of CO2-equivalent,Transport
Singapore,2008,6.27,Tonnes of CO2-equivalent,Transport
Solomon Islands,2008,0.21,Tonnes of CO2-equivalent,Transport
Sierra Leone,2008,0.26,Tonnes of CO2-equivalent,Transport
El Salvador,2008,3.03,Tonnes of CO2-equivalent,Transport
Somalia,2008,0.16,Tonnes of CO2-equivalent,Transport
Serbia,2008,7.08,Tonnes of CO2-equivalent,Transport
Sao Tome and Principe,2008,0.04,Tonnes of CO2-equivalent,Transport
Suriname,2008,0.59,Tonnes of CO2-equivalent,Transport
Slovak Republic,2008,7.49,Tonnes of CO2-equivalent,Transport
Slovenia,2008,6.2,Tonnes of CO2-equivalent,Transport
Sweden,2008,21.42,Tonnes of CO2-equivalent,Transport
Eswatini,2008,0.5,Tonnes of CO2-equivalent,Transport
Seychelles,2008,0.13,Tonnes of CO2-equivalent,Transport
Syrian Arab Republic,2008,16.03,Tonnes of CO2-equivalent,Transport
Chad,2008,0.32,Tonnes of CO2-equivalent,Transport
Togo,2008,0.89,Tonnes of CO2-equivalent,Transport
Thailand,2008,53.32,Tonnes of CO2-equivalent,Transport
Tajikistan,2008,0.26,Tonnes of CO2-equivalent,Transport
Turkmenistan,2008,9.69,Tonnes of CO2-equivalent,Transport
Timor-Leste,2008,0.11,Tonnes of CO2-equivalent,Transport
Tonga,2008,0.08,Tonnes of CO2-equivalent,Transport
Trinidad and Tobago,2008,3.08,Tonnes of CO2-equivalent,Transport
Tunisia,2008,4.75,Tonnes of CO2-equivalent,Transport
Turkiye,2008,45.62,Tonnes of CO2-equivalent,Transport
Tuvalu,2008,0.0,Tonnes of CO2-equivalent,Transport
Tanzania,2008,3.16,Tonnes of CO2-equivalent,Transport
Uganda,2008,1.41,Tonnes of CO2-equivalent,Transport
Ukraine,2008,40.8,Tonnes of CO2-equivalent,Transport
Uruguay,2008,2.79,Tonnes of CO2-equivalent,Transport
United States,2008,1761.59,Tonnes of CO2-equivalent,Transport
Uzbekistan,2008,13.06,Tonnes of CO2-equivalent,Transport
St. Vincent and the Grenadines,2008,0.14,Tonnes of CO2-equivalent,Transport
"Venezuela, RB",2008,51.07,Tonnes of CO2-equivalent,Transport
Viet Nam,2008,24.68,Tonnes of CO2-equivalent,Transport
Vanuatu,2008,0.05,Tonnes of CO2-equivalent,Transport
World,2008,7043.86,Tonnes of CO2-equivalent,Transport
Samoa,2008,0.1,Tonnes of CO2-equivalent,Transport
"Yemen, Rep.",2008,5.2,Tonnes of CO2-equivalent,Transport
South Africa,2008,48.28,Tonnes of CO2-equivalent,Transport
Zambia,2008,1.01,Tonnes of CO2-equivalent,Transport
Zimbabwe,2008,1.06,Tonnes of CO2-equivalent,Transport
Afghanistan,2008,2.68,Tonnes of CO2-equivalent,Transport
Angola,2008,5.31,Tonnes of CO2-equivalent,Transport
Albania,2008,2.34,Tonnes of CO2-equivalent,Transport
United Arab Emirates,2008,26.8,Tonnes of CO2-equivalent,Transport
Argentina,2008,47.0,Tonnes of CO2-equivalent,Transport
Armenia,2008,1.32,Tonnes of CO2-equivalent,Transport
Antigua and Barbuda,2008,0.2,Tonnes of CO2-equivalent,Transport
Australia,2008,87.71,Tonnes of CO2-equivalent,Transport
Austria,2008,23.14,Tonnes of CO2-equivalent,Transport
Azerbaijan,2008,4.9,Tonnes of CO2-equivalent,Transport
Burundi,2008,0.16,Tonnes of CO2-equivalent,Transport
Belgium,2008,28.06,Tonnes of CO2-equivalent,Transport
Benin,2008,2.52,Tonnes of CO2-equivalent,Transport
Burkina Faso,2008,1.04,Tonnes of CO2-equivalent,Transport
Bangladesh,2008,6.28,Tonnes of CO2-equivalent,Transport
Bulgaria,2008,8.49,Tonnes of CO2-equivalent,Transport
Bahrain,2008,3.17,Tonnes of CO2-equivalent,Transport
"Bahamas, The",2008,0.23,Tonnes of CO2-equivalent,Transport
Bosnia and Herzegovina,2008,3.45,Tonnes of CO2-equivalent,Transport
Belarus,2008,10.89,Tonnes of CO2-equivalent,Transport
Belize,2008,0.31,Tonnes of CO2-equivalent,Transport
Bolivia,2008,5.23,Tonnes of CO2-equivalent,Transport
Brazil,2008,156.3,Tonnes of CO2-equivalent,Transport
Barbados,2008,0.46,Tonnes of CO2-equivalent,Transport
Brunei Darussalam,2008,1.16,Tonnes of CO2-equivalent,Transport
Bhutan,2008,0.2,Tonnes of CO2-equivalent,Transport
Botswana,2008,2.04,Tonnes of CO2-equivalent,Transport
Central African Republic,2008,0.1,Tonnes of CO2-equivalent,Transport
Canada,2008,172.77,Tonnes of CO2-equivalent,Transport
Switzerland,2008,17.93,Tonnes of CO2-equivalent,Transport
Chile,2008,21.05,Tonnes of CO2-equivalent,Transport
China,2008,521.06,Tonnes of CO2-equivalent,Transport
Cote d'Ivoire,2008,1.6,Tonnes of CO2-equivalent,Transport
Cameroon,2008,2.24,Tonnes of CO2-equivalent,Transport
"Congo, Dem. Rep.",2008,1.55,Tonnes of CO2-equivalent,Transport
"Congo, Rep.",2008,1.2,Tonnes of CO2-equivalent,Transport
Cook Islands,2008,0.04,Tonnes of CO2-equivalent,Transport
Colombia,2008,22.76,Tonnes of CO2-equivalent,Transport
Comoros,2008,0.06,Tonnes of CO2-equivalent,Transport
Cabo Verde,2008,0.23,Tonnes of CO2-equivalent,Transport
Costa Rica,2008,4.49,Tonnes of CO2-equivalent,Transport
Cuba,2008,1.87,Tonnes of CO2-equivalent,Transport
Cyprus,2008,2.25,Tonnes of CO2-equivalent,Transport
Czechia,2008,18.74,Tonnes of CO2-equivalent,Transport
Germany,2008,153.23,Tonnes of CO2-equivalent,Transport
Djibouti,2008,0.08,Tonnes of CO2-equivalent,Transport
Dominica,2008,0.06,Tonnes of CO2-equivalent,Transport
Denmark,2008,14.22,Tonnes of CO2-equivalent,Transport
Dominican Republic,2008,5.58,Tonnes of CO2-equivalent,Transport
Algeria,2008,29.78,Tonnes of CO2-equivalent,Transport
Ecuador,2008,10.19,Tonnes of CO2-equivalent,Transport
"Egypt, Arab Rep.",2008,39.97,Tonnes of CO2-equivalent,Transport
Eritrea,2008,0.12,Tonnes of CO2-equivalent,Transport
Spain,2008,112.41,Tonnes of CO2-equivalent,Transport
Estonia,2008,2.38,Tonnes of CO2-equivalent,Transport
Ethiopia,2008,2.59,Tonnes of CO2-equivalent,Transport
European Union,2008,847.57,Tonnes of CO2-equivalent,Transport
Finland,2008,12.84,Tonnes of CO2-equivalent,Transport
Fiji,2008,0.38,Tonnes of CO2-equivalent,Transport
France,2008,127.44,Tonnes of CO2-equivalent,Transport
"Micronesia, Fed. Sts.",2008,0.06,Tonnes of CO2-equivalent,Transport
Gabon,2008,0.44,Tonnes of CO2-equivalent,Transport
United Kingdom,2008,126.05,Tonnes of CO2-equivalent,Transport
Georgia,2008,1.79,Tonnes of CO2-equivalent,Transport
Ghana,2008,4.27,Tonnes of CO2-equivalent,Transport
Guinea,2008,0.72,Tonnes of CO2-equivalent,Transport
"Gambia, The",2008,0.16,Tonnes of CO2-equivalent,Transport
Guinea-Bissau,2008,0.08,Tonnes of CO2-equivalent,Transport
Equatorial Guinea,2008,0.48,Tonnes of CO2-equivalent,Transport
Greece,2008,22.8,Tonnes of CO2-equivalent,Transport
Grenada,2008,0.1,Tonnes of CO2-equivalent,Transport
Guatemala,2008,5.29,Tonnes of CO2-equivalent,Transport
Guyana,2008,0.57,Tonnes of CO2-equivalent,Transport
Honduras,2008,3.11,Tonnes of CO2-equivalent,Transport
Croatia,2008,6.3,Tonnes of CO2-equivalent,Transport
Haiti,2008,0.94,Tonnes of CO2-equivalent,Transport
Hungary,2008,13.24,Tonnes of CO2-equivalent,Transport
Indonesia,2008,74.03,Tonnes of CO2-equivalent,Transport
India,2008,167.32,Tonnes of CO2-equivalent,Transport
Ireland,2008,13.73,Tonnes of CO2-equivalent,Transport
"Iran, Islamic Rep.",2008,118.31,Tonnes of CO2-equivalent,Transport
Iraq,2008,25.24,Tonnes of CO2-equivalent,Transport
Iceland,2008,0.94,Tonnes of CO2-equivalent,Transport
Israel,2008,16.39,Tonnes of CO2-equivalent,Transport
Italy,2008,120.74,Tonnes of CO2-equivalent,Transport
Jamaica,2008,2.1,Tonnes of CO2-equivalent,Transport
Jordan,2008,4.76,Tonnes of CO2-equivalent,Transport
Japan,2008,240.02,Tonnes of CO2-equivalent,Transport
Kazakhstan,2008,14.27,Tonnes of CO2-equivalent,Transport
Kenya,2008,3.44,Tonnes of CO2-equivalent,Transport
Kyrgyz Republic,2008,2.02,Tonnes of CO2-equivalent,Transport
Cambodia,2008,2.14,Tonnes of CO2-equivalent,Transport
Kiribati,2008,0.03,Tonnes of CO2-equivalent,Transport
St. Kitts and Nevis,2008,0.06,Tonnes of CO2-equivalent,Transport
"Korea, Rep.",2008,86.25,Tonnes of CO2-equivalent,Transport
Kuwait,2008,10.85,Tonnes of CO2-equivalent,Transport
Lao PDR,2008,1.38,Tonnes of CO2-equivalent,Transport
Lebanon,2008,4.59,Tonnes of CO2-equivalent,Transport
Liberia,2008,0.27,Tonnes of CO2-equivalent,Transport
Libya,2008,13.84,Tonnes of CO2-equivalent,Transport
St. Lucia,2008,0.19,Tonnes of CO2-equivalent,Transport
Sri Lanka,2008,6.15,Tonnes of CO2-equivalent,Transport
Lesotho,2008,0.35,Tonnes of CO2-equivalent,Transport
Lithuania,2008,5.16,Tonnes of CO2-equivalent,Transport
Luxembourg,2008,6.87,Tonnes of CO2-equivalent,Transport
Latvia,2008,3.65,Tonnes of CO2-equivalent,Transport
Morocco,2008,12.5,Tonnes of CO2-equivalent,Transport
Moldova,2008,1.64,Tonnes of CO2-equivalent,Transport
Madagascar,2008,0.91,Tonnes of CO2-equivalent,Transport
Maldives,2008,0.48,Tonnes of CO2-equivalent,Transport
Mexico,2008,155.74,Tonnes of CO2-equivalent,Transport
Marshall Islands,2008,0.07,Tonnes of CO2-equivalent,Transport
North Macedonia,2008,1.23,Tonnes of CO2-equivalent,Transport
Mali,2008,1.18,Tonnes of CO2-equivalent,Transport
Malta,2008,0.6,Tonnes of CO2-equivalent,Transport
Myanmar,2008,2.18,Tonnes of CO2-equivalent,Transport
Montenegro,2008,0.62,Tonnes of CO2-equivalent,Transport
Mongolia,2008,1.7,Tonnes of CO2-equivalent,Transport
Mozambique,2008,1.4,Tonnes of CO2-equivalent,Transport
Mauritania,2008,0.0,Tonnes of CO2-equivalent,Transport
Mauritius,2008,0.86,Tonnes of CO2-equivalent,Transport
Malawi,2008,0.65,Tonnes of CO2-equivalent,Transport
Malaysia,2008,44.82,Tonnes of CO2-equivalent,Transport
Namibia,2008,1.57,Tonnes of CO2-equivalent,Transport
Niger,2008,0.51,Tonnes of CO2-equivalent,Transport
Nigeria,2008,26.19,Tonnes of CO2-equivalent,Transport
Nicaragua,2008,1.55,Tonnes of CO2-equivalent,Transport
Niue,2008,0.0,Tonnes of CO2-equivalent,Transport
Netherlands,2008,35.84,Tonnes of CO2-equivalent,Transport
Norway,2008,14.23,Tonnes of CO2-equivalent,Transport
Nepal,2008,1.37,Tonnes of CO2-equivalent,Transport
Nauru,2008,0.01,Tonnes of CO2-equivalent,Transport
New Zealand,2008,14.26,Tonnes of CO2-equivalent,Transport
Oman,2008,7.54,Tonnes of CO2-equivalent,Transport
Pakistan,2008,33.07,Tonnes of CO2-equivalent,Transport
Panama,2008,3.22,Tonnes of CO2-equivalent,Transport
Peru,2008,14.1,Tonnes of CO2-equivalent,Transport
Philippines,2008,23.25,Tonnes of CO2-equivalent,Transport
Palau,2008,0.13,Tonnes of CO2-equivalent,Transport
Papua New Guinea,2008,1.06,Tonnes of CO2-equivalent,Transport
Poland,2008,45.42,Tonnes of CO2-equivalent,Transport
"Korea, Dem. People's Rep.",2008,1.25,Tonnes of CO2-equivalent,Transport
Portugal,2008,19.68,Tonnes of CO2-equivalent,Transport
Paraguay,2008,3.88,Tonnes of CO2-equivalent,Transport
Qatar,2008,8.61,Tonnes of CO2-equivalent,Transport
Romania,2008,15.26,Tonnes of CO2-equivalent,Transport
Russian Federation,2008,250.29,Tonnes of CO2-equivalent,Transport
Rwanda,2008,0.3,Tonnes of CO2-equivalent,Transport
Saudi Arabia,2008,101.06,Tonnes of CO2-equivalent,Transport
Sudan,2008,7.77,Tonnes of CO2-equivalent,Transport
Senegal,2008,2.23,Tonnes of CO2-equivalent,Transport
Singapore,2008,6.27,Tonnes of CO2-equivalent,Transport
Solomon Islands,2008,0.21,Tonnes of CO2-equivalent,Transport
Sierra Leone,2008,0.26,Tonnes of CO2-equivalent,Transport
El Salvador,2008,3.03,Tonnes of CO2-equivalent,Transport
Somalia,2008,0.16,Tonnes of CO2-equivalent,Transport
Serbia,2008,7.08,Tonnes of CO2-equivalent,Transport
Sao Tome and Principe,2008,0.04,Tonnes of CO2-equivalent,Transport
Suriname,2008,0.59,Tonnes of CO2-equivalent,Transport
Slovak Republic,2008,7.49,Tonnes of CO2-equivalent,Transport
Slovenia,2008,6.2,Tonnes of CO2-equivalent,Transport
Sweden,2008,21.42,Tonnes of CO2-equivalent,Transport
Eswatini,2008,0.5,Tonnes of CO2-equivalent,Transport
Seychelles,2008,0.13,Tonnes of CO2-equivalent,Transport
Syrian Arab Republic,2008,16.03,Tonnes of CO2-equivalent,Transport
Chad,2008,0.32,Tonnes of CO2-equivalent,Transport
Togo,2008,0.89,Tonnes of CO2-equivalent,Transport
Thailand,2008,53.32,Tonnes of CO2-equivalent,Transport
Tajikistan,2008,0.26,Tonnes of CO2-equivalent,Transport
Turkmenistan,2008,9.69,Tonnes of CO2-equivalent,Transport
Timor-Leste,2008,0.11,Tonnes of CO2-equivalent,Transport
Tonga,2008,0.08,Tonnes of CO2-equivalent,Transport
Trinidad and Tobago,2008,3.08,Tonnes of CO2-equivalent,Transport
Tunisia,2008,4.75,Tonnes of CO2-equivalent,Transport
Turkiye,2008,45.62,Tonnes of CO2-equivalent,Transport
Tuvalu,2008,0.0,Tonnes of CO2-equivalent,Transport
Tanzania,2008,3.16,Tonnes of CO2-equivalent,Transport
Uganda,2008,1.41,Tonnes of CO2-equivalent,Transport
Ukraine,2008,40.8,Tonnes of CO2-equivalent,Transport
Uruguay,2008,2.79,Tonnes of CO2-equivalent,Transport
United States,2008,1761.59,Tonnes of CO2-equivalent,Transport
Uzbekistan,2008,13.06,Tonnes of CO2-equivalent,Transport
St. Vincent and the Grenadines,2008,0.14,Tonnes of CO2-equivalent,Transport
"Venezuela, RB",2008,51.07,Tonnes of CO2-equivalent,Transport
Viet Nam,2008,24.68,Tonnes of CO2-equivalent,Transport
Vanuatu,2008,0.05,Tonnes of CO2-equivalent,Transport
World,2008,7043.86,Tonnes of CO2-equivalent,Transport
Samoa,2008,0.1,Tonnes of CO2-equivalent,Transport
"Yemen, Rep.",2008,5.2,Tonnes of CO2-equivalent,Transport
South Africa,2008,48.28,Tonnes of CO2-equivalent,Transport
Zambia,2008,1.01,Tonnes of CO2-equivalent,Transport
Zimbabwe,2008,1.06,Tonnes of CO2-equivalent,Transport
Afghanistan,2007,1.6,Tonnes of CO2-equivalent,Transport
Angola,2007,3.98,Tonnes of CO2-equivalent,Transport
Albania,2007,2.15,Tonnes of CO2-equivalent,Transport
United Arab Emirates,2007,25.18,Tonnes of CO2-equivalent,Transport
Argentina,2007,44.97,Tonnes of CO2-equivalent,Transport
Armenia,2007,1.11,Tonnes of CO2-equivalent,Transport
Antigua and Barbuda,2007,0.2,Tonnes of CO2-equivalent,Transport
Australia,2007,85.93,Tonnes of CO2-equivalent,Transport
Austria,2007,24.18,Tonnes of CO2-equivalent,Transport
Azerbaijan,2007,3.89,Tonnes of CO2-equivalent,Transport
Burundi,2007,0.16,Tonnes of CO2-equivalent,Transport
Belgium,2007,27.99,Tonnes of CO2-equivalent,Transport
Benin,2007,2.5,Tonnes of CO2-equivalent,Transport
Burkina Faso,2007,0.93,Tonnes of CO2-equivalent,Transport
Bangladesh,2007,5.6,Tonnes of CO2-equivalent,Transport
Bulgaria,2007,8.1,Tonnes of CO2-equivalent,Transport
Bahrain,2007,2.9,Tonnes of CO2-equivalent,Transport
"Bahamas, The",2007,0.22,Tonnes of CO2-equivalent,Transport
Bosnia and Herzegovina,2007,3.12,Tonnes of CO2-equivalent,Transport
Belarus,2007,9.58,Tonnes of CO2-equivalent,Transport
Belize,2007,0.29,Tonnes of CO2-equivalent,Transport
Bolivia,2007,4.64,Tonnes of CO2-equivalent,Transport
Brazil,2007,150.5,Tonnes of CO2-equivalent,Transport
Barbados,2007,0.41,Tonnes of CO2-equivalent,Transport
Brunei Darussalam,2007,1.16,Tonnes of CO2-equivalent,Transport
Bhutan,2007,0.19,Tonnes of CO2-equivalent,Transport
Botswana,2007,1.76,Tonnes of CO2-equivalent,Transport
Central African Republic,2007,0.12,Tonnes of CO2-equivalent,Transport
Canada,2007,172.74,Tonnes of CO2-equivalent,Transport
Switzerland,2007,17.51,Tonnes of CO2-equivalent,Transport
Chile,2007,20.26,Tonnes of CO2-equivalent,Transport
China,2007,481.11,Tonnes of CO2-equivalent,Transport
Cote d'Ivoire,2007,1.32,Tonnes of CO2-equivalent,Transport
Cameroon,2007,2.19,Tonnes of CO2-equivalent,Transport
"Congo, Dem. Rep.",2007,1.37,Tonnes of CO2-equivalent,Transport
"Congo, Rep.",2007,0.98,Tonnes of CO2-equivalent,Transport
Cook Islands,2007,0.04,Tonnes of CO2-equivalent,Transport
Colombia,2007,22.38,Tonnes of CO2-equivalent,Transport
Comoros,2007,0.05,Tonnes of CO2-equivalent,Transport
Cabo Verde,2007,0.27,Tonnes of CO2-equivalent,Transport
Costa Rica,2007,4.38,Tonnes of CO2-equivalent,Transport
Cuba,2007,1.9,Tonnes of CO2-equivalent,Transport
Cyprus,2007,2.2,Tonnes of CO2-equivalent,Transport
Czechia,2007,18.88,Tonnes of CO2-equivalent,Transport
Germany,2007,152.87,Tonnes of CO2-equivalent,Transport
Djibouti,2007,0.08,Tonnes of CO2-equivalent,Transport
Dominica,2007,0.07,Tonnes of CO2-equivalent,Transport
Denmark,2007,14.38,Tonnes of CO2-equivalent,Transport
Dominican Republic,2007,6.11,Tonnes of CO2-equivalent,Transport
Algeria,2007,28.15,Tonnes of CO2-equivalent,Transport
Ecuador,2007,10.24,Tonnes of CO2-equivalent,Transport
"Egypt, Arab Rep.",2007,37.87,Tonnes of CO2-equivalent,Transport
Eritrea,2007,0.14,Tonnes of CO2-equivalent,Transport
Spain,2007,118.69,Tonnes of CO2-equivalent,Transport
Estonia,2007,2.48,Tonnes of CO2-equivalent,Transport
Ethiopia,2007,2.5,Tonnes of CO2-equivalent,Transport
European Union,2007,864.34,Tonnes of CO2-equivalent,Transport
Finland,2007,13.47,Tonnes of CO2-equivalent,Transport
Fiji,2007,0.54,Tonnes of CO2-equivalent,Transport
France,2007,133.36,Tonnes of CO2-equivalent,Transport
"Micronesia, Fed. Sts.",2007,0.08,Tonnes of CO2-equivalent,Transport
Gabon,2007,0.43,Tonnes of CO2-equivalent,Transport
United Kingdom,2007,132.92,Tonnes of CO2-equivalent,Transport
Georgia,2007,2.12,Tonnes of CO2-equivalent,Transport
Ghana,2007,3.95,Tonnes of CO2-equivalent,Transport
Guinea,2007,0.7,Tonnes of CO2-equivalent,Transport
"Gambia, The",2007,0.16,Tonnes of CO2-equivalent,Transport
Guinea-Bissau,2007,0.09,Tonnes of CO2-equivalent,Transport
Equatorial Guinea,2007,0.47,Tonnes of CO2-equivalent,Transport
Greece,2007,23.5,Tonnes of CO2-equivalent,Transport
Grenada,2007,0.1,Tonnes of CO2-equivalent,Transport
Guatemala,2007,5.78,Tonnes of CO2-equivalent,Transport
Guyana,2007,0.57,Tonnes of CO2-equivalent,Transport
Honduras,2007,3.23,Tonnes of CO2-equivalent,Transport
Croatia,2007,6.37,Tonnes of CO2-equivalent,Transport
Haiti,2007,0.97,Tonnes of CO2-equivalent,Transport
Hungary,2007,13.3,Tonnes of CO2-equivalent,Transport
Indonesia,2007,69.65,Tonnes of CO2-equivalent,Transport
India,2007,146.67,Tonnes of CO2-equivalent,Transport
Ireland,2007,14.57,Tonnes of CO2-equivalent,Transport
"Iran, Islamic Rep.",2007,113.48,Tonnes of CO2-equivalent,Transport
Iraq,2007,26.32,Tonnes of CO2-equivalent,Transport
Iceland,2007,0.99,Tonnes of CO2-equivalent,Transport
Israel,2007,14.87,Tonnes of CO2-equivalent,Transport
Italy,2007,127.57,Tonnes of CO2-equivalent,Transport
Jamaica,2007,2.13,Tonnes of CO2-equivalent,Transport
Jordan,2007,5.23,Tonnes of CO2-equivalent,Transport
Japan,2007,249.33,Tonnes of CO2-equivalent,Transport
Kazakhstan,2007,12.58,Tonnes of CO2-equivalent,Transport
Kenya,2007,3.35,Tonnes of CO2-equivalent,Transport
Kyrgyz Republic,2007,1.8,Tonnes of CO2-equivalent,Transport
Cambodia,2007,2.07,Tonnes of CO2-equivalent,Transport
Kiribati,2007,0.03,Tonnes of CO2-equivalent,Transport
St. Kitts and Nevis,2007,0.06,Tonnes of CO2-equivalent,Transport
"Korea, Rep.",2007,90.74,Tonnes of CO2-equivalent,Transport
Kuwait,2007,9.86,Tonnes of CO2-equivalent,Transport
Lao PDR,2007,1.2,Tonnes of CO2-equivalent,Transport
Lebanon,2007,3.16,Tonnes of CO2-equivalent,Transport
Liberia,2007,0.33,Tonnes of CO2-equivalent,Transport
Libya,2007,12.12,Tonnes of CO2-equivalent,Transport
St. Lucia,2007,0.19,Tonnes of CO2-equivalent,Transport
Sri Lanka,2007,6.71,Tonnes of CO2-equivalent,Transport
Lesotho,2007,0.32,Tonnes of CO2-equivalent,Transport
Lithuania,2007,5.18,Tonnes of CO2-equivalent,Transport
Luxembourg,2007,6.77,Tonnes of CO2-equivalent,Transport
Latvia,2007,3.86,Tonnes of CO2-equivalent,Transport
Morocco,2007,11.41,Tonnes of CO2-equivalent,Transport
Moldova,2007,1.35,Tonnes of CO2-equivalent,Transport
Madagascar,2007,0.89,Tonnes of CO2-equivalent,Transport
Maldives,2007,0.49,Tonnes of CO2-equivalent,Transport
Mexico,2007,149.57,Tonnes of CO2-equivalent,Transport
Marshall Islands,2007,0.07,Tonnes of CO2-equivalent,Transport
North Macedonia,2007,1.2,Tonnes of CO2-equivalent,Transport
Mali,2007,1.15,Tonnes of CO2-equivalent,Transport
Malta,2007,0.55,Tonnes of CO2-equivalent,Transport
Myanmar,2007,4.59,Tonnes of CO2-equivalent,Transport
Montenegro,2007,0.62,Tonnes of CO2-equivalent,Transport
Mongolia,2007,1.61,Tonnes of CO2-equivalent,Transport
Mozambique,2007,1.43,Tonnes of CO2-equivalent,Transport
Mauritania,2007,0.0,Tonnes of CO2-equivalent,Transport
Mauritius,2007,0.85,Tonnes of CO2-equivalent,Transport
Malawi,2007,0.51,Tonnes of CO2-equivalent,Transport
Malaysia,2007,42.68,Tonnes of CO2-equivalent,Transport
Namibia,2007,1.43,Tonnes of CO2-equivalent,Transport
Niger,2007,0.5,Tonnes of CO2-equivalent,Transport
Nigeria,2007,21.87,Tonnes of CO2-equivalent,Transport
Nicaragua,2007,1.59,Tonnes of CO2-equivalent,Transport
Niue,2007,0.0,Tonnes of CO2-equivalent,Transport
Netherlands,2007,35.49,Tonnes of CO2-equivalent,Transport
Norway,2007,14.58,Tonnes of CO2-equivalent,Transport
Nepal,2007,0.93,Tonnes of CO2-equivalent,Transport
Nauru,2007,0.01,Tonnes of CO2-equivalent,Transport
New Zealand,2007,14.18,Tonnes of CO2-equivalent,Transport
Oman,2007,6.35,Tonnes of CO2-equivalent,Transport
Pakistan,2007,34.09,Tonnes of CO2-equivalent,Transport
Panama,2007,2.9,Tonnes of CO2-equivalent,Transport
Peru,2007,11.53,Tonnes of CO2-equivalent,Transport
Philippines,2007,24.24,Tonnes of CO2-equivalent,Transport
Palau,2007,0.13,Tonnes of CO2-equivalent,Transport
Papua New Guinea,2007,1.0,Tonnes of CO2-equivalent,Transport
Poland,2007,43.36,Tonnes of CO2-equivalent,Transport
"Korea, Dem. People's Rep.",2007,1.22,Tonnes of CO2-equivalent,Transport
Portugal,2007,19.62,Tonnes of CO2-equivalent,Transport
Paraguay,2007,3.28,Tonnes of CO2-equivalent,Transport
Qatar,2007,6.7,Tonnes of CO2-equivalent,Transport
Romania,2007,13.64,Tonnes of CO2-equivalent,Transport
Russian Federation,2007,235.42,Tonnes of CO2-equivalent,Transport
Rwanda,2007,0.3,Tonnes of CO2-equivalent,Transport
Saudi Arabia,2007,93.6,Tonnes of CO2-equivalent,Transport
Sudan,2007,6.47,Tonnes of CO2-equivalent,Transport
Senegal,2007,2.06,Tonnes of CO2-equivalent,Transport
Singapore,2007,6.15,Tonnes of CO2-equivalent,Transport
Solomon Islands,2007,0.21,Tonnes of CO2-equivalent,Transport
Sierra Leone,2007,0.29,Tonnes of CO2-equivalent,Transport
El Salvador,2007,3.23,Tonnes of CO2-equivalent,Transport
Somalia,2007,0.15,Tonnes of CO2-equivalent,Transport
Serbia,2007,5.67,Tonnes of CO2-equivalent,Transport
Sao Tome and Principe,2007,0.04,Tonnes of CO2-equivalent,Transport
Suriname,2007,0.55,Tonnes of CO2-equivalent,Transport
Slovak Republic,2007,6.84,Tonnes of CO2-equivalent,Transport
Slovenia,2007,5.28,Tonnes of CO2-equivalent,Transport
Sweden,2007,21.86,Tonnes of CO2-equivalent,Transport
Eswatini,2007,0.53,Tonnes of CO2-equivalent,Transport
Seychelles,2007,0.11,Tonnes of CO2-equivalent,Transport
Syrian Arab Republic,2007,15.82,Tonnes of CO2-equivalent,Transport
Chad,2007,0.27,Tonnes of CO2-equivalent,Transport
Togo,2007,0.66,Tonnes of CO2-equivalent,Transport
Thailand,2007,56.93,Tonnes of CO2-equivalent,Transport
Tajikistan,2007,0.26,Tonnes of CO2-equivalent,Transport
Turkmenistan,2007,9.73,Tonnes of CO2-equivalent,Transport
Timor-Leste,2007,0.11,Tonnes of CO2-equivalent,Transport
Tonga,2007,0.08,Tonnes of CO2-equivalent,Transport
Trinidad and Tobago,2007,2.84,Tonnes of CO2-equivalent,Transport
Tunisia,2007,4.91,Tonnes of CO2-equivalent,Transport
Turkiye,2007,48.44,Tonnes of CO2-equivalent,Transport
Tuvalu,2007,0.01,Tonnes of CO2-equivalent,Transport
Tanzania,2007,2.9,Tonnes of CO2-equivalent,Transport
Uganda,2007,1.22,Tonnes of CO2-equivalent,Transport
Ukraine,2007,40.83,Tonnes of CO2-equivalent,Transport
Uruguay,2007,2.74,Tonnes of CO2-equivalent,Transport
United States,2007,1862.03,Tonnes of CO2-equivalent,Transport
Uzbekistan,2007,13.2,Tonnes of CO2-equivalent,Transport
St. Vincent and the Grenadines,2007,0.15,Tonnes of CO2-equivalent,Transport
"Venezuela, RB",2007,48.92,Tonnes of CO2-equivalent,Transport
Viet Nam,2007,23.18,Tonnes of CO2-equivalent,Transport
Vanuatu,2007,0.07,Tonnes of CO2-equivalent,Transport
World,2007,7037.75,Tonnes of CO2-equivalent,Transport
Samoa,2007,0.11,Tonnes of CO2-equivalent,Transport
"Yemen, Rep.",2007,4.88,Tonnes of CO2-equivalent,Transport
South Africa,2007,50.02,Tonnes of CO2-equivalent,Transport
Zambia,2007,0.93,Tonnes of CO2-equivalent,Transport
Zimbabwe,2007,1.27,Tonnes of CO2-equivalent,Transport
Afghanistan,2007,1.6,Tonnes of CO2-equivalent,Transport
Angola,2007,3.98,Tonnes of CO2-equivalent,Transport
Albania,2007,2.15,Tonnes of CO2-equivalent,Transport
United Arab Emirates,2007,25.18,Tonnes of CO2-equivalent,Transport
Argentina,2007,44.97,Tonnes of CO2-equivalent,Transport
Armenia,2007,1.11,Tonnes of CO2-equivalent,Transport
Antigua and Barbuda,2007,0.2,Tonnes of CO2-equivalent,Transport
Australia,2007,85.93,Tonnes of CO2-equivalent,Transport
Austria,2007,24.18,Tonnes of CO2-equivalent,Transport
Azerbaijan,2007,3.89,Tonnes of CO2-equivalent,Transport
Burundi,2007,0.16,Tonnes of CO2-equivalent,Transport
Belgium,2007,27.99,Tonnes of CO2-equivalent,Transport
Benin,2007,2.5,Tonnes of CO2-equivalent,Transport
Burkina Faso,2007,0.93,Tonnes of CO2-equivalent,Transport
Bangladesh,2007,5.6,Tonnes of CO2-equivalent,Transport
Bulgaria,2007,8.1,Tonnes of CO2-equivalent,Transport
Bahrain,2007,2.9,Tonnes of CO2-equivalent,Transport
"Bahamas, The",2007,0.22,Tonnes of CO2-equivalent,Transport
Bosnia and Herzegovina,2007,3.12,Tonnes of CO2-equivalent,Transport
Belarus,2007,9.58,Tonnes of CO2-equivalent,Transport
Belize,2007,0.29,Tonnes of CO2-equivalent,Transport
Bolivia,2007,4.64,Tonnes of CO2-equivalent,Transport
Brazil,2007,150.5,Tonnes of CO2-equivalent,Transport
Barbados,2007,0.41,Tonnes of CO2-equivalent,Transport
Brunei Darussalam,2007,1.16,Tonnes of CO2-equivalent,Transport
Bhutan,2007,0.19,Tonnes of CO2-equivalent,Transport
Botswana,2007,1.76,Tonnes of CO2-equivalent,Transport
Central African Republic,2007,0.12,Tonnes of CO2-equivalent,Transport
Canada,2007,172.74,Tonnes of CO2-equivalent,Transport
Switzerland,2007,17.51,Tonnes of CO2-equivalent,Transport
Chile,2007,20.26,Tonnes of CO2-equivalent,Transport
China,2007,481.11,Tonnes of CO2-equivalent,Transport
Cote d'Ivoire,2007,1.32,Tonnes of CO2-equivalent,Transport
Cameroon,2007,2.19,Tonnes of CO2-equivalent,Transport
"Congo, Dem. Rep.",2007,1.37,Tonnes of CO2-equivalent,Transport
"Congo, Rep.",2007,0.98,Tonnes of CO2-equivalent,Transport
Cook Islands,2007,0.04,Tonnes of CO2-equivalent,Transport
Colombia,2007,22.38,Tonnes of CO2-equivalent,Transport
Comoros,2007,0.05,Tonnes of CO2-equivalent,Transport
Cabo Verde,2007,0.27,Tonnes of CO2-equivalent,Transport
Costa Rica,2007,4.38,Tonnes of CO2-equivalent,Transport
Cuba,2007,1.9,Tonnes of CO2-equivalent,Transport
Cyprus,2007,2.2,Tonnes of CO2-equivalent,Transport
Czechia,2007,18.88,Tonnes of CO2-equivalent,Transport
Germany,2007,152.87,Tonnes of CO2-equivalent,Transport
Djibouti,2007,0.08,Tonnes of CO2-equivalent,Transport
Dominica,2007,0.07,Tonnes of CO2-equivalent,Transport
Denmark,2007,14.38,Tonnes of CO2-equivalent,Transport
Dominican Republic,2007,6.11,Tonnes of CO2-equivalent,Transport
Algeria,2007,28.15,Tonnes of CO2-equivalent,Transport
Ecuador,2007,10.24,Tonnes of CO2-equivalent,Transport
"Egypt, Arab Rep.",2007,37.87,Tonnes of CO2-equivalent,Transport
Eritrea,2007,0.14,Tonnes of CO2-equivalent,Transport
Spain,2007,118.69,Tonnes of CO2-equivalent,Transport
Estonia,2007,2.48,Tonnes of CO2-equivalent,Transport
Ethiopia,2007,2.5,Tonnes of CO2-equivalent,Transport
European Union,2007,864.34,Tonnes of CO2-equivalent,Transport
Finland,2007,13.47,Tonnes of CO2-equivalent,Transport
Fiji,2007,0.54,Tonnes of CO2-equivalent,Transport
France,2007,133.36,Tonnes of CO2-equivalent,Transport
"Micronesia, Fed. Sts.",2007,0.08,Tonnes of CO2-equivalent,Transport
Gabon,2007,0.43,Tonnes of CO2-equivalent,Transport
United Kingdom,2007,132.92,Tonnes of CO2-equivalent,Transport
Georgia,2007,2.12,Tonnes of CO2-equivalent,Transport
Ghana,2007,3.95,Tonnes of CO2-equivalent,Transport
Guinea,2007,0.7,Tonnes of CO2-equivalent,Transport
"Gambia, The",2007,0.16,Tonnes of CO2-equivalent,Transport
Guinea-Bissau,2007,0.09,Tonnes of CO2-equivalent,Transport
Equatorial Guinea,2007,0.47,Tonnes of CO2-equivalent,Transport
Greece,2007,23.5,Tonnes of CO2-equivalent,Transport
Grenada,2007,0.1,Tonnes of CO2-equivalent,Transport
Guatemala,2007,5.78,Tonnes of CO2-equivalent,Transport
Guyana,2007,0.57,Tonnes of CO2-equivalent,Transport
Honduras,2007,3.23,Tonnes of CO2-equivalent,Transport
Croatia,2007,6.37,Tonnes of CO2-equivalent,Transport
Haiti,2007,0.97,Tonnes of CO2-equivalent,Transport
Hungary,2007,13.3,Tonnes of CO2-equivalent,Transport
Indonesia,2007,69.65,Tonnes of CO2-equivalent,Transport
India,2007,146.67,Tonnes of CO2-equivalent,Transport
Ireland,2007,14.57,Tonnes of CO2-equivalent,Transport
"Iran, Islamic Rep.",2007,113.48,Tonnes of CO2-equivalent,Transport
Iraq,2007,26.32,Tonnes of CO2-equivalent,Transport
Iceland,2007,0.99,Tonnes of CO2-equivalent,Transport
Israel,2007,14.87,Tonnes of CO2-equivalent,Transport
Italy,2007,127.57,Tonnes of CO2-equivalent,Transport
Jamaica,2007,2.13,Tonnes of CO2-equivalent,Transport
Jordan,2007,5.23,Tonnes of CO2-equivalent,Transport
Japan,2007,249.33,Tonnes of CO2-equivalent,Transport
Kazakhstan,2007,12.58,Tonnes of CO2-equivalent,Transport
Kenya,2007,3.35,Tonnes of CO2-equivalent,Transport
Kyrgyz Republic,2007,1.8,Tonnes of CO2-equivalent,Transport
Cambodia,2007,2.07,Tonnes of CO2-equivalent,Transport
Kiribati,2007,0.03,Tonnes of CO2-equivalent,Transport
St. Kitts and Nevis,2007,0.06,Tonnes of CO2-equivalent,Transport
"Korea, Rep.",2007,90.74,Tonnes of CO2-equivalent,Transport
Kuwait,2007,9.86,Tonnes of CO2-equivalent,Transport
Lao PDR,2007,1.2,Tonnes of CO2-equivalent,Transport
Lebanon,2007,3.16,Tonnes of CO2-equivalent,Transport
Liberia,2007,0.33,Tonnes of CO2-equivalent,Transport
Libya,2007,12.12,Tonnes of CO2-equivalent,Transport
St. Lucia,2007,0.19,Tonnes of CO2-equivalent,Transport
Sri Lanka,2007,6.71,Tonnes of CO2-equivalent,Transport
Lesotho,2007,0.32,Tonnes of CO2-equivalent,Transport
Lithuania,2007,5.18,Tonnes of CO2-equivalent,Transport
Luxembourg,2007,6.77,Tonnes of CO2-equivalent,Transport
Latvia,2007,3.86,Tonnes of CO2-equivalent,Transport
Morocco,2007,11.41,Tonnes of CO2-equivalent,Transport
Moldova,2007,1.35,Tonnes of CO2-equivalent,Transport
Madagascar,2007,0.89,Tonnes of CO2-equivalent,Transport
Maldives,2007,0.49,Tonnes of CO2-equivalent,Transport
Mexico,2007,149.57,Tonnes of CO2-equivalent,Transport
Marshall Islands,2007,0.07,Tonnes of CO2-equivalent,Transport
North Macedonia,2007,1.2,Tonnes of CO2-equivalent,Transport
Mali,2007,1.15,Tonnes of CO2-equivalent,Transport
Malta,2007,0.55,Tonnes of CO2-equivalent,Transport
Myanmar,2007,4.59,Tonnes of CO2-equivalent,Transport
Montenegro,2007,0.62,Tonnes of CO2-equivalent,Transport
Mongolia,2007,1.61,Tonnes of CO2-equivalent,Transport
Mozambique,2007,1.43,Tonnes of CO2-equivalent,Transport
Mauritania,2007,0.0,Tonnes of CO2-equivalent,Transport
Mauritius,2007,0.85,Tonnes of CO2-equivalent,Transport
Malawi,2007,0.51,Tonnes of CO2-equivalent,Transport
Malaysia,2007,42.68,Tonnes of CO2-equivalent,Transport
Namibia,2007,1.43,Tonnes of CO2-equivalent,Transport
Niger,2007,0.5,Tonnes of CO2-equivalent,Transport
Nigeria,2007,21.87,Tonnes of CO2-equivalent,Transport
Nicaragua,2007,1.59,Tonnes of CO2-equivalent,Transport
Niue,2007,0.0,Tonnes of CO2-equivalent,Transport
Netherlands,2007,35.49,Tonnes of CO2-equivalent,Transport
Norway,2007,14.58,Tonnes of CO2-equivalent,Transport
Nepal,2007,0.93,Tonnes of CO2-equivalent,Transport
Nauru,2007,0.01,Tonnes of CO2-equivalent,Transport
New Zealand,2007,14.18,Tonnes of CO2-equivalent,Transport
Oman,2007,6.35,Tonnes of CO2-equivalent,Transport
Pakistan,2007,34.09,Tonnes of CO2-equivalent,Transport
Panama,2007,2.9,Tonnes of CO2-equivalent,Transport
Peru,2007,11.53,Tonnes of CO2-equivalent,Transport
Philippines,2007,24.24,Tonnes of CO2-equivalent,Transport
Palau,2007,0.13,Tonnes of CO2-equivalent,Transport
Papua New Guinea,2007,1.0,Tonnes of CO2-equivalent,Transport
Poland,2007,43.36,Tonnes of CO2-equivalent,Transport
"Korea, Dem. People's Rep.",2007,1.22,Tonnes of CO2-equivalent,Transport
Portugal,2007,19.62,Tonnes of CO2-equivalent,Transport
Paraguay,2007,3.28,Tonnes of CO2-equivalent,Transport
Qatar,2007,6.7,Tonnes of CO2-equivalent,Transport
Romania,2007,13.64,Tonnes of CO2-equivalent,Transport
Russian Federation,2007,235.42,Tonnes of CO2-equivalent,Transport
Rwanda,2007,0.3,Tonnes of CO2-equivalent,Transport
Saudi Arabia,2007,93.6,Tonnes of CO2-equivalent,Transport
Sudan,2007,6.47,Tonnes of CO2-equivalent,Transport
Senegal,2007,2.06,Tonnes of CO2-equivalent,Transport
Singapore,2007,6.15,Tonnes of CO2-equivalent,Transport
Solomon Islands,2007,0.21,Tonnes of CO2-equivalent,Transport
Sierra Leone,2007,0.29,Tonnes of CO2-equivalent,Transport
El Salvador,2007,3.23,Tonnes of CO2-equivalent,Transport
Somalia,2007,0.15,Tonnes of CO2-equivalent,Transport
Serbia,2007,5.67,Tonnes of CO2-equivalent,Transport
Sao Tome and Principe,2007,0.04,Tonnes of CO2-equivalent,Transport
Suriname,2007,0.55,Tonnes of CO2-equivalent,Transport
Slovak Republic,2007,6.84,Tonnes of CO2-equivalent,Transport
Slovenia,2007,5.28,Tonnes of CO2-equivalent,Transport
Sweden,2007,21.86,Tonnes of CO2-equivalent,Transport
Eswatini,2007,0.53,Tonnes of CO2-equivalent,Transport
Seychelles,2007,0.11,Tonnes of CO2-equivalent,Transport
Syrian Arab Republic,2007,15.82,Tonnes of CO2-equivalent,Transport
Chad,2007,0.27,Tonnes of CO2-equivalent,Transport
Togo,2007,0.66,Tonnes of CO2-equivalent,Transport
Thailand,2007,56.93,Tonnes of CO2-equivalent,Transport
Tajikistan,2007,0.26,Tonnes of CO2-equivalent,Transport
Turkmenistan,2007,9.73,Tonnes of CO2-equivalent,Transport
Timor-Leste,2007,0.11,Tonnes of CO2-equivalent,Transport
Tonga,2007,0.08,Tonnes of CO2-equivalent,Transport
Trinidad and Tobago,2007,2.84,Tonnes of CO2-equivalent,Transport
Tunisia,2007,4.91,Tonnes of CO2-equivalent,Transport
Turkiye,2007,48.44,Tonnes of CO2-equivalent,Transport
Tuvalu,2007,0.01,Tonnes of CO2-equivalent,Transport
Tanzania,2007,2.9,Tonnes of CO2-equivalent,Transport
Uganda,2007,1.22,Tonnes of CO2-equivalent,Transport
Ukraine,2007,40.83,Tonnes of CO2-equivalent,Transport
Uruguay,2007,2.74,Tonnes of CO2-equivalent,Transport
United States,2007,1862.03,Tonnes of CO2-equivalent,Transport
Uzbekistan,2007,13.2,Tonnes of CO2-equivalent,Transport
St. Vincent and the Grenadines,2007,0.15,Tonnes of CO2-equivalent,Transport
"Venezuela, RB",2007,48.92,Tonnes of CO2-equivalent,Transport
Viet Nam,2007,23.18,Tonnes of CO2-equivalent,Transport
Vanuatu,2007,0.07,Tonnes of CO2-equivalent,Transport
World,2007,7037.75,Tonnes of CO2-equivalent,Transport
Samoa,2007,0.11,Tonnes of CO2-equivalent,Transport
"Yemen, Rep.",2007,4.88,Tonnes of CO2-equivalent,Transport
South Africa,2007,50.02,Tonnes of CO2-equivalent,Transport
Zambia,2007,0.93,Tonnes of CO2-equivalent,Transport
Zimbabwe,2007,1.27,Tonnes of CO2-equivalent,Transport
Afghanistan,2006,1.43,Tonnes of CO2-equivalent,Transport
Angola,2006,3.36,Tonnes of CO2-equivalent,Transport
Albania,2006,1.97,Tonnes of CO2-equivalent,Transport
United Arab Emirates,2006,24.51,Tonnes of CO2-equivalent,Transport
Argentina,2006,41.56,Tonnes of CO2-equivalent,Transport
Armenia,2006,0.69,Tonnes of CO2-equivalent,Transport
Antigua and Barbuda,2006,0.22,Tonnes of CO2-equivalent,Transport
Australia,2006,83.55,Tonnes of CO2-equivalent,Transport
Austria,2006,23.97,Tonnes of CO2-equivalent,Transport
Azerbaijan,2006,4.97,Tonnes of CO2-equivalent,Transport
Burundi,2006,0.16,Tonnes of CO2-equivalent,Transport
Belgium,2006,27.15,Tonnes of CO2-equivalent,Transport
Benin,2006,2.02,Tonnes of CO2-equivalent,Transport
Burkina Faso,2006,0.79,Tonnes of CO2-equivalent,Transport
Bangladesh,2006,5.48,Tonnes of CO2-equivalent,Transport
Bulgaria,2006,8.37,Tonnes of CO2-equivalent,Transport
Bahrain,2006,2.67,Tonnes of CO2-equivalent,Transport
"Bahamas, The",2006,0.22,Tonnes of CO2-equivalent,Transport
Bosnia and Herzegovina,2006,2.95,Tonnes of CO2-equivalent,Transport
Belarus,2006,9.42,Tonnes of CO2-equivalent,Transport
Belize,2006,0.26,Tonnes of CO2-equivalent,Transport
Bolivia,2006,4.1,Tonnes of CO2-equivalent,Transport
Brazil,2006,144.42,Tonnes of CO2-equivalent,Transport
Barbados,2006,0.41,Tonnes of CO2-equivalent,Transport
Brunei Darussalam,2006,1.06,Tonnes of CO2-equivalent,Transport
Bhutan,2006,0.17,Tonnes of CO2-equivalent,Transport
Botswana,2006,1.63,Tonnes of CO2-equivalent,Transport
Central African Republic,2006,0.12,Tonnes of CO2-equivalent,Transport
Canada,2006,167.08,Tonnes of CO2-equivalent,Transport
Switzerland,2006,17.17,Tonnes of CO2-equivalent,Transport
Chile,2006,18.7,Tonnes of CO2-equivalent,Transport
China,2006,446.64,Tonnes of CO2-equivalent,Transport
Cote d'Ivoire,2006,1.31,Tonnes of CO2-equivalent,Transport
Cameroon,2006,1.92,Tonnes of CO2-equivalent,Transport
"Congo, Dem. Rep.",2006,1.23,Tonnes of CO2-equivalent,Transport
"Congo, Rep.",2006,0.9,Tonnes of CO2-equivalent,Transport
Cook Islands,2006,0.04,Tonnes of CO2-equivalent,Transport
Colombia,2006,21.4,Tonnes of CO2-equivalent,Transport
Comoros,2006,0.11,Tonnes of CO2-equivalent,Transport
Cabo Verde,2006,0.27,Tonnes of CO2-equivalent,Transport
Costa Rica,2006,4.07,Tonnes of CO2-equivalent,Transport
Cuba,2006,1.88,Tonnes of CO2-equivalent,Transport
Cyprus,2006,2.07,Tonnes of CO2-equivalent,Transport
Czechia,2006,17.89,Tonnes of CO2-equivalent,Transport
Germany,2006,158.03,Tonnes of CO2-equivalent,Transport
Djibouti,2006,0.07,Tonnes of CO2-equivalent,Transport
Dominica,2006,0.06,Tonnes of CO2-equivalent,Transport
Denmark,2006,13.81,Tonnes of CO2-equivalent,Transport
Dominican Republic,2006,6.02,Tonnes of CO2-equivalent,Transport
Algeria,2006,26.11,Tonnes of CO2-equivalent,Transport
Ecuador,2006,10.44,Tonnes of CO2-equivalent,Transport
"Egypt, Arab Rep.",2006,34.21,Tonnes of CO2-equivalent,Transport
Eritrea,2006,0.16,Tonnes of CO2-equivalent,Transport
Spain,2006,115.58,Tonnes of CO2-equivalent,Transport
Estonia,2006,2.37,Tonnes of CO2-equivalent,Transport
Ethiopia,2006,2.3,Tonnes of CO2-equivalent,Transport
European Union,2006,855.25,Tonnes of CO2-equivalent,Transport
Finland,2006,13.13,Tonnes of CO2-equivalent,Transport
Fiji,2006,0.53,Tonnes of CO2-equivalent,Transport
France,2006,134.08,Tonnes of CO2-equivalent,Transport
"Micronesia, Fed. Sts.",2006,0.06,Tonnes of CO2-equivalent,Transport
Gabon,2006,0.38,Tonnes of CO2-equivalent,Transport
United Kingdom,2006,132.18,Tonnes of CO2-equivalent,Transport
Georgia,2006,1.62,Tonnes of CO2-equivalent,Transport
Ghana,2006,3.75,Tonnes of CO2-equivalent,Transport
Guinea,2006,0.67,Tonnes of CO2-equivalent,Transport
"Gambia, The",2006,0.12,Tonnes of CO2-equivalent,Transport
Guinea-Bissau,2006,0.09,Tonnes of CO2-equivalent,Transport
Equatorial Guinea,2006,0.44,Tonnes of CO2-equivalent,Transport
Greece,2006,22.88,Tonnes of CO2-equivalent,Transport
Grenada,2006,0.1,Tonnes of CO2-equivalent,Transport
Guatemala,2006,5.46,Tonnes of CO2-equivalent,Transport
Guyana,2006,0.51,Tonnes of CO2-equivalent,Transport
Honduras,2006,2.04,Tonnes of CO2-equivalent,Transport
Croatia,2006,5.93,Tonnes of CO2-equivalent,Transport
Haiti,2006,0.8,Tonnes of CO2-equivalent,Transport
Hungary,2006,12.92,Tonnes of CO2-equivalent,Transport
Indonesia,2006,68.03,Tonnes of CO2-equivalent,Transport
India,2006,123.84,Tonnes of CO2-equivalent,Transport
Ireland,2006,14.22,Tonnes of CO2-equivalent,Transport
"Iran, Islamic Rep.",2006,114.14,Tonnes of CO2-equivalent,Transport
Iraq,2006,26.55,Tonnes of CO2-equivalent,Transport
Iceland,2006,0.92,Tonnes of CO2-equivalent,Transport
Israel,2006,14.12,Tonnes of CO2-equivalent,Transport
Italy,2006,127.14,Tonnes of CO2-equivalent,Transport
Jamaica,2006,2.22,Tonnes of CO2-equivalent,Transport
Jordan,2006,4.89,Tonnes of CO2-equivalent,Transport
Japan,2006,256.73,Tonnes of CO2-equivalent,Transport
Kazakhstan,2006,10.95,Tonnes of CO2-equivalent,Transport
Kenya,2006,3.32,Tonnes of CO2-equivalent,Transport
Kyrgyz Republic,2006,1.2,Tonnes of CO2-equivalent,Transport
Cambodia,2006,1.66,Tonnes of CO2-equivalent,Transport
Kiribati,2006,0.03,Tonnes of CO2-equivalent,Transport
St. Kitts and Nevis,2006,0.06,Tonnes of CO2-equivalent,Transport
"Korea, Rep.",2006,87.99,Tonnes of CO2-equivalent,Transport
Kuwait,2006,9.54,Tonnes of CO2-equivalent,Transport
Lao PDR,2006,1.09,Tonnes of CO2-equivalent,Transport
Lebanon,2006,4.02,Tonnes of CO2-equivalent,Transport
Liberia,2006,0.37,Tonnes of CO2-equivalent,Transport
Libya,2006,13.31,Tonnes of CO2-equivalent,Transport
St. Lucia,2006,0.18,Tonnes of CO2-equivalent,Transport
Sri Lanka,2006,6.12,Tonnes of CO2-equivalent,Transport
Lesotho,2006,0.31,Tonnes of CO2-equivalent,Transport
Lithuania,2006,4.46,Tonnes of CO2-equivalent,Transport
Luxembourg,2006,7.04,Tonnes of CO2-equivalent,Transport
Latvia,2006,3.42,Tonnes of CO2-equivalent,Transport
Morocco,2006,10.75,Tonnes of CO2-equivalent,Transport
Moldova,2006,1.24,Tonnes of CO2-equivalent,Transport
Madagascar,2006,0.83,Tonnes of CO2-equivalent,Transport
Maldives,2006,0.45,Tonnes of CO2-equivalent,Transport
Mexico,2006,141.58,Tonnes of CO2-equivalent,Transport
Marshall Islands,2006,0.05,Tonnes of CO2-equivalent,Transport
North Macedonia,2006,1.05,Tonnes of CO2-equivalent,Transport
Mali,2006,1.23,Tonnes of CO2-equivalent,Transport
Malta,2006,0.53,Tonnes of CO2-equivalent,Transport
Myanmar,2006,4.08,Tonnes of CO2-equivalent,Transport
Montenegro,2006,0.48,Tonnes of CO2-equivalent,Transport
Mongolia,2006,1.33,Tonnes of CO2-equivalent,Transport
Mozambique,2006,1.15,Tonnes of CO2-equivalent,Transport
Mauritania,2006,0.0,Tonnes of CO2-equivalent,Transport
Mauritius,2006,0.89,Tonnes of CO2-equivalent,Transport
Malawi,2006,0.46,Tonnes of CO2-equivalent,Transport
Malaysia,2006,40.04,Tonnes of CO2-equivalent,Transport
Namibia,2006,1.43,Tonnes of CO2-equivalent,Transport
Niger,2006,0.43,Tonnes of CO2-equivalent,Transport
Nigeria,2006,24.99,Tonnes of CO2-equivalent,Transport
Nicaragua,2006,1.53,Tonnes of CO2-equivalent,Transport
Niue,2006,0.0,Tonnes of CO2-equivalent,Transport
Netherlands,2006,36.15,Tonnes of CO2-equivalent,Transport
Norway,2006,13.98,Tonnes of CO2-equivalent,Transport
Nepal,2006,0.9,Tonnes of CO2-equivalent,Transport
Nauru,2006,0.01,Tonnes of CO2-equivalent,Transport
New Zealand,2006,14.04,Tonnes of CO2-equivalent,Transport
Oman,2006,4.23,Tonnes of CO2-equivalent,Transport
Pakistan,2006,28.32,Tonnes of CO2-equivalent,Transport
Panama,2006,3.11,Tonnes of CO2-equivalent,Transport
Peru,2006,11.06,Tonnes of CO2-equivalent,Transport
Philippines,2006,24.1,Tonnes of CO2-equivalent,Transport
Palau,2006,0.13,Tonnes of CO2-equivalent,Transport
Papua New Guinea,2006,1.13,Tonnes of CO2-equivalent,Transport
Poland,2006,39.22,Tonnes of CO2-equivalent,Transport
"Korea, Dem. People's Rep.",2006,1.02,Tonnes of CO2-equivalent,Transport
Portugal,2006,19.45,Tonnes of CO2-equivalent,Transport
Paraguay,2006,3.43,Tonnes of CO2-equivalent,Transport
Qatar,2006,5.79,Tonnes of CO2-equivalent,Transport
Romania,2006,12.83,Tonnes of CO2-equivalent,Transport
Russian Federation,2006,233.9,Tonnes of CO2-equivalent,Transport
Rwanda,2006,0.33,Tonnes of CO2-equivalent,Transport
Saudi Arabia,2006,83.97,Tonnes of CO2-equivalent,Transport
Sudan,2006,5.92,Tonnes of CO2-equivalent,Transport
Senegal,2006,1.58,Tonnes of CO2-equivalent,Transport
Singapore,2006,5.95,Tonnes of CO2-equivalent,Transport
Solomon Islands,2006,0.2,Tonnes of CO2-equivalent,Transport
Sierra Leone,2006,0.32,Tonnes of CO2-equivalent,Transport
El Salvador,2006,3.01,Tonnes of CO2-equivalent,Transport
Somalia,2006,0.14,Tonnes of CO2-equivalent,Transport
Serbia,2006,7.27,Tonnes of CO2-equivalent,Transport
Sao Tome and Principe,2006,0.04,Tonnes of CO2-equivalent,Transport
Suriname,2006,0.55,Tonnes of CO2-equivalent,Transport
Slovak Republic,2006,6.24,Tonnes of CO2-equivalent,Transport
Slovenia,2006,4.67,Tonnes of CO2-equivalent,Transport
Sweden,2006,21.71,Tonnes of CO2-equivalent,Transport
Eswatini,2006,0.52,Tonnes of CO2-equivalent,Transport
Seychelles,2006,0.08,Tonnes of CO2-equivalent,Transport
Syrian Arab Republic,2006,14.79,Tonnes of CO2-equivalent,Transport
Chad,2006,0.28,Tonnes of CO2-equivalent,Transport
Togo,2006,0.59,Tonnes of CO2-equivalent,Transport
Thailand,2006,53.83,Tonnes of CO2-equivalent,Transport
Tajikistan,2006,0.17,Tonnes of CO2-equivalent,Transport
Turkmenistan,2006,8.85,Tonnes of CO2-equivalent,Transport
Timor-Leste,2006,0.12,Tonnes of CO2-equivalent,Transport
Tonga,2006,0.09,Tonnes of CO2-equivalent,Transport
Trinidad and Tobago,2006,2.7,Tonnes of CO2-equivalent,Transport
Tunisia,2006,4.66,Tonnes of CO2-equivalent,Transport
Turkiye,2006,42.58,Tonnes of CO2-equivalent,Transport
Tuvalu,2006,0.01,Tonnes of CO2-equivalent,Transport
Tanzania,2006,2.92,Tonnes of CO2-equivalent,Transport
Uganda,2006,1.16,Tonnes of CO2-equivalent,Transport
Ukraine,2006,30.99,Tonnes of CO2-equivalent,Transport
Uruguay,2006,2.56,Tonnes of CO2-equivalent,Transport
United States,2006,1861.33,Tonnes of CO2-equivalent,Transport
Uzbekistan,2006,13.22,Tonnes of CO2-equivalent,Transport
St. Vincent and the Grenadines,2006,0.14,Tonnes of CO2-equivalent,Transport
"Venezuela, RB",2006,45.17,Tonnes of CO2-equivalent,Transport
Viet Nam,2006,19.8,Tonnes of CO2-equivalent,Transport
Vanuatu,2006,0.02,Tonnes of CO2-equivalent,Transport
World,2006,6824.59,Tonnes of CO2-equivalent,Transport
Samoa,2006,0.1,Tonnes of CO2-equivalent,Transport
"Yemen, Rep.",2006,5.33,Tonnes of CO2-equivalent,Transport
South Africa,2006,45.53,Tonnes of CO2-equivalent,Transport
Zambia,2006,1.05,Tonnes of CO2-equivalent,Transport
Zimbabwe,2006,1.31,Tonnes of CO2-equivalent,Transport
Afghanistan,2006,1.43,Tonnes of CO2-equivalent,Transport
Angola,2006,3.36,Tonnes of CO2-equivalent,Transport
Albania,2006,1.97,Tonnes of CO2-equivalent,Transport
United Arab Emirates,2006,24.51,Tonnes of CO2-equivalent,Transport
Argentina,2006,41.56,Tonnes of CO2-equivalent,Transport
Armenia,2006,0.69,Tonnes of CO2-equivalent,Transport
Antigua and Barbuda,2006,0.22,Tonnes of CO2-equivalent,Transport
Australia,2006,83.55,Tonnes of CO2-equivalent,Transport
Austria,2006,23.97,Tonnes of CO2-equivalent,Transport
Azerbaijan,2006,4.97,Tonnes of CO2-equivalent,Transport
Burundi,2006,0.16,Tonnes of CO2-equivalent,Transport
Belgium,2006,27.15,Tonnes of CO2-equivalent,Transport
Benin,2006,2.02,Tonnes of CO2-equivalent,Transport
Burkina Faso,2006,0.79,Tonnes of CO2-equivalent,Transport
Bangladesh,2006,5.48,Tonnes of CO2-equivalent,Transport
Bulgaria,2006,8.37,Tonnes of CO2-equivalent,Transport
Bahrain,2006,2.67,Tonnes of CO2-equivalent,Transport
"Bahamas, The",2006,0.22,Tonnes of CO2-equivalent,Transport
Bosnia and Herzegovina,2006,2.95,Tonnes of CO2-equivalent,Transport
Belarus,2006,9.42,Tonnes of CO2-equivalent,Transport
Belize,2006,0.26,Tonnes of CO2-equivalent,Transport
Bolivia,2006,4.1,Tonnes of CO2-equivalent,Transport
Brazil,2006,144.42,Tonnes of CO2-equivalent,Transport
Barbados,2006,0.41,Tonnes of CO2-equivalent,Transport
Brunei Darussalam,2006,1.06,Tonnes of CO2-equivalent,Transport
Bhutan,2006,0.17,Tonnes of CO2-equivalent,Transport
Botswana,2006,1.63,Tonnes of CO2-equivalent,Transport
Central African Republic,2006,0.12,Tonnes of CO2-equivalent,Transport
Canada,2006,167.08,Tonnes of CO2-equivalent,Transport
Switzerland,2006,17.17,Tonnes of CO2-equivalent,Transport
Chile,2006,18.7,Tonnes of CO2-equivalent,Transport
China,2006,446.64,Tonnes of CO2-equivalent,Transport
Cote d'Ivoire,2006,1.31,Tonnes of CO2-equivalent,Transport
Cameroon,2006,1.92,Tonnes of CO2-equivalent,Transport
"Congo, Dem. Rep.",2006,1.23,Tonnes of CO2-equivalent,Transport
"Congo, Rep.",2006,0.9,Tonnes of CO2-equivalent,Transport
Cook Islands,2006,0.04,Tonnes of CO2-equivalent,Transport
Colombia,2006,21.4,Tonnes of CO2-equivalent,Transport
Comoros,2006,0.11,Tonnes of CO2-equivalent,Transport
Cabo Verde,2006,0.27,Tonnes of CO2-equivalent,Transport
Costa Rica,2006,4.07,Tonnes of CO2-equivalent,Transport
Cuba,2006,1.88,Tonnes of CO2-equivalent,Transport
Cyprus,2006,2.07,Tonnes of CO2-equivalent,Transport
Czechia,2006,17.89,Tonnes of CO2-equivalent,Transport
Germany,2006,158.03,Tonnes of CO2-equivalent,Transport
Djibouti,2006,0.07,Tonnes of CO2-equivalent,Transport
Dominica,2006,0.06,Tonnes of CO2-equivalent,Transport
Denmark,2006,13.81,Tonnes of CO2-equivalent,Transport
Dominican Republic,2006,6.02,Tonnes of CO2-equivalent,Transport
Algeria,2006,26.11,Tonnes of CO2-equivalent,Transport
Ecuador,2006,10.44,Tonnes of CO2-equivalent,Transport
"Egypt, Arab Rep.",2006,34.21,Tonnes of CO2-equivalent,Transport
Eritrea,2006,0.16,Tonnes of CO2-equivalent,Transport
Spain,2006,115.58,Tonnes of CO2-equivalent,Transport
Estonia,2006,2.37,Tonnes of CO2-equivalent,Transport
Ethiopia,2006,2.3,Tonnes of CO2-equivalent,Transport
European Union,2006,855.25,Tonnes of CO2-equivalent,Transport
Finland,2006,13.13,Tonnes of CO2-equivalent,Transport
Fiji,2006,0.53,Tonnes of CO2-equivalent,Transport
France,2006,134.08,Tonnes of CO2-equivalent,Transport
"Micronesia, Fed. Sts.",2006,0.06,Tonnes of CO2-equivalent,Transport
Gabon,2006,0.38,Tonnes of CO2-equivalent,Transport
United Kingdom,2006,132.18,Tonnes of CO2-equivalent,Transport
Georgia,2006,1.62,Tonnes of CO2-equivalent,Transport
Ghana,2006,3.75,Tonnes of CO2-equivalent,Transport
Guinea,2006,0.67,Tonnes of CO2-equivalent,Transport
"Gambia, The",2006,0.12,Tonnes of CO2-equivalent,Transport
Guinea-Bissau,2006,0.09,Tonnes of CO2-equivalent,Transport
Equatorial Guinea,2006,0.44,Tonnes of CO2-equivalent,Transport
Greece,2006,22.88,Tonnes of CO2-equivalent,Transport
Grenada,2006,0.1,Tonnes of CO2-equivalent,Transport
Guatemala,2006,5.46,Tonnes of CO2-equivalent,Transport
Guyana,2006,0.51,Tonnes of CO2-equivalent,Transport
Honduras,2006,2.04,Tonnes of CO2-equivalent,Transport
Croatia,2006,5.93,Tonnes of CO2-equivalent,Transport
Haiti,2006,0.8,Tonnes of CO2-equivalent,Transport
Hungary,2006,12.92,Tonnes of CO2-equivalent,Transport
Indonesia,2006,68.03,Tonnes of CO2-equivalent,Transport
India,2006,123.84,Tonnes of CO2-equivalent,Transport
Ireland,2006,14.22,Tonnes of CO2-equivalent,Transport
"Iran, Islamic Rep.",2006,114.14,Tonnes of CO2-equivalent,Transport
Iraq,2006,26.55,Tonnes of CO2-equivalent,Transport
Iceland,2006,0.92,Tonnes of CO2-equivalent,Transport
Israel,2006,14.12,Tonnes of CO2-equivalent,Transport
Italy,2006,127.14,Tonnes of CO2-equivalent,Transport
Jamaica,2006,2.22,Tonnes of CO2-equivalent,Transport
Jordan,2006,4.89,Tonnes of CO2-equivalent,Transport
Japan,2006,256.73,Tonnes of CO2-equivalent,Transport
Kazakhstan,2006,10.95,Tonnes of CO2-equivalent,Transport
Kenya,2006,3.32,Tonnes of CO2-equivalent,Transport
Kyrgyz Republic,2006,1.2,Tonnes of CO2-equivalent,Transport
Cambodia,2006,1.66,Tonnes of CO2-equivalent,Transport
Kiribati,2006,0.03,Tonnes of CO2-equivalent,Transport
St. Kitts and Nevis,2006,0.06,Tonnes of CO2-equivalent,Transport
"Korea, Rep.",2006,87.99,Tonnes of CO2-equivalent,Transport
Kuwait,2006,9.54,Tonnes of CO2-equivalent,Transport
Lao PDR,2006,1.09,Tonnes of CO2-equivalent,Transport
Lebanon,2006,4.02,Tonnes of CO2-equivalent,Transport
Liberia,2006,0.37,Tonnes of CO2-equivalent,Transport
Libya,2006,13.31,Tonnes of CO2-equivalent,Transport
St. Lucia,2006,0.18,Tonnes of CO2-equivalent,Transport
Sri Lanka,2006,6.12,Tonnes of CO2-equivalent,Transport
Lesotho,2006,0.31,Tonnes of CO2-equivalent,Transport
Lithuania,2006,4.46,Tonnes of CO2-equivalent,Transport
Luxembourg,2006,7.04,Tonnes of CO2-equivalent,Transport
Latvia,2006,3.42,Tonnes of CO2-equivalent,Transport
Morocco,2006,10.75,Tonnes of CO2-equivalent,Transport
Moldova,2006,1.24,Tonnes of CO2-equivalent,Transport
Madagascar,2006,0.83,Tonnes of CO2-equivalent,Transport
Maldives,2006,0.45,Tonnes of CO2-equivalent,Transport
Mexico,2006,141.58,Tonnes of CO2-equivalent,Transport
Marshall Islands,2006,0.05,Tonnes of CO2-equivalent,Transport
North Macedonia,2006,1.05,Tonnes of CO2-equivalent,Transport
Mali,2006,1.23,Tonnes of CO2-equivalent,Transport
Malta,2006,0.53,Tonnes of CO2-equivalent,Transport
Myanmar,2006,4.08,Tonnes of CO2-equivalent,Transport
Montenegro,2006,0.48,Tonnes of CO2-equivalent,Transport
Mongolia,2006,1.33,Tonnes of CO2-equivalent,Transport
Mozambique,2006,1.15,Tonnes of CO2-equivalent,Transport
Mauritania,2006,0.0,Tonnes of CO2-equivalent,Transport
Mauritius,2006,0.89,Tonnes of CO2-equivalent,Transport
Malawi,2006,0.46,Tonnes of CO2-equivalent,Transport
Malaysia,2006,40.04,Tonnes of CO2-equivalent,Transport
Namibia,2006,1.43,Tonnes of CO2-equivalent,Transport
Niger,2006,0.43,Tonnes of CO2-equivalent,Transport
Nigeria,2006,24.99,Tonnes of CO2-equivalent,Transport
Nicaragua,2006,1.53,Tonnes of CO2-equivalent,Transport
Niue,2006,0.0,Tonnes of CO2-equivalent,Transport
Netherlands,2006,36.15,Tonnes of CO2-equivalent,Transport
Norway,2006,13.98,Tonnes of CO2-equivalent,Transport
Nepal,2006,0.9,Tonnes of CO2-equivalent,Transport
Nauru,2006,0.01,Tonnes of CO2-equivalent,Transport
New Zealand,2006,14.04,Tonnes of CO2-equivalent,Transport
Oman,2006,4.23,Tonnes of CO2-equivalent,Transport
Pakistan,2006,28.32,Tonnes of CO2-equivalent,Transport
Panama,2006,3.11,Tonnes of CO2-equivalent,Transport
Peru,2006,11.06,Tonnes of CO2-equivalent,Transport
Philippines,2006,24.1,Tonnes of CO2-equivalent,Transport
Palau,2006,0.13,Tonnes of CO2-equivalent,Transport
Papua New Guinea,2006,1.13,Tonnes of CO2-equivalent,Transport
Poland,2006,39.22,Tonnes of CO2-equivalent,Transport
"Korea, Dem. People's Rep.",2006,1.02,Tonnes of CO2-equivalent,Transport
Portugal,2006,19.45,Tonnes of CO2-equivalent,Transport
Paraguay,2006,3.43,Tonnes of CO2-equivalent,Transport
Qatar,2006,5.79,Tonnes of CO2-equivalent,Transport
Romania,2006,12.83,Tonnes of CO2-equivalent,Transport
Russian Federation,2006,233.9,Tonnes of CO2-equivalent,Transport
Rwanda,2006,0.33,Tonnes of CO2-equivalent,Transport
Saudi Arabia,2006,83.97,Tonnes of CO2-equivalent,Transport
Sudan,2006,5.92,Tonnes of CO2-equivalent,Transport
Senegal,2006,1.58,Tonnes of CO2-equivalent,Transport
Singapore,2006,5.95,Tonnes of CO2-equivalent,Transport
Solomon Islands,2006,0.2,Tonnes of CO2-equivalent,Transport
Sierra Leone,2006,0.32,Tonnes of CO2-equivalent,Transport
El Salvador,2006,3.01,Tonnes of CO2-equivalent,Transport
Somalia,2006,0.14,Tonnes of CO2-equivalent,Transport
Serbia,2006,7.27,Tonnes of CO2-equivalent,Transport
Sao Tome and Principe,2006,0.04,Tonnes of CO2-equivalent,Transport
Suriname,2006,0.55,Tonnes of CO2-equivalent,Transport
Slovak Republic,2006,6.24,Tonnes of CO2-equivalent,Transport
Slovenia,2006,4.67,Tonnes of CO2-equivalent,Transport
Sweden,2006,21.71,Tonnes of CO2-equivalent,Transport
Eswatini,2006,0.52,Tonnes of CO2-equivalent,Transport
Seychelles,2006,0.08,Tonnes of CO2-equivalent,Transport
Syrian Arab Republic,2006,14.79,Tonnes of CO2-equivalent,Transport
Chad,2006,0.28,Tonnes of CO2-equivalent,Transport
Togo,2006,0.59,Tonnes of CO2-equivalent,Transport
Thailand,2006,53.83,Tonnes of CO2-equivalent,Transport
Tajikistan,2006,0.17,Tonnes of CO2-equivalent,Transport
Turkmenistan,2006,8.85,Tonnes of CO2-equivalent,Transport
Timor-Leste,2006,0.12,Tonnes of CO2-equivalent,Transport
Tonga,2006,0.09,Tonnes of CO2-equivalent,Transport
Trinidad and Tobago,2006,2.7,Tonnes of CO2-equivalent,Transport
Tunisia,2006,4.66,Tonnes of CO2-equivalent,Transport
Turkiye,2006,42.58,Tonnes of CO2-equivalent,Transport
Tuvalu,2006,0.01,Tonnes of CO2-equivalent,Transport
Tanzania,2006,2.92,Tonnes of CO2-equivalent,Transport
Uganda,2006,1.16,Tonnes of CO2-equivalent,Transport
Ukraine,2006,30.99,Tonnes of CO2-equivalent,Transport
Uruguay,2006,2.56,Tonnes of CO2-equivalent,Transport
United States,2006,1861.33,Tonnes of CO2-equivalent,Transport
Uzbekistan,2006,13.22,Tonnes of CO2-equivalent,Transport
St. Vincent and the Grenadines,2006,0.14,Tonnes of CO2-equivalent,Transport
"Venezuela, RB",2006,45.17,Tonnes of CO2-equivalent,Transport
Viet Nam,2006,19.8,Tonnes of CO2-equivalent,Transport
Vanuatu,2006,0.02,Tonnes of CO2-equivalent,Transport
World,2006,6824.59,Tonnes of CO2-equivalent,Transport
Samoa,2006,0.1,Tonnes of CO2-equivalent,Transport
"Yemen, Rep.",2006,5.33,Tonnes of CO2-equivalent,Transport
South Africa,2006,45.53,Tonnes of CO2-equivalent,Transport
Zambia,2006,1.05,Tonnes of CO2-equivalent,Transport
Zimbabwe,2006,1.31,Tonnes of CO2-equivalent,Transport
Afghanistan,2005,1.13,Tonnes of CO2-equivalent,Transport
Angola,2005,2.53,Tonnes of CO2-equivalent,Transport
Albania,2005,2.44,Tonnes of CO2-equivalent,Transport
United Arab Emirates,2005,23.31,Tonnes of CO2-equivalent,Transport
Argentina,2005,38.66,Tonnes of CO2-equivalent,Transport
Armenia,2005,0.7,Tonnes of CO2-equivalent,Transport
Antigua and Barbuda,2005,0.21,Tonnes of CO2-equivalent,Transport
Australia,2005,81.61,Tonnes of CO2-equivalent,Transport
Austria,2005,25.11,Tonnes of CO2-equivalent,Transport
Azerbaijan,2005,4.32,Tonnes of CO2-equivalent,Transport
Burundi,2005,0.14,Tonnes of CO2-equivalent,Transport
Belgium,2005,26.73,Tonnes of CO2-equivalent,Transport
Benin,2005,1.59,Tonnes of CO2-equivalent,Transport
Burkina Faso,2005,0.67,Tonnes of CO2-equivalent,Transport
Bangladesh,2005,5.25,Tonnes of CO2-equivalent,Transport
Bulgaria,2005,7.94,Tonnes of CO2-equivalent,Transport
Bahrain,2005,2.55,Tonnes of CO2-equivalent,Transport
"Bahamas, The",2005,0.2,Tonnes of CO2-equivalent,Transport
Bosnia and Herzegovina,2005,2.36,Tonnes of CO2-equivalent,Transport
Belarus,2005,8.03,Tonnes of CO2-equivalent,Transport
Belize,2005,0.25,Tonnes of CO2-equivalent,Transport
Bolivia,2005,3.54,Tonnes of CO2-equivalent,Transport
Brazil,2005,141.44,Tonnes of CO2-equivalent,Transport
Barbados,2005,0.41,Tonnes of CO2-equivalent,Transport
Brunei Darussalam,2005,0.98,Tonnes of CO2-equivalent,Transport
Bhutan,2005,0.17,Tonnes of CO2-equivalent,Transport
Botswana,2005,1.54,Tonnes of CO2-equivalent,Transport
Central African Republic,2005,0.11,Tonnes of CO2-equivalent,Transport
Canada,2005,168.17,Tonnes of CO2-equivalent,Transport
Switzerland,2005,17.05,Tonnes of CO2-equivalent,Transport
Chile,2005,18.98,Tonnes of CO2-equivalent,Transport
China,2005,408.31,Tonnes of CO2-equivalent,Transport
Cote d'Ivoire,2005,1.25,Tonnes of CO2-equivalent,Transport
Cameroon,2005,2.16,Tonnes of CO2-equivalent,Transport
"Congo, Dem. Rep.",2005,1.14,Tonnes of CO2-equivalent,Transport
"Congo, Rep.",2005,0.74,Tonnes of CO2-equivalent,Transport
Cook Islands,2005,0.04,Tonnes of CO2-equivalent,Transport
Colombia,2005,20.4,Tonnes of CO2-equivalent,Transport
Comoros,2005,0.09,Tonnes of CO2-equivalent,Transport
Cabo Verde,2005,0.23,Tonnes of CO2-equivalent,Transport
Costa Rica,2005,3.87,Tonnes of CO2-equivalent,Transport
Cuba,2005,1.97,Tonnes of CO2-equivalent,Transport
Cyprus,2005,2.08,Tonnes of CO2-equivalent,Transport
Czechia,2005,17.58,Tonnes of CO2-equivalent,Transport
Germany,2005,160.0,Tonnes of CO2-equivalent,Transport
Djibouti,2005,0.07,Tonnes of CO2-equivalent,Transport
Dominica,2005,0.06,Tonnes of CO2-equivalent,Transport
Denmark,2005,13.51,Tonnes of CO2-equivalent,Transport
Dominican Republic,2005,5.92,Tonnes of CO2-equivalent,Transport
Algeria,2005,24.63,Tonnes of CO2-equivalent,Transport
Ecuador,2005,10.14,Tonnes of CO2-equivalent,Transport
"Egypt, Arab Rep.",2005,31.47,Tonnes of CO2-equivalent,Transport
Eritrea,2005,0.19,Tonnes of CO2-equivalent,Transport
Spain,2005,111.98,Tonnes of CO2-equivalent,Transport
Estonia,2005,2.21,Tonnes of CO2-equivalent,Transport
Ethiopia,2005,2.16,Tonnes of CO2-equivalent,Transport
European Union,2005,843.0,Tonnes of CO2-equivalent,Transport
Finland,2005,12.94,Tonnes of CO2-equivalent,Transport
Fiji,2005,0.48,Tonnes of CO2-equivalent,Transport
France,2005,133.76,Tonnes of CO2-equivalent,Transport
"Micronesia, Fed. Sts.",2005,0.05,Tonnes of CO2-equivalent,Transport
Gabon,2005,0.38,Tonnes of CO2-equivalent,Transport
United Kingdom,2005,130.53,Tonnes of CO2-equivalent,Transport
Georgia,2005,1.56,Tonnes of CO2-equivalent,Transport
Ghana,2005,3.7,Tonnes of CO2-equivalent,Transport
Guinea,2005,0.64,Tonnes of CO2-equivalent,Transport
"Gambia, The",2005,0.12,Tonnes of CO2-equivalent,Transport
Guinea-Bissau,2005,0.08,Tonnes of CO2-equivalent,Transport
Equatorial Guinea,2005,0.4,Tonnes of CO2-equivalent,Transport
Greece,2005,22.35,Tonnes of CO2-equivalent,Transport
Grenada,2005,0.09,Tonnes of CO2-equivalent,Transport
Guatemala,2005,5.28,Tonnes of CO2-equivalent,Transport
Guyana,2005,0.55,Tonnes of CO2-equivalent,Transport
Honduras,2005,2.18,Tonnes of CO2-equivalent,Transport
Croatia,2005,5.57,Tonnes of CO2-equivalent,Transport
Haiti,2005,0.8,Tonnes of CO2-equivalent,Transport
Hungary,2005,12.09,Tonnes of CO2-equivalent,Transport
Indonesia,2005,71.65,Tonnes of CO2-equivalent,Transport
India,2005,118.48,Tonnes of CO2-equivalent,Transport
Ireland,2005,12.99,Tonnes of CO2-equivalent,Transport
"Iran, Islamic Rep.",2005,107.7,Tonnes of CO2-equivalent,Transport
Iraq,2005,26.72,Tonnes of CO2-equivalent,Transport
Iceland,2005,0.69,Tonnes of CO2-equivalent,Transport
Israel,2005,13.81,Tonnes of CO2-equivalent,Transport
Italy,2005,125.86,Tonnes of CO2-equivalent,Transport
Jamaica,2005,2.28,Tonnes of CO2-equivalent,Transport
Jordan,2005,4.97,Tonnes of CO2-equivalent,Transport
Japan,2005,260.72,Tonnes of CO2-equivalent,Transport
Kazakhstan,2005,9.94,Tonnes of CO2-equivalent,Transport
Kenya,2005,2.96,Tonnes of CO2-equivalent,Transport
Kyrgyz Republic,2005,1.12,Tonnes of CO2-equivalent,Transport
Cambodia,2005,1.55,Tonnes of CO2-equivalent,Transport
Kiribati,2005,0.03,Tonnes of CO2-equivalent,Transport
St. Kitts and Nevis,2005,0.05,Tonnes of CO2-equivalent,Transport
"Korea, Rep.",2005,88.06,Tonnes of CO2-equivalent,Transport
Kuwait,2005,8.41,Tonnes of CO2-equivalent,Transport
Lao PDR,2005,1.03,Tonnes of CO2-equivalent,Transport
Lebanon,2005,4.18,Tonnes of CO2-equivalent,Transport
Liberia,2005,0.34,Tonnes of CO2-equivalent,Transport
Libya,2005,13.2,Tonnes of CO2-equivalent,Transport
St. Lucia,2005,0.17,Tonnes of CO2-equivalent,Transport
Sri Lanka,2005,6.45,Tonnes of CO2-equivalent,Transport
Lesotho,2005,0.32,Tonnes of CO2-equivalent,Transport
Lithuania,2005,4.18,Tonnes of CO2-equivalent,Transport
Luxembourg,2005,7.36,Tonnes of CO2-equivalent,Transport
Latvia,2005,3.1,Tonnes of CO2-equivalent,Transport
Morocco,2005,10.44,Tonnes of CO2-equivalent,Transport
Moldova,2005,1.23,Tonnes of CO2-equivalent,Transport
Madagascar,2005,0.86,Tonnes of CO2-equivalent,Transport
Maldives,2005,0.37,Tonnes of CO2-equivalent,Transport
Mexico,2005,134.18,Tonnes of CO2-equivalent,Transport
Marshall Islands,2005,0.04,Tonnes of CO2-equivalent,Transport
North Macedonia,2005,1.05,Tonnes of CO2-equivalent,Transport
Mali,2005,1.02,Tonnes of CO2-equivalent,Transport
Malta,2005,0.52,Tonnes of CO2-equivalent,Transport
Myanmar,2005,4.85,Tonnes of CO2-equivalent,Transport
Montenegro,2005,0.48,Tonnes of CO2-equivalent,Transport
Mongolia,2005,1.08,Tonnes of CO2-equivalent,Transport
Mozambique,2005,1.07,Tonnes of CO2-equivalent,Transport
Mauritania,2005,0.0,Tonnes of CO2-equivalent,Transport
Mauritius,2005,0.88,Tonnes of CO2-equivalent,Transport
Malawi,2005,0.45,Tonnes of CO2-equivalent,Transport
Malaysia,2005,41.8,Tonnes of CO2-equivalent,Transport
Namibia,2005,1.6,Tonnes of CO2-equivalent,Transport
Niger,2005,0.41,Tonnes of CO2-equivalent,Transport
Nigeria,2005,29.58,Tonnes of CO2-equivalent,Transport
Nicaragua,2005,1.48,Tonnes of CO2-equivalent,Transport
Niue,2005,0.0,Tonnes of CO2-equivalent,Transport
Netherlands,2005,35.24,Tonnes of CO2-equivalent,Transport
Norway,2005,13.35,Tonnes of CO2-equivalent,Transport
Nepal,2005,0.85,Tonnes of CO2-equivalent,Transport
Nauru,2005,0.01,Tonnes of CO2-equivalent,Transport
New Zealand,2005,13.89,Tonnes of CO2-equivalent,Transport
Oman,2005,3.79,Tonnes of CO2-equivalent,Transport
Pakistan,2005,27.89,Tonnes of CO2-equivalent,Transport
Panama,2005,2.96,Tonnes of CO2-equivalent,Transport
Peru,2005,10.3,Tonnes of CO2-equivalent,Transport
Philippines,2005,25.66,Tonnes of CO2-equivalent,Transport
Palau,2005,0.12,Tonnes of CO2-equivalent,Transport
Papua New Guinea,2005,1.16,Tonnes of CO2-equivalent,Transport
Poland,2005,35.4,Tonnes of CO2-equivalent,Transport
"Korea, Dem. People's Rep.",2005,1.34,Tonnes of CO2-equivalent,Transport
Portugal,2005,19.5,Tonnes of CO2-equivalent,Transport
Paraguay,2005,3.12,Tonnes of CO2-equivalent,Transport
Qatar,2005,4.85,Tonnes of CO2-equivalent,Transport
Romania,2005,12.38,Tonnes of CO2-equivalent,Transport
Russian Federation,2005,225.3,Tonnes of CO2-equivalent,Transport
Rwanda,2005,0.34,Tonnes of CO2-equivalent,Transport
Saudi Arabia,2005,77.72,Tonnes of CO2-equivalent,Transport
Sudan,2005,4.93,Tonnes of CO2-equivalent,Transport
Senegal,2005,1.49,Tonnes of CO2-equivalent,Transport
Singapore,2005,5.73,Tonnes of CO2-equivalent,Transport
Solomon Islands,2005,0.19,Tonnes of CO2-equivalent,Transport
Sierra Leone,2005,0.25,Tonnes of CO2-equivalent,Transport
El Salvador,2005,3.13,Tonnes of CO2-equivalent,Transport
Somalia,2005,0.14,Tonnes of CO2-equivalent,Transport
Serbia,2005,6.73,Tonnes of CO2-equivalent,Transport
Sao Tome and Principe,2005,0.03,Tonnes of CO2-equivalent,Transport
Suriname,2005,0.52,Tonnes of CO2-equivalent,Transport
Slovak Republic,2005,6.64,Tonnes of CO2-equivalent,Transport
Slovenia,2005,4.42,Tonnes of CO2-equivalent,Transport
Sweden,2005,21.58,Tonnes of CO2-equivalent,Transport
Eswatini,2005,0.51,Tonnes of CO2-equivalent,Transport
Seychelles,2005,0.1,Tonnes of CO2-equivalent,Transport
Syrian Arab Republic,2005,13.92,Tonnes of CO2-equivalent,Transport
Chad,2005,0.21,Tonnes of CO2-equivalent,Transport
Togo,2005,0.63,Tonnes of CO2-equivalent,Transport
Thailand,2005,57.4,Tonnes of CO2-equivalent,Transport
Tajikistan,2005,0.13,Tonnes of CO2-equivalent,Transport
Turkmenistan,2005,8.9,Tonnes of CO2-equivalent,Transport
Timor-Leste,2005,0.12,Tonnes of CO2-equivalent,Transport
Tonga,2005,0.08,Tonnes of CO2-equivalent,Transport
Trinidad and Tobago,2005,2.21,Tonnes of CO2-equivalent,Transport
Tunisia,2005,4.69,Tonnes of CO2-equivalent,Transport
Turkiye,2005,37.78,Tonnes of CO2-equivalent,Transport
Tuvalu,2005,0.01,Tonnes of CO2-equivalent,Transport
Tanzania,2005,2.82,Tonnes of CO2-equivalent,Transport
Uganda,2005,1.05,Tonnes of CO2-equivalent,Transport
Ukraine,2005,31.34,Tonnes of CO2-equivalent,Transport
Uruguay,2005,2.32,Tonnes of CO2-equivalent,Transport
United States,2005,1861.92,Tonnes of CO2-equivalent,Transport
Uzbekistan,2005,12.47,Tonnes of CO2-equivalent,Transport
St. Vincent and the Grenadines,2005,0.13,Tonnes of CO2-equivalent,Transport
"Venezuela, RB",2005,42.86,Tonnes of CO2-equivalent,Transport
Viet Nam,2005,19.82,Tonnes of CO2-equivalent,Transport
Vanuatu,2005,0.02,Tonnes of CO2-equivalent,Transport
World,2005,6668.77,Tonnes of CO2-equivalent,Transport
Samoa,2005,0.11,Tonnes of CO2-equivalent,Transport
"Yemen, Rep.",2005,5.74,Tonnes of CO2-equivalent,Transport
South Africa,2005,44.36,Tonnes of CO2-equivalent,Transport
Zambia,2005,1.02,Tonnes of CO2-equivalent,Transport
Zimbabwe,2005,1.36,Tonnes of CO2-equivalent,Transport
Afghanistan,2005,1.13,Tonnes of CO2-equivalent,Transport
Angola,2005,2.53,Tonnes of CO2-equivalent,Transport
Albania,2005,2.44,Tonnes of CO2-equivalent,Transport
United Arab Emirates,2005,23.31,Tonnes of CO2-equivalent,Transport
Argentina,2005,38.66,Tonnes of CO2-equivalent,Transport
Armenia,2005,0.7,Tonnes of CO2-equivalent,Transport
Antigua and Barbuda,2005,0.21,Tonnes of CO2-equivalent,Transport
Australia,2005,81.61,Tonnes of CO2-equivalent,Transport
Austria,2005,25.11,Tonnes of CO2-equivalent,Transport
Azerbaijan,2005,4.32,Tonnes of CO2-equivalent,Transport
Burundi,2005,0.14,Tonnes of CO2-equivalent,Transport
Belgium,2005,26.73,Tonnes of CO2-equivalent,Transport
Benin,2005,1.59,Tonnes of CO2-equivalent,Transport
Burkina Faso,2005,0.67,Tonnes of CO2-equivalent,Transport
Bangladesh,2005,5.25,Tonnes of CO2-equivalent,Transport
Bulgaria,2005,7.94,Tonnes of CO2-equivalent,Transport
Bahrain,2005,2.55,Tonnes of CO2-equivalent,Transport
"Bahamas, The",2005,0.2,Tonnes of CO2-equivalent,Transport
Bosnia and Herzegovina,2005,2.36,Tonnes of CO2-equivalent,Transport
Belarus,2005,8.03,Tonnes of CO2-equivalent,Transport
Belize,2005,0.25,Tonnes of CO2-equivalent,Transport
Bolivia,2005,3.54,Tonnes of CO2-equivalent,Transport
Brazil,2005,141.44,Tonnes of CO2-equivalent,Transport
Barbados,2005,0.41,Tonnes of CO2-equivalent,Transport
Brunei Darussalam,2005,0.98,Tonnes of CO2-equivalent,Transport
Bhutan,2005,0.17,Tonnes of CO2-equivalent,Transport
Botswana,2005,1.54,Tonnes of CO2-equivalent,Transport
Central African Republic,2005,0.11,Tonnes of CO2-equivalent,Transport
Canada,2005,168.17,Tonnes of CO2-equivalent,Transport
Switzerland,2005,17.05,Tonnes of CO2-equivalent,Transport
Chile,2005,18.98,Tonnes of CO2-equivalent,Transport
China,2005,408.31,Tonnes of CO2-equivalent,Transport
Cote d'Ivoire,2005,1.25,Tonnes of CO2-equivalent,Transport
Cameroon,2005,2.16,Tonnes of CO2-equivalent,Transport
"Congo, Dem. Rep.",2005,1.14,Tonnes of CO2-equivalent,Transport
"Congo, Rep.",2005,0.74,Tonnes of CO2-equivalent,Transport
Cook Islands,2005,0.04,Tonnes of CO2-equivalent,Transport
Colombia,2005,20.4,Tonnes of CO2-equivalent,Transport
Comoros,2005,0.09,Tonnes of CO2-equivalent,Transport
Cabo Verde,2005,0.23,Tonnes of CO2-equivalent,Transport
Costa Rica,2005,3.87,Tonnes of CO2-equivalent,Transport
Cuba,2005,1.97,Tonnes of CO2-equivalent,Transport
Cyprus,2005,2.08,Tonnes of CO2-equivalent,Transport
Czechia,2005,17.58,Tonnes of CO2-equivalent,Transport
Germany,2005,160.0,Tonnes of CO2-equivalent,Transport
Djibouti,2005,0.07,Tonnes of CO2-equivalent,Transport
Dominica,2005,0.06,Tonnes of CO2-equivalent,Transport
Denmark,2005,13.51,Tonnes of CO2-equivalent,Transport
Dominican Republic,2005,5.92,Tonnes of CO2-equivalent,Transport
Algeria,2005,24.63,Tonnes of CO2-equivalent,Transport
Ecuador,2005,10.14,Tonnes of CO2-equivalent,Transport
"Egypt, Arab Rep.",2005,31.47,Tonnes of CO2-equivalent,Transport
Eritrea,2005,0.19,Tonnes of CO2-equivalent,Transport
Spain,2005,111.98,Tonnes of CO2-equivalent,Transport
Estonia,2005,2.21,Tonnes of CO2-equivalent,Transport
Ethiopia,2005,2.16,Tonnes of CO2-equivalent,Transport
European Union,2005,843.0,Tonnes of CO2-equivalent,Transport
Finland,2005,12.94,Tonnes of CO2-equivalent,Transport
Fiji,2005,0.48,Tonnes of CO2-equivalent,Transport
France,2005,133.76,Tonnes of CO2-equivalent,Transport
"Micronesia, Fed. Sts.",2005,0.05,Tonnes of CO2-equivalent,Transport
Gabon,2005,0.38,Tonnes of CO2-equivalent,Transport
United Kingdom,2005,130.53,Tonnes of CO2-equivalent,Transport
Georgia,2005,1.56,Tonnes of CO2-equivalent,Transport
Ghana,2005,3.7,Tonnes of CO2-equivalent,Transport
Guinea,2005,0.64,Tonnes of CO2-equivalent,Transport
"Gambia, The",2005,0.12,Tonnes of CO2-equivalent,Transport
Guinea-Bissau,2005,0.08,Tonnes of CO2-equivalent,Transport
Equatorial Guinea,2005,0.4,Tonnes of CO2-equivalent,Transport
Greece,2005,22.35,Tonnes of CO2-equivalent,Transport
Grenada,2005,0.09,Tonnes of CO2-equivalent,Transport
Guatemala,2005,5.28,Tonnes of CO2-equivalent,Transport
Guyana,2005,0.55,Tonnes of CO2-equivalent,Transport
Honduras,2005,2.18,Tonnes of CO2-equivalent,Transport
Croatia,2005,5.57,Tonnes of CO2-equivalent,Transport
Haiti,2005,0.8,Tonnes of CO2-equivalent,Transport
Hungary,2005,12.09,Tonnes of CO2-equivalent,Transport
Indonesia,2005,71.65,Tonnes of CO2-equivalent,Transport
India,2005,118.48,Tonnes of CO2-equivalent,Transport
Ireland,2005,12.99,Tonnes of CO2-equivalent,Transport
"Iran, Islamic Rep.",2005,107.7,Tonnes of CO2-equivalent,Transport
Iraq,2005,26.72,Tonnes of CO2-equivalent,Transport
Iceland,2005,0.69,Tonnes of CO2-equivalent,Transport
Israel,2005,13.81,Tonnes of CO2-equivalent,Transport
Italy,2005,125.86,Tonnes of CO2-equivalent,Transport
Jamaica,2005,2.28,Tonnes of CO2-equivalent,Transport
Jordan,2005,4.97,Tonnes of CO2-equivalent,Transport
Japan,2005,260.72,Tonnes of CO2-equivalent,Transport
Kazakhstan,2005,9.94,Tonnes of CO2-equivalent,Transport
Kenya,2005,2.96,Tonnes of CO2-equivalent,Transport
Kyrgyz Republic,2005,1.12,Tonnes of CO2-equivalent,Transport
Cambodia,2005,1.55,Tonnes of CO2-equivalent,Transport
Kiribati,2005,0.03,Tonnes of CO2-equivalent,Transport
St. Kitts and Nevis,2005,0.05,Tonnes of CO2-equivalent,Transport
"Korea, Rep.",2005,88.06,Tonnes of CO2-equivalent,Transport
Kuwait,2005,8.41,Tonnes of CO2-equivalent,Transport
Lao PDR,2005,1.03,Tonnes of CO2-equivalent,Transport
Lebanon,2005,4.18,Tonnes of CO2-equivalent,Transport
Liberia,2005,0.34,Tonnes of CO2-equivalent,Transport
Libya,2005,13.2,Tonnes of CO2-equivalent,Transport
St. Lucia,2005,0.17,Tonnes of CO2-equivalent,Transport
Sri Lanka,2005,6.45,Tonnes of CO2-equivalent,Transport
Lesotho,2005,0.32,Tonnes of CO2-equivalent,Transport
Lithuania,2005,4.18,Tonnes of CO2-equivalent,Transport
Luxembourg,2005,7.36,Tonnes of CO2-equivalent,Transport
Latvia,2005,3.1,Tonnes of CO2-equivalent,Transport
Morocco,2005,10.44,Tonnes of CO2-equivalent,Transport
Moldova,2005,1.23,Tonnes of CO2-equivalent,Transport
Madagascar,2005,0.86,Tonnes of CO2-equivalent,Transport
Maldives,2005,0.37,Tonnes of CO2-equivalent,Transport
Mexico,2005,134.18,Tonnes of CO2-equivalent,Transport
Marshall Islands,2005,0.04,Tonnes of CO2-equivalent,Transport
North Macedonia,2005,1.05,Tonnes of CO2-equivalent,Transport
Mali,2005,1.02,Tonnes of CO2-equivalent,Transport
Malta,2005,0.52,Tonnes of CO2-equivalent,Transport
Myanmar,2005,4.85,Tonnes of CO2-equivalent,Transport
Montenegro,2005,0.48,Tonnes of CO2-equivalent,Transport
Mongolia,2005,1.08,Tonnes of CO2-equivalent,Transport
Mozambique,2005,1.07,Tonnes of CO2-equivalent,Transport
Mauritania,2005,0.0,Tonnes of CO2-equivalent,Transport
Mauritius,2005,0.88,Tonnes of CO2-equivalent,Transport
Malawi,2005,0.45,Tonnes of CO2-equivalent,Transport
Malaysia,2005,41.8,Tonnes of CO2-equivalent,Transport
Namibia,2005,1.6,Tonnes of CO2-equivalent,Transport
Niger,2005,0.41,Tonnes of CO2-equivalent,Transport
Nigeria,2005,29.58,Tonnes of CO2-equivalent,Transport
Nicaragua,2005,1.48,Tonnes of CO2-equivalent,Transport
Niue,2005,0.0,Tonnes of CO2-equivalent,Transport
Netherlands,2005,35.24,Tonnes of CO2-equivalent,Transport
Norway,2005,13.35,Tonnes of CO2-equivalent,Transport
Nepal,2005,0.85,Tonnes of CO2-equivalent,Transport
Nauru,2005,0.01,Tonnes of CO2-equivalent,Transport
New Zealand,2005,13.89,Tonnes of CO2-equivalent,Transport
Oman,2005,3.79,Tonnes of CO2-equivalent,Transport
Pakistan,2005,27.89,Tonnes of CO2-equivalent,Transport
Panama,2005,2.96,Tonnes of CO2-equivalent,Transport
Peru,2005,10.3,Tonnes of CO2-equivalent,Transport
Philippines,2005,25.66,Tonnes of CO2-equivalent,Transport
Palau,2005,0.12,Tonnes of CO2-equivalent,Transport
Papua New Guinea,2005,1.16,Tonnes of CO2-equivalent,Transport
Poland,2005,35.4,Tonnes of CO2-equivalent,Transport
"Korea, Dem. People's Rep.",2005,1.34,Tonnes of CO2-equivalent,Transport
Portugal,2005,19.5,Tonnes of CO2-equivalent,Transport
Paraguay,2005,3.12,Tonnes of CO2-equivalent,Transport
Qatar,2005,4.85,Tonnes of CO2-equivalent,Transport
Romania,2005,12.38,Tonnes of CO2-equivalent,Transport
Russian Federation,2005,225.3,Tonnes of CO2-equivalent,Transport
Rwanda,2005,0.34,Tonnes of CO2-equivalent,Transport
Saudi Arabia,2005,77.72,Tonnes of CO2-equivalent,Transport
Sudan,2005,4.93,Tonnes of CO2-equivalent,Transport
Senegal,2005,1.49,Tonnes of CO2-equivalent,Transport
Singapore,2005,5.73,Tonnes of CO2-equivalent,Transport
Solomon Islands,2005,0.19,Tonnes of CO2-equivalent,Transport
Sierra Leone,2005,0.25,Tonnes of CO2-equivalent,Transport
El Salvador,2005,3.13,Tonnes of CO2-equivalent,Transport
Somalia,2005,0.14,Tonnes of CO2-equivalent,Transport
Serbia,2005,6.73,Tonnes of CO2-equivalent,Transport
Sao Tome and Principe,2005,0.03,Tonnes of CO2-equivalent,Transport
Suriname,2005,0.52,Tonnes of CO2-equivalent,Transport
Slovak Republic,2005,6.64,Tonnes of CO2-equivalent,Transport
Slovenia,2005,4.42,Tonnes of CO2-equivalent,Transport
Sweden,2005,21.58,Tonnes of CO2-equivalent,Transport
Eswatini,2005,0.51,Tonnes of CO2-equivalent,Transport
Seychelles,2005,0.1,Tonnes of CO2-equivalent,Transport
Syrian Arab Republic,2005,13.92,Tonnes of CO2-equivalent,Transport
Chad,2005,0.21,Tonnes of CO2-equivalent,Transport
Togo,2005,0.63,Tonnes of CO2-equivalent,Transport
Thailand,2005,57.4,Tonnes of CO2-equivalent,Transport
Tajikistan,2005,0.13,Tonnes of CO2-equivalent,Transport
Turkmenistan,2005,8.9,Tonnes of CO2-equivalent,Transport
Timor-Leste,2005,0.12,Tonnes of CO2-equivalent,Transport
Tonga,2005,0.08,Tonnes of CO2-equivalent,Transport
Trinidad and Tobago,2005,2.21,Tonnes of CO2-equivalent,Transport
Tunisia,2005,4.69,Tonnes of CO2-equivalent,Transport
Turkiye,2005,37.78,Tonnes of CO2-equivalent,Transport
Tuvalu,2005,0.01,Tonnes of CO2-equivalent,Transport
Tanzania,2005,2.82,Tonnes of CO2-equivalent,Transport
Uganda,2005,1.05,Tonnes of CO2-equivalent,Transport
Ukraine,2005,31.34,Tonnes of CO2-equivalent,Transport
Uruguay,2005,2.32,Tonnes of CO2-equivalent,Transport
United States,2005,1861.92,Tonnes of CO2-equivalent,Transport
Uzbekistan,2005,12.47,Tonnes of CO2-equivalent,Transport
St. Vincent and the Grenadines,2005,0.13,Tonnes of CO2-equivalent,Transport
"Venezuela, RB",2005,42.86,Tonnes of CO2-equivalent,Transport
Viet Nam,2005,19.82,Tonnes of CO2-equivalent,Transport
Vanuatu,2005,0.02,Tonnes of CO2-equivalent,Transport
World,2005,6668.77,Tonnes of CO2-equivalent,Transport
Samoa,2005,0.11,Tonnes of CO2-equivalent,Transport
"Yemen, Rep.",2005,5.74,Tonnes of CO2-equivalent,Transport
South Africa,2005,44.36,Tonnes of CO2-equivalent,Transport
Zambia,2005,1.02,Tonnes of CO2-equivalent,Transport
Zimbabwe,2005,1.36,Tonnes of CO2-equivalent,Transport
Afghanistan,2004,0.6,Tonnes of CO2-equivalent,Transport
Angola,2004,3.52,Tonnes of CO2-equivalent,Transport
Albania,2004,2.36,Tonnes of CO2-equivalent,Transport
United Arab Emirates,2004,21.59,Tonnes of CO2-equivalent,Transport
Argentina,2004,38.11,Tonnes of CO2-equivalent,Transport
Armenia,2004,0.63,Tonnes of CO2-equivalent,Transport
Antigua and Barbuda,2004,0.2,Tonnes of CO2-equivalent,Transport
Australia,2004,81.48,Tonnes of CO2-equivalent,Transport
Austria,2004,24.38,Tonnes of CO2-equivalent,Transport
Azerbaijan,2004,3.87,Tonnes of CO2-equivalent,Transport
Burundi,2004,0.12,Tonnes of CO2-equivalent,Transport
Belgium,2004,27.54,Tonnes of CO2-equivalent,Transport
Benin,2004,1.44,Tonnes of CO2-equivalent,Transport
Burkina Faso,2004,0.6,Tonnes of CO2-equivalent,Transport
Bangladesh,2004,4.73,Tonnes of CO2-equivalent,Transport
Bulgaria,2004,7.11,Tonnes of CO2-equivalent,Transport
Bahrain,2004,2.18,Tonnes of CO2-equivalent,Transport
"Bahamas, The",2004,0.18,Tonnes of CO2-equivalent,Transport
Bosnia and Herzegovina,2004,2.45,Tonnes of CO2-equivalent,Transport
Belarus,2004,7.22,Tonnes of CO2-equivalent,Transport
Belize,2004,0.24,Tonnes of CO2-equivalent,Transport
Bolivia,2004,3.31,Tonnes of CO2-equivalent,Transport
Brazil,2004,140.62,Tonnes of CO2-equivalent,Transport
Barbados,2004,0.39,Tonnes of CO2-equivalent,Transport
Brunei Darussalam,2004,1.0,Tonnes of CO2-equivalent,Transport
Bhutan,2004,0.17,Tonnes of CO2-equivalent,Transport
Botswana,2004,1.51,Tonnes of CO2-equivalent,Transport
Central African Republic,2004,0.12,Tonnes of CO2-equivalent,Transport
Canada,2004,164.36,Tonnes of CO2-equivalent,Transport
Switzerland,2004,16.97,Tonnes of CO2-equivalent,Transport
Chile,2004,17.31,Tonnes of CO2-equivalent,Transport
China,2004,381.27,Tonnes of CO2-equivalent,Transport
Cote d'Ivoire,2004,1.17,Tonnes of CO2-equivalent,Transport
Cameroon,2004,2.22,Tonnes of CO2-equivalent,Transport
"Congo, Dem. Rep.",2004,0.92,Tonnes of CO2-equivalent,Transport
"Congo, Rep.",2004,0.72,Tonnes of CO2-equivalent,Transport
Cook Islands,2004,0.03,Tonnes of CO2-equivalent,Transport
Colombia,2004,20.81,Tonnes of CO2-equivalent,Transport
Comoros,2004,0.1,Tonnes of CO2-equivalent,Transport
Cabo Verde,2004,0.2,Tonnes of CO2-equivalent,Transport
Costa Rica,2004,3.95,Tonnes of CO2-equivalent,Transport
Cuba,2004,2.02,Tonnes of CO2-equivalent,Transport
Cyprus,2004,2.04,Tonnes of CO2-equivalent,Transport
Czechia,2004,16.27,Tonnes of CO2-equivalent,Transport
Germany,2004,168.41,Tonnes of CO2-equivalent,Transport
Djibouti,2004,0.06,Tonnes of CO2-equivalent,Transport
Dominica,2004,0.06,Tonnes of CO2-equivalent,Transport
Denmark,2004,13.29,Tonnes of CO2-equivalent,Transport
Dominican Republic,2004,5.59,Tonnes of CO2-equivalent,Transport
Algeria,2004,22.48,Tonnes of CO2-equivalent,Transport
Ecuador,2004,9.7,Tonnes of CO2-equivalent,Transport
"Egypt, Arab Rep.",2004,32.02,Tonnes of CO2-equivalent,Transport
Eritrea,2004,0.26,Tonnes of CO2-equivalent,Transport
Spain,2004,108.12,Tonnes of CO2-equivalent,Transport
Estonia,2004,2.11,Tonnes of CO2-equivalent,Transport
Ethiopia,2004,2.39,Tonnes of CO2-equivalent,Transport
European Union,2004,844.75,Tonnes of CO2-equivalent,Transport
Finland,2004,12.92,Tonnes of CO2-equivalent,Transport
Fiji,2004,0.51,Tonnes of CO2-equivalent,Transport
France,2004,136.05,Tonnes of CO2-equivalent,Transport
"Micronesia, Fed. Sts.",2004,0.07,Tonnes of CO2-equivalent,Transport
Gabon,2004,0.38,Tonnes of CO2-equivalent,Transport
United Kingdom,2004,129.33,Tonnes of CO2-equivalent,Transport
Georgia,2004,1.24,Tonnes of CO2-equivalent,Transport
Ghana,2004,3.75,Tonnes of CO2-equivalent,Transport
Guinea,2004,0.61,Tonnes of CO2-equivalent,Transport
"Gambia, The",2004,0.12,Tonnes of CO2-equivalent,Transport
Guinea-Bissau,2004,0.08,Tonnes of CO2-equivalent,Transport
Equatorial Guinea,2004,0.36,Tonnes of CO2-equivalent,Transport
Greece,2004,21.94,Tonnes of CO2-equivalent,Transport
Grenada,2004,0.09,Tonnes of CO2-equivalent,Transport
Guatemala,2004,4.9,Tonnes of CO2-equivalent,Transport
Guyana,2004,0.58,Tonnes of CO2-equivalent,Transport
Honduras,2004,2.39,Tonnes of CO2-equivalent,Transport
Croatia,2004,5.36,Tonnes of CO2-equivalent,Transport
Haiti,2004,0.79,Tonnes of CO2-equivalent,Transport
Hungary,2004,11.17,Tonnes of CO2-equivalent,Transport
Indonesia,2004,72.6,Tonnes of CO2-equivalent,Transport
India,2004,110.9,Tonnes of CO2-equivalent,Transport
Ireland,2004,12.29,Tonnes of CO2-equivalent,Transport
"Iran, Islamic Rep.",2004,99.49,Tonnes of CO2-equivalent,Transport
Iraq,2004,24.75,Tonnes of CO2-equivalent,Transport
Iceland,2004,0.69,Tonnes of CO2-equivalent,Transport
Israel,2004,14.52,Tonnes of CO2-equivalent,Transport
Italy,2004,127.03,Tonnes of CO2-equivalent,Transport
Jamaica,2004,2.18,Tonnes of CO2-equivalent,Transport
Jordan,2004,4.51,Tonnes of CO2-equivalent,Transport
Japan,2004,263.54,Tonnes of CO2-equivalent,Transport
Kazakhstan,2004,9.6,Tonnes of CO2-equivalent,Transport
Kenya,2004,2.83,Tonnes of CO2-equivalent,Transport
Kyrgyz Republic,2004,1.22,Tonnes of CO2-equivalent,Transport
Cambodia,2004,1.42,Tonnes of CO2-equivalent,Transport
Kiribati,2004,0.03,Tonnes of CO2-equivalent,Transport
St. Kitts and Nevis,2004,0.06,Tonnes of CO2-equivalent,Transport
"Korea, Rep.",2004,90.95,Tonnes of CO2-equivalent,Transport
Kuwait,2004,7.77,Tonnes of CO2-equivalent,Transport
Lao PDR,2004,0.98,Tonnes of CO2-equivalent,Transport
Lebanon,2004,4.15,Tonnes of CO2-equivalent,Transport
Liberia,2004,0.31,Tonnes of CO2-equivalent,Transport
Libya,2004,12.72,Tonnes of CO2-equivalent,Transport
St. Lucia,2004,0.19,Tonnes of CO2-equivalent,Transport
Sri Lanka,2004,5.97,Tonnes of CO2-equivalent,Transport
Lesotho,2004,0.28,Tonnes of CO2-equivalent,Transport
Lithuania,2004,3.94,Tonnes of CO2-equivalent,Transport
Luxembourg,2004,6.98,Tonnes of CO2-equivalent,Transport
Latvia,2004,2.97,Tonnes of CO2-equivalent,Transport
Morocco,2004,10.02,Tonnes of CO2-equivalent,Transport
Moldova,2004,1.3,Tonnes of CO2-equivalent,Transport
Madagascar,2004,0.9,Tonnes of CO2-equivalent,Transport
Maldives,2004,0.4,Tonnes of CO2-equivalent,Transport
Mexico,2004,126.49,Tonnes of CO2-equivalent,Transport
Marshall Islands,2004,0.04,Tonnes of CO2-equivalent,Transport
North Macedonia,2004,1.03,Tonnes of CO2-equivalent,Transport
Mali,2004,0.92,Tonnes of CO2-equivalent,Transport
Malta,2004,0.46,Tonnes of CO2-equivalent,Transport
Myanmar,2004,4.41,Tonnes of CO2-equivalent,Transport
Mongolia,2004,1.21,Tonnes of CO2-equivalent,Transport
Mozambique,2004,1.16,Tonnes of CO2-equivalent,Transport
Mauritania,2004,0.0,Tonnes of CO2-equivalent,Transport
Mauritius,2004,0.85,Tonnes of CO2-equivalent,Transport
Malawi,2004,0.47,Tonnes of CO2-equivalent,Transport
Malaysia,2004,42.05,Tonnes of CO2-equivalent,Transport
Namibia,2004,1.37,Tonnes of CO2-equivalent,Transport
Niger,2004,0.41,Tonnes of CO2-equivalent,Transport
Nigeria,2004,30.55,Tonnes of CO2-equivalent,Transport
Nicaragua,2004,1.49,Tonnes of CO2-equivalent,Transport
Niue,2004,0.0,Tonnes of CO2-equivalent,Transport
Netherlands,2004,35.01,Tonnes of CO2-equivalent,Transport
Norway,2004,13.3,Tonnes of CO2-equivalent,Transport
Nepal,2004,0.85,Tonnes of CO2-equivalent,Transport
Nauru,2004,0.01,Tonnes of CO2-equivalent,Transport
New Zealand,2004,13.83,Tonnes of CO2-equivalent,Transport
Oman,2004,3.31,Tonnes of CO2-equivalent,Transport
Pakistan,2004,29.97,Tonnes of CO2-equivalent,Transport
Panama,2004,2.62,Tonnes of CO2-equivalent,Transport
Peru,2004,10.84,Tonnes of CO2-equivalent,Transport
Philippines,2004,26.96,Tonnes of CO2-equivalent,Transport
Palau,2004,0.11,Tonnes of CO2-equivalent,Transport
Papua New Guinea,2004,1.15,Tonnes of CO2-equivalent,Transport
Poland,2004,32.94,Tonnes of CO2-equivalent,Transport
"Korea, Dem. People's Rep.",2004,1.58,Tonnes of CO2-equivalent,Transport
Portugal,2004,20.34,Tonnes of CO2-equivalent,Transport
Paraguay,2004,3.43,Tonnes of CO2-equivalent,Transport
Qatar,2004,3.85,Tonnes of CO2-equivalent,Transport
Romania,2004,13.25,Tonnes of CO2-equivalent,Transport
Russian Federation,2004,226.59,Tonnes of CO2-equivalent,Transport
Rwanda,2004,0.31,Tonnes of CO2-equivalent,Transport
Saudi Arabia,2004,74.04,Tonnes of CO2-equivalent,Transport
Sudan,2004,4.15,Tonnes of CO2-equivalent,Transport
Senegal,2004,1.55,Tonnes of CO2-equivalent,Transport
Singapore,2004,5.54,Tonnes of CO2-equivalent,Transport
Solomon Islands,2004,0.19,Tonnes of CO2-equivalent,Transport
Sierra Leone,2004,0.21,Tonnes of CO2-equivalent,Transport
El Salvador,2004,2.91,Tonnes of CO2-equivalent,Transport
Somalia,2004,0.14,Tonnes of CO2-equivalent,Transport
Serbia,2004,6.44,Tonnes of CO2-equivalent,Transport
Sao Tome and Principe,2004,0.03,Tonnes of CO2-equivalent,Transport
Suriname,2004,0.49,Tonnes of CO2-equivalent,Transport
Slovak Republic,2004,6.04,Tonnes of CO2-equivalent,Transport
Slovenia,2004,4.15,Tonnes of CO2-equivalent,Transport
Sweden,2004,22.65,Tonnes of CO2-equivalent,Transport
Eswatini,2004,0.48,Tonnes of CO2-equivalent,Transport
Seychelles,2004,0.16,Tonnes of CO2-equivalent,Transport
Syrian Arab Republic,2004,10.57,Tonnes of CO2-equivalent,Transport
Chad,2004,0.2,Tonnes of CO2-equivalent,Transport
Togo,2004,0.66,Tonnes of CO2-equivalent,Transport
Thailand,2004,57.4,Tonnes of CO2-equivalent,Transport
Tajikistan,2004,0.14,Tonnes of CO2-equivalent,Transport
Turkmenistan,2004,8.41,Tonnes of CO2-equivalent,Transport
Timor-Leste,2004,0.12,Tonnes of CO2-equivalent,Transport
Tonga,2004,0.07,Tonnes of CO2-equivalent,Transport
Trinidad and Tobago,2004,2.11,Tonnes of CO2-equivalent,Transport
Tunisia,2004,4.51,Tonnes of CO2-equivalent,Transport
Turkiye,2004,36.53,Tonnes of CO2-equivalent,Transport
Tuvalu,2004,0.01,Tonnes of CO2-equivalent,Transport
Tanzania,2004,2.45,Tonnes of CO2-equivalent,Transport
Uganda,2004,1.01,Tonnes of CO2-equivalent,Transport
Ukraine,2004,31.9,Tonnes of CO2-equivalent,Transport
Uruguay,2004,2.26,Tonnes of CO2-equivalent,Transport
United States,2004,1842.0,Tonnes of CO2-equivalent,Transport
Uzbekistan,2004,12.44,Tonnes of CO2-equivalent,Transport
St. Vincent and the Grenadines,2004,0.14,Tonnes of CO2-equivalent,Transport
"Venezuela, RB",2004,35.94,Tonnes of CO2-equivalent,Transport
Viet Nam,2004,19.61,Tonnes of CO2-equivalent,Transport
Vanuatu,2004,0.02,Tonnes of CO2-equivalent,Transport
World,2004,6523.91,Tonnes of CO2-equivalent,Transport
Samoa,2004,0.1,Tonnes of CO2-equivalent,Transport
"Yemen, Rep.",2004,5.38,Tonnes of CO2-equivalent,Transport
South Africa,2004,42.4,Tonnes of CO2-equivalent,Transport
Zambia,2004,0.95,Tonnes of CO2-equivalent,Transport
Zimbabwe,2004,1.25,Tonnes of CO2-equivalent,Transport
Afghanistan,2004,0.6,Tonnes of CO2-equivalent,Transport
Angola,2004,3.52,Tonnes of CO2-equivalent,Transport
Albania,2004,2.36,Tonnes of CO2-equivalent,Transport
United Arab Emirates,2004,21.59,Tonnes of CO2-equivalent,Transport
Argentina,2004,38.11,Tonnes of CO2-equivalent,Transport
Armenia,2004,0.63,Tonnes of CO2-equivalent,Transport
Antigua and Barbuda,2004,0.2,Tonnes of CO2-equivalent,Transport
Australia,2004,81.48,Tonnes of CO2-equivalent,Transport
Austria,2004,24.38,Tonnes of CO2-equivalent,Transport
Azerbaijan,2004,3.87,Tonnes of CO2-equivalent,Transport
Burundi,2004,0.12,Tonnes of CO2-equivalent,Transport
Belgium,2004,27.54,Tonnes of CO2-equivalent,Transport
Benin,2004,1.44,Tonnes of CO2-equivalent,Transport
Burkina Faso,2004,0.6,Tonnes of CO2-equivalent,Transport
Bangladesh,2004,4.73,Tonnes of CO2-equivalent,Transport
Bulgaria,2004,7.11,Tonnes of CO2-equivalent,Transport
Bahrain,2004,2.18,Tonnes of CO2-equivalent,Transport
"Bahamas, The",2004,0.18,Tonnes of CO2-equivalent,Transport
Bosnia and Herzegovina,2004,2.45,Tonnes of CO2-equivalent,Transport
Belarus,2004,7.22,Tonnes of CO2-equivalent,Transport
Belize,2004,0.24,Tonnes of CO2-equivalent,Transport
Bolivia,2004,3.31,Tonnes of CO2-equivalent,Transport
Brazil,2004,140.62,Tonnes of CO2-equivalent,Transport
Barbados,2004,0.39,Tonnes of CO2-equivalent,Transport
Brunei Darussalam,2004,1.0,Tonnes of CO2-equivalent,Transport
Bhutan,2004,0.17,Tonnes of CO2-equivalent,Transport
Botswana,2004,1.51,Tonnes of CO2-equivalent,Transport
Central African Republic,2004,0.12,Tonnes of CO2-equivalent,Transport
Canada,2004,164.36,Tonnes of CO2-equivalent,Transport
Switzerland,2004,16.97,Tonnes of CO2-equivalent,Transport
Chile,2004,17.31,Tonnes of CO2-equivalent,Transport
China,2004,381.27,Tonnes of CO2-equivalent,Transport
Cote d'Ivoire,2004,1.17,Tonnes of CO2-equivalent,Transport
Cameroon,2004,2.22,Tonnes of CO2-equivalent,Transport
"Congo, Dem. Rep.",2004,0.92,Tonnes of CO2-equivalent,Transport
"Congo, Rep.",2004,0.72,Tonnes of CO2-equivalent,Transport
Cook Islands,2004,0.03,Tonnes of CO2-equivalent,Transport
Colombia,2004,20.81,Tonnes of CO2-equivalent,Transport
Comoros,2004,0.1,Tonnes of CO2-equivalent,Transport
Cabo Verde,2004,0.2,Tonnes of CO2-equivalent,Transport
Costa Rica,2004,3.95,Tonnes of CO2-equivalent,Transport
Cuba,2004,2.02,Tonnes of CO2-equivalent,Transport
Cyprus,2004,2.04,Tonnes of CO2-equivalent,Transport
Czechia,2004,16.27,Tonnes of CO2-equivalent,Transport
Germany,2004,168.41,Tonnes of CO2-equivalent,Transport
Djibouti,2004,0.06,Tonnes of CO2-equivalent,Transport
Dominica,2004,0.06,Tonnes of CO2-equivalent,Transport
Denmark,2004,13.29,Tonnes of CO2-equivalent,Transport
Dominican Republic,2004,5.59,Tonnes of CO2-equivalent,Transport
Algeria,2004,22.48,Tonnes of CO2-equivalent,Transport
Ecuador,2004,9.7,Tonnes of CO2-equivalent,Transport
"Egypt, Arab Rep.",2004,32.02,Tonnes of CO2-equivalent,Transport
Eritrea,2004,0.26,Tonnes of CO2-equivalent,Transport
Spain,2004,108.12,Tonnes of CO2-equivalent,Transport
Estonia,2004,2.11,Tonnes of CO2-equivalent,Transport
Ethiopia,2004,2.39,Tonnes of CO2-equivalent,Transport
European Union,2004,844.75,Tonnes of CO2-equivalent,Transport
Finland,2004,12.92,Tonnes of CO2-equivalent,Transport
Fiji,2004,0.51,Tonnes of CO2-equivalent,Transport
France,2004,136.05,Tonnes of CO2-equivalent,Transport
"Micronesia, Fed. Sts.",2004,0.07,Tonnes of CO2-equivalent,Transport
Gabon,2004,0.38,Tonnes of CO2-equivalent,Transport
United Kingdom,2004,129.33,Tonnes of CO2-equivalent,Transport
Georgia,2004,1.24,Tonnes of CO2-equivalent,Transport
Ghana,2004,3.75,Tonnes of CO2-equivalent,Transport
Guinea,2004,0.61,Tonnes of CO2-equivalent,Transport
"Gambia, The",2004,0.12,Tonnes of CO2-equivalent,Transport
Guinea-Bissau,2004,0.08,Tonnes of CO2-equivalent,Transport
Equatorial Guinea,2004,0.36,Tonnes of CO2-equivalent,Transport
Greece,2004,21.94,Tonnes of CO2-equivalent,Transport
Grenada,2004,0.09,Tonnes of CO2-equivalent,Transport
Guatemala,2004,4.9,Tonnes of CO2-equivalent,Transport
Guyana,2004,0.58,Tonnes of CO2-equivalent,Transport
Honduras,2004,2.39,Tonnes of CO2-equivalent,Transport
Croatia,2004,5.36,Tonnes of CO2-equivalent,Transport
Haiti,2004,0.79,Tonnes of CO2-equivalent,Transport
Hungary,2004,11.17,Tonnes of CO2-equivalent,Transport
Indonesia,2004,72.6,Tonnes of CO2-equivalent,Transport
India,2004,110.9,Tonnes of CO2-equivalent,Transport
Ireland,2004,12.29,Tonnes of CO2-equivalent,Transport
"Iran, Islamic Rep.",2004,99.49,Tonnes of CO2-equivalent,Transport
Iraq,2004,24.75,Tonnes of CO2-equivalent,Transport
Iceland,2004,0.69,Tonnes of CO2-equivalent,Transport
Israel,2004,14.52,Tonnes of CO2-equivalent,Transport
Italy,2004,127.03,Tonnes of CO2-equivalent,Transport
Jamaica,2004,2.18,Tonnes of CO2-equivalent,Transport
Jordan,2004,4.51,Tonnes of CO2-equivalent,Transport
Japan,2004,263.54,Tonnes of CO2-equivalent,Transport
Kazakhstan,2004,9.6,Tonnes of CO2-equivalent,Transport
Kenya,2004,2.83,Tonnes of CO2-equivalent,Transport
Kyrgyz Republic,2004,1.22,Tonnes of CO2-equivalent,Transport
Cambodia,2004,1.42,Tonnes of CO2-equivalent,Transport
Kiribati,2004,0.03,Tonnes of CO2-equivalent,Transport
St. Kitts and Nevis,2004,0.06,Tonnes of CO2-equivalent,Transport
"Korea, Rep.",2004,90.95,Tonnes of CO2-equivalent,Transport
Kuwait,2004,7.77,Tonnes of CO2-equivalent,Transport
Lao PDR,2004,0.98,Tonnes of CO2-equivalent,Transport
Lebanon,2004,4.15,Tonnes of CO2-equivalent,Transport
Liberia,2004,0.31,Tonnes of CO2-equivalent,Transport
Libya,2004,12.72,Tonnes of CO2-equivalent,Transport
St. Lucia,2004,0.19,Tonnes of CO2-equivalent,Transport
Sri Lanka,2004,5.97,Tonnes of CO2-equivalent,Transport
Lesotho,2004,0.28,Tonnes of CO2-equivalent,Transport
Lithuania,2004,3.94,Tonnes of CO2-equivalent,Transport
Luxembourg,2004,6.98,Tonnes of CO2-equivalent,Transport
Latvia,2004,2.97,Tonnes of CO2-equivalent,Transport
Morocco,2004,10.02,Tonnes of CO2-equivalent,Transport
Moldova,2004,1.3,Tonnes of CO2-equivalent,Transport
Madagascar,2004,0.9,Tonnes of CO2-equivalent,Transport
Maldives,2004,0.4,Tonnes of CO2-equivalent,Transport
Mexico,2004,126.49,Tonnes of CO2-equivalent,Transport
Marshall Islands,2004,0.04,Tonnes of CO2-equivalent,Transport
North Macedonia,2004,1.03,Tonnes of CO2-equivalent,Transport
Mali,2004,0.92,Tonnes of CO2-equivalent,Transport
Malta,2004,0.46,Tonnes of CO2-equivalent,Transport
Myanmar,2004,4.41,Tonnes of CO2-equivalent,Transport
Mongolia,2004,1.21,Tonnes of CO2-equivalent,Transport
Mozambique,2004,1.16,Tonnes of CO2-equivalent,Transport
Mauritania,2004,0.0,Tonnes of CO2-equivalent,Transport
Mauritius,2004,0.85,Tonnes of CO2-equivalent,Transport
Malawi,2004,0.47,Tonnes of CO2-equivalent,Transport
Malaysia,2004,42.05,Tonnes of CO2-equivalent,Transport
Namibia,2004,1.37,Tonnes of CO2-equivalent,Transport
Niger,2004,0.41,Tonnes of CO2-equivalent,Transport
Nigeria,2004,30.55,Tonnes of CO2-equivalent,Transport
Nicaragua,2004,1.49,Tonnes of CO2-equivalent,Transport
Niue,2004,0.0,Tonnes of CO2-equivalent,Transport
Netherlands,2004,35.01,Tonnes of CO2-equivalent,Transport
Norway,2004,13.3,Tonnes of CO2-equivalent,Transport
Nepal,2004,0.85,Tonnes of CO2-equivalent,Transport
Nauru,2004,0.01,Tonnes of CO2-equivalent,Transport
New Zealand,2004,13.83,Tonnes of CO2-equivalent,Transport
Oman,2004,3.31,Tonnes of CO2-equivalent,Transport
Pakistan,2004,29.97,Tonnes of CO2-equivalent,Transport
Panama,2004,2.62,Tonnes of CO2-equivalent,Transport
Peru,2004,10.84,Tonnes of CO2-equivalent,Transport
Philippines,2004,26.96,Tonnes of CO2-equivalent,Transport
Palau,2004,0.11,Tonnes of CO2-equivalent,Transport
Papua New Guinea,2004,1.15,Tonnes of CO2-equivalent,Transport
Poland,2004,32.94,Tonnes of CO2-equivalent,Transport
"Korea, Dem. People's Rep.",2004,1.58,Tonnes of CO2-equivalent,Transport
Portugal,2004,20.34,Tonnes of CO2-equivalent,Transport
Paraguay,2004,3.43,Tonnes of CO2-equivalent,Transport
Qatar,2004,3.85,Tonnes of CO2-equivalent,Transport
Romania,2004,13.25,Tonnes of CO2-equivalent,Transport
Russian Federation,2004,226.59,Tonnes of CO2-equivalent,Transport
Rwanda,2004,0.31,Tonnes of CO2-equivalent,Transport
Saudi Arabia,2004,74.04,Tonnes of CO2-equivalent,Transport
Sudan,2004,4.15,Tonnes of CO2-equivalent,Transport
Senegal,2004,1.55,Tonnes of CO2-equivalent,Transport
Singapore,2004,5.54,Tonnes of CO2-equivalent,Transport
Solomon Islands,2004,0.19,Tonnes of CO2-equivalent,Transport
Sierra Leone,2004,0.21,Tonnes of CO2-equivalent,Transport
El Salvador,2004,2.91,Tonnes of CO2-equivalent,Transport
Somalia,2004,0.14,Tonnes of CO2-equivalent,Transport
Serbia,2004,6.44,Tonnes of CO2-equivalent,Transport
Sao Tome and Principe,2004,0.03,Tonnes of CO2-equivalent,Transport
Suriname,2004,0.49,Tonnes of CO2-equivalent,Transport
Slovak Republic,2004,6.04,Tonnes of CO2-equivalent,Transport
Slovenia,2004,4.15,Tonnes of CO2-equivalent,Transport
Sweden,2004,22.65,Tonnes of CO2-equivalent,Transport
Eswatini,2004,0.48,Tonnes of CO2-equivalent,Transport
Seychelles,2004,0.16,Tonnes of CO2-equivalent,Transport
Syrian Arab Republic,2004,10.57,Tonnes of CO2-equivalent,Transport
Chad,2004,0.2,Tonnes of CO2-equivalent,Transport
Togo,2004,0.66,Tonnes of CO2-equivalent,Transport
Thailand,2004,57.4,Tonnes of CO2-equivalent,Transport
Tajikistan,2004,0.14,Tonnes of CO2-equivalent,Transport
Turkmenistan,2004,8.41,Tonnes of CO2-equivalent,Transport
Timor-Leste,2004,0.12,Tonnes of CO2-equivalent,Transport
Tonga,2004,0.07,Tonnes of CO2-equivalent,Transport
Trinidad and Tobago,2004,2.11,Tonnes of CO2-equivalent,Transport
Tunisia,2004,4.51,Tonnes of CO2-equivalent,Transport
Turkiye,2004,36.53,Tonnes of CO2-equivalent,Transport
Tuvalu,2004,0.01,Tonnes of CO2-equivalent,Transport
Tanzania,2004,2.45,Tonnes of CO2-equivalent,Transport
Uganda,2004,1.01,Tonnes of CO2-equivalent,Transport
Ukraine,2004,31.9,Tonnes of CO2-equivalent,Transport
Uruguay,2004,2.26,Tonnes of CO2-equivalent,Transport
United States,2004,1842.0,Tonnes of CO2-equivalent,Transport
Uzbekistan,2004,12.44,Tonnes of CO2-equivalent,Transport
St. Vincent and the Grenadines,2004,0.14,Tonnes of CO2-equivalent,Transport
"Venezuela, RB",2004,35.94,Tonnes of CO2-equivalent,Transport
Viet Nam,2004,19.61,Tonnes of CO2-equivalent,Transport
Vanuatu,2004,0.02,Tonnes of CO2-equivalent,Transport
World,2004,6523.91,Tonnes of CO2-equivalent,Transport
Samoa,2004,0.1,Tonnes of CO2-equivalent,Transport
"Yemen, Rep.",2004,5.38,Tonnes of CO2-equivalent,Transport
South Africa,2004,42.4,Tonnes of CO2-equivalent,Transport
Zambia,2004,0.95,Tonnes of CO2-equivalent,Transport
Zimbabwe,2004,1.25,Tonnes of CO2-equivalent,Transport
Afghanistan,2003,0.72,Tonnes of CO2-equivalent,Transport
Angola,2003,2.8,Tonnes of CO2-equivalent,Transport
Albania,2003,1.97,Tonnes of CO2-equivalent,Transport
United Arab Emirates,2003,21.39,Tonnes of CO2-equivalent,Transport
Argentina,2003,35.43,Tonnes of CO2-equivalent,Transport
Armenia,2003,0.61,Tonnes of CO2-equivalent,Transport
Antigua and Barbuda,2003,0.19,Tonnes of CO2-equivalent,Transport
Australia,2003,78.6,Tonnes of CO2-equivalent,Transport
Austria,2003,24.05,Tonnes of CO2-equivalent,Transport
Azerbaijan,2003,3.23,Tonnes of CO2-equivalent,Transport
Burundi,2003,0.13,Tonnes of CO2-equivalent,Transport
Belgium,2003,26.44,Tonnes of CO2-equivalent,Transport
Benin,2003,1.41,Tonnes of CO2-equivalent,Transport
Burkina Faso,2003,0.59,Tonnes of CO2-equivalent,Transport
Bangladesh,2003,4.09,Tonnes of CO2-equivalent,Transport
Bulgaria,2003,6.57,Tonnes of CO2-equivalent,Transport
Bahrain,2003,1.99,Tonnes of CO2-equivalent,Transport
"Bahamas, The",2003,0.19,Tonnes of CO2-equivalent,Transport
Bosnia and Herzegovina,2003,2.1,Tonnes of CO2-equivalent,Transport
Belarus,2003,7.05,Tonnes of CO2-equivalent,Transport
Belize,2003,0.24,Tonnes of CO2-equivalent,Transport
Bolivia,2003,3.0,Tonnes of CO2-equivalent,Transport
Brazil,2003,131.44,Tonnes of CO2-equivalent,Transport
Barbados,2003,0.38,Tonnes of CO2-equivalent,Transport
Brunei Darussalam,2003,0.95,Tonnes of CO2-equivalent,Transport
Bhutan,2003,0.16,Tonnes of CO2-equivalent,Transport
Botswana,2003,1.38,Tonnes of CO2-equivalent,Transport
Central African Republic,2003,0.12,Tonnes of CO2-equivalent,Transport
Canada,2003,166.89,Tonnes of CO2-equivalent,Transport
Switzerland,2003,16.87,Tonnes of CO2-equivalent,Transport
Chile,2003,16.72,Tonnes of CO2-equivalent,Transport
China,2003,321.7,Tonnes of CO2-equivalent,Transport
Cote d'Ivoire,2003,1.06,Tonnes of CO2-equivalent,Transport
Cameroon,2003,2.15,Tonnes of CO2-equivalent,Transport
"Congo, Dem. Rep.",2003,0.84,Tonnes of CO2-equivalent,Transport
"Congo, Rep.",2003,0.61,Tonnes of CO2-equivalent,Transport
Cook Islands,2003,0.03,Tonnes of CO2-equivalent,Transport
Colombia,2003,18.24,Tonnes of CO2-equivalent,Transport
Comoros,2003,0.09,Tonnes of CO2-equivalent,Transport
Cabo Verde,2003,0.19,Tonnes of CO2-equivalent,Transport
Costa Rica,2003,3.68,Tonnes of CO2-equivalent,Transport
Cuba,2003,1.94,Tonnes of CO2-equivalent,Transport
Cyprus,2003,1.93,Tonnes of CO2-equivalent,Transport
Czechia,2003,15.53,Tonnes of CO2-equivalent,Transport
Germany,2003,168.46,Tonnes of CO2-equivalent,Transport
Djibouti,2003,0.06,Tonnes of CO2-equivalent,Transport
Dominica,2003,0.07,Tonnes of CO2-equivalent,Transport
Denmark,2003,12.99,Tonnes of CO2-equivalent,Transport
Dominican Republic,2003,5.41,Tonnes of CO2-equivalent,Transport
Algeria,2003,22.19,Tonnes of CO2-equivalent,Transport
Ecuador,2003,9.37,Tonnes of CO2-equivalent,Transport
"Egypt, Arab Rep.",2003,31.29,Tonnes of CO2-equivalent,Transport
Eritrea,2003,0.28,Tonnes of CO2-equivalent,Transport
Spain,2003,103.7,Tonnes of CO2-equivalent,Transport
Estonia,2003,2.07,Tonnes of CO2-equivalent,Transport
Ethiopia,2003,2.21,Tonnes of CO2-equivalent,Transport
European Union,2003,824.84,Tonnes of CO2-equivalent,Transport
Finland,2003,12.58,Tonnes of CO2-equivalent,Transport
Fiji,2003,0.47,Tonnes of CO2-equivalent,Transport
France,2003,135.83,Tonnes of CO2-equivalent,Transport
"Micronesia, Fed. Sts.",2003,0.09,Tonnes of CO2-equivalent,Transport
Gabon,2003,0.36,Tonnes of CO2-equivalent,Transport
United Kingdom,2003,127.91,Tonnes of CO2-equivalent,Transport
Georgia,2003,1.28,Tonnes of CO2-equivalent,Transport
Ghana,2003,3.24,Tonnes of CO2-equivalent,Transport
Guinea,2003,0.57,Tonnes of CO2-equivalent,Transport
"Gambia, The",2003,0.12,Tonnes of CO2-equivalent,Transport
Guinea-Bissau,2003,0.07,Tonnes of CO2-equivalent,Transport
Equatorial Guinea,2003,0.35,Tonnes of CO2-equivalent,Transport
Greece,2003,21.53,Tonnes of CO2-equivalent,Transport
Grenada,2003,0.09,Tonnes of CO2-equivalent,Transport
Guatemala,2003,5.03,Tonnes of CO2-equivalent,Transport
Guyana,2003,0.56,Tonnes of CO2-equivalent,Transport
Honduras,2003,2.35,Tonnes of CO2-equivalent,Transport
Croatia,2003,5.22,Tonnes of CO2-equivalent,Transport
Haiti,2003,0.81,Tonnes of CO2-equivalent,Transport
Hungary,2003,10.68,Tonnes of CO2-equivalent,Transport
Indonesia,2003,70.96,Tonnes of CO2-equivalent,Transport
India,2003,102.21,Tonnes of CO2-equivalent,Transport
Ireland,2003,11.57,Tonnes of CO2-equivalent,Transport
"Iran, Islamic Rep.",2003,93.81,Tonnes of CO2-equivalent,Transport
Iraq,2003,22.12,Tonnes of CO2-equivalent,Transport
Iceland,2003,0.66,Tonnes of CO2-equivalent,Transport
Israel,2003,14.65,Tonnes of CO2-equivalent,Transport
Italy,2003,124.76,Tonnes of CO2-equivalent,Transport
Jamaica,2003,2.13,Tonnes of CO2-equivalent,Transport
Jordan,2003,3.93,Tonnes of CO2-equivalent,Transport
Japan,2003,263.54,Tonnes of CO2-equivalent,Transport
Kazakhstan,2003,9.01,Tonnes of CO2-equivalent,Transport
Kenya,2003,2.57,Tonnes of CO2-equivalent,Transport
Kyrgyz Republic,2003,0.96,Tonnes of CO2-equivalent,Transport
Cambodia,2003,1.39,Tonnes of CO2-equivalent,Transport
Kiribati,2003,0.03,Tonnes of CO2-equivalent,Transport
St. Kitts and Nevis,2003,0.06,Tonnes of CO2-equivalent,Transport
"Korea, Rep.",2003,90.31,Tonnes of CO2-equivalent,Transport
Kuwait,2003,7.3,Tonnes of CO2-equivalent,Transport
Lao PDR,2003,0.95,Tonnes of CO2-equivalent,Transport
Lebanon,2003,4.13,Tonnes of CO2-equivalent,Transport
Liberia,2003,0.26,Tonnes of CO2-equivalent,Transport
Libya,2003,12.2,Tonnes of CO2-equivalent,Transport
St. Lucia,2003,0.17,Tonnes of CO2-equivalent,Transport
Sri Lanka,2003,5.78,Tonnes of CO2-equivalent,Transport
Lesotho,2003,0.28,Tonnes of CO2-equivalent,Transport
Lithuania,2003,3.59,Tonnes of CO2-equivalent,Transport
Luxembourg,2003,5.99,Tonnes of CO2-equivalent,Transport
Latvia,2003,2.83,Tonnes of CO2-equivalent,Transport
Morocco,2003,9.55,Tonnes of CO2-equivalent,Transport
Moldova,2003,1.16,Tonnes of CO2-equivalent,Transport
Madagascar,2003,0.85,Tonnes of CO2-equivalent,Transport
Maldives,2003,0.3,Tonnes of CO2-equivalent,Transport
Mexico,2003,119.91,Tonnes of CO2-equivalent,Transport
Marshall Islands,2003,0.04,Tonnes of CO2-equivalent,Transport
North Macedonia,2003,1.01,Tonnes of CO2-equivalent,Transport
Mali,2003,1.03,Tonnes of CO2-equivalent,Transport
Malta,2003,0.37,Tonnes of CO2-equivalent,Transport
Myanmar,2003,3.97,Tonnes of CO2-equivalent,Transport
Mongolia,2003,1.04,Tonnes of CO2-equivalent,Transport
Mozambique,2003,1.15,Tonnes of CO2-equivalent,Transport
Mauritania,2003,0.0,Tonnes of CO2-equivalent,Transport
Mauritius,2003,0.83,Tonnes of CO2-equivalent,Transport
Malawi,2003,0.47,Tonnes of CO2-equivalent,Transport
Malaysia,2003,39.13,Tonnes of CO2-equivalent,Transport
Namibia,2003,1.3,Tonnes of CO2-equivalent,Transport
Niger,2003,0.4,Tonnes of CO2-equivalent,Transport
Nigeria,2003,29.94,Tonnes of CO2-equivalent,Transport
Nicaragua,2003,1.55,Tonnes of CO2-equivalent,Transport
Niue,2003,0.0,Tonnes of CO2-equivalent,Transport
Netherlands,2003,34.47,Tonnes of CO2-equivalent,Transport
Norway,2003,12.92,Tonnes of CO2-equivalent,Transport
Nepal,2003,0.8,Tonnes of CO2-equivalent,Transport
Nauru,2003,0.01,Tonnes of CO2-equivalent,Transport
New Zealand,2003,13.51,Tonnes of CO2-equivalent,Transport
Oman,2003,3.14,Tonnes of CO2-equivalent,Transport
Pakistan,2003,27.78,Tonnes of CO2-equivalent,Transport
Panama,2003,2.55,Tonnes of CO2-equivalent,Transport
Peru,2003,9.58,Tonnes of CO2-equivalent,Transport
Philippines,2003,26.05,Tonnes of CO2-equivalent,Transport
Palau,2003,0.11,Tonnes of CO2-equivalent,Transport
Papua New Guinea,2003,1.02,Tonnes of CO2-equivalent,Transport
Poland,2003,29.07,Tonnes of CO2-equivalent,Transport
"Korea, Dem. People's Rep.",2003,1.57,Tonnes of CO2-equivalent,Transport
Portugal,2003,19.88,Tonnes of CO2-equivalent,Transport
Paraguay,2003,3.44,Tonnes of CO2-equivalent,Transport
Qatar,2003,3.45,Tonnes of CO2-equivalent,Transport
Romania,2003,12.77,Tonnes of CO2-equivalent,Transport
Russian Federation,2003,211.71,Tonnes of CO2-equivalent,Transport
Rwanda,2003,0.32,Tonnes of CO2-equivalent,Transport
Saudi Arabia,2003,70.45,Tonnes of CO2-equivalent,Transport
Sudan,2003,3.82,Tonnes of CO2-equivalent,Transport
Senegal,2003,1.43,Tonnes of CO2-equivalent,Transport
Singapore,2003,5.43,Tonnes of CO2-equivalent,Transport
Solomon Islands,2003,0.18,Tonnes of CO2-equivalent,Transport
Sierra Leone,2003,0.2,Tonnes of CO2-equivalent,Transport
El Salvador,2003,2.75,Tonnes of CO2-equivalent,Transport
Somalia,2003,0.14,Tonnes of CO2-equivalent,Transport
Serbia,2003,5.03,Tonnes of CO2-equivalent,Transport
Sao Tome and Principe,2003,0.03,Tonnes of CO2-equivalent,Transport
Suriname,2003,0.47,Tonnes of CO2-equivalent,Transport
Slovak Republic,2003,5.75,Tonnes of CO2-equivalent,Transport
Slovenia,2003,3.97,Tonnes of CO2-equivalent,Transport
Sweden,2003,22.24,Tonnes of CO2-equivalent,Transport
Eswatini,2003,0.48,Tonnes of CO2-equivalent,Transport
Seychelles,2003,0.08,Tonnes of CO2-equivalent,Transport
Syrian Arab Republic,2003,8.04,Tonnes of CO2-equivalent,Transport
Chad,2003,0.2,Tonnes of CO2-equivalent,Transport
Togo,2003,0.72,Tonnes of CO2-equivalent,Transport
Thailand,2003,53.47,Tonnes of CO2-equivalent,Transport
Tajikistan,2003,0.1,Tonnes of CO2-equivalent,Transport
Turkmenistan,2003,8.32,Tonnes of CO2-equivalent,Transport
Timor-Leste,2003,0.1,Tonnes of CO2-equivalent,Transport
Tonga,2003,0.08,Tonnes of CO2-equivalent,Transport
Trinidad and Tobago,2003,1.73,Tonnes of CO2-equivalent,Transport
Tunisia,2003,4.47,Tonnes of CO2-equivalent,Transport
Turkiye,2003,35.92,Tonnes of CO2-equivalent,Transport
Tuvalu,2003,0.0,Tonnes of CO2-equivalent,Transport
Tanzania,2003,2.36,Tonnes of CO2-equivalent,Transport
Uganda,2003,0.98,Tonnes of CO2-equivalent,Transport
Ukraine,2003,29.85,Tonnes of CO2-equivalent,Transport
Uruguay,2003,2.14,Tonnes of CO2-equivalent,Transport
United States,2003,1818.94,Tonnes of CO2-equivalent,Transport
Uzbekistan,2003,12.43,Tonnes of CO2-equivalent,Transport
St. Vincent and the Grenadines,2003,0.13,Tonnes of CO2-equivalent,Transport
"Venezuela, RB",2003,35.49,Tonnes of CO2-equivalent,Transport
Viet Nam,2003,16.02,Tonnes of CO2-equivalent,Transport
Vanuatu,2003,0.04,Tonnes of CO2-equivalent,Transport
World,2003,6235.37,Tonnes of CO2-equivalent,Transport
Samoa,2003,0.1,Tonnes of CO2-equivalent,Transport
"Yemen, Rep.",2003,5.18,Tonnes of CO2-equivalent,Transport
South Africa,2003,40.09,Tonnes of CO2-equivalent,Transport
Zambia,2003,0.89,Tonnes of CO2-equivalent,Transport
Zimbabwe,2003,1.43,Tonnes of CO2-equivalent,Transport
Afghanistan,2003,0.72,Tonnes of CO2-equivalent,Transport
Angola,2003,2.8,Tonnes of CO2-equivalent,Transport
Albania,2003,1.97,Tonnes of CO2-equivalent,Transport
United Arab Emirates,2003,21.39,Tonnes of CO2-equivalent,Transport
Argentina,2003,35.43,Tonnes of CO2-equivalent,Transport
Armenia,2003,0.61,Tonnes of CO2-equivalent,Transport
Antigua and Barbuda,2003,0.19,Tonnes of CO2-equivalent,Transport
Australia,2003,78.6,Tonnes of CO2-equivalent,Transport
Austria,2003,24.05,Tonnes of CO2-equivalent,Transport
Azerbaijan,2003,3.23,Tonnes of CO2-equivalent,Transport
Burundi,2003,0.13,Tonnes of CO2-equivalent,Transport
Belgium,2003,26.44,Tonnes of CO2-equivalent,Transport
Benin,2003,1.41,Tonnes of CO2-equivalent,Transport
Burkina Faso,2003,0.59,Tonnes of CO2-equivalent,Transport
Bangladesh,2003,4.09,Tonnes of CO2-equivalent,Transport
Bulgaria,2003,6.57,Tonnes of CO2-equivalent,Transport
Bahrain,2003,1.99,Tonnes of CO2-equivalent,Transport
"Bahamas, The",2003,0.19,Tonnes of CO2-equivalent,Transport
Bosnia and Herzegovina,2003,2.1,Tonnes of CO2-equivalent,Transport
Belarus,2003,7.05,Tonnes of CO2-equivalent,Transport
Belize,2003,0.24,Tonnes of CO2-equivalent,Transport
Bolivia,2003,3.0,Tonnes of CO2-equivalent,Transport
Brazil,2003,131.44,Tonnes of CO2-equivalent,Transport
Barbados,2003,0.38,Tonnes of CO2-equivalent,Transport
Brunei Darussalam,2003,0.95,Tonnes of CO2-equivalent,Transport
Bhutan,2003,0.16,Tonnes of CO2-equivalent,Transport
Botswana,2003,1.38,Tonnes of CO2-equivalent,Transport
Central African Republic,2003,0.12,Tonnes of CO2-equivalent,Transport
Canada,2003,166.89,Tonnes of CO2-equivalent,Transport
Switzerland,2003,16.87,Tonnes of CO2-equivalent,Transport
Chile,2003,16.72,Tonnes of CO2-equivalent,Transport
China,2003,321.7,Tonnes of CO2-equivalent,Transport
Cote d'Ivoire,2003,1.06,Tonnes of CO2-equivalent,Transport
Cameroon,2003,2.15,Tonnes of CO2-equivalent,Transport
"Congo, Dem. Rep.",2003,0.84,Tonnes of CO2-equivalent,Transport
"Congo, Rep.",2003,0.61,Tonnes of CO2-equivalent,Transport
Cook Islands,2003,0.03,Tonnes of CO2-equivalent,Transport
Colombia,2003,18.24,Tonnes of CO2-equivalent,Transport
Comoros,2003,0.09,Tonnes of CO2-equivalent,Transport
Cabo Verde,2003,0.19,Tonnes of CO2-equivalent,Transport
Costa Rica,2003,3.68,Tonnes of CO2-equivalent,Transport
Cuba,2003,1.94,Tonnes of CO2-equivalent,Transport
Cyprus,2003,1.93,Tonnes of CO2-equivalent,Transport
Czechia,2003,15.53,Tonnes of CO2-equivalent,Transport
Germany,2003,168.46,Tonnes of CO2-equivalent,Transport
Djibouti,2003,0.06,Tonnes of CO2-equivalent,Transport
Dominica,2003,0.07,Tonnes of CO2-equivalent,Transport
Denmark,2003,12.99,Tonnes of CO2-equivalent,Transport
Dominican Republic,2003,5.41,Tonnes of CO2-equivalent,Transport
Algeria,2003,22.19,Tonnes of CO2-equivalent,Transport
Ecuador,2003,9.37,Tonnes of CO2-equivalent,Transport
"Egypt, Arab Rep.",2003,31.29,Tonnes of CO2-equivalent,Transport
Eritrea,2003,0.28,Tonnes of CO2-equivalent,Transport
Spain,2003,103.7,Tonnes of CO2-equivalent,Transport
Estonia,2003,2.07,Tonnes of CO2-equivalent,Transport
Ethiopia,2003,2.21,Tonnes of CO2-equivalent,Transport
European Union,2003,824.84,Tonnes of CO2-equivalent,Transport
Finland,2003,12.58,Tonnes of CO2-equivalent,Transport
Fiji,2003,0.47,Tonnes of CO2-equivalent,Transport
France,2003,135.83,Tonnes of CO2-equivalent,Transport
"Micronesia, Fed. Sts.",2003,0.09,Tonnes of CO2-equivalent,Transport
Gabon,2003,0.36,Tonnes of CO2-equivalent,Transport
United Kingdom,2003,127.91,Tonnes of CO2-equivalent,Transport
Georgia,2003,1.28,Tonnes of CO2-equivalent,Transport
Ghana,2003,3.24,Tonnes of CO2-equivalent,Transport
Guinea,2003,0.57,Tonnes of CO2-equivalent,Transport
"Gambia, The",2003,0.12,Tonnes of CO2-equivalent,Transport
Guinea-Bissau,2003,0.07,Tonnes of CO2-equivalent,Transport
Equatorial Guinea,2003,0.35,Tonnes of CO2-equivalent,Transport
Greece,2003,21.53,Tonnes of CO2-equivalent,Transport
Grenada,2003,0.09,Tonnes of CO2-equivalent,Transport
Guatemala,2003,5.03,Tonnes of CO2-equivalent,Transport
Guyana,2003,0.56,Tonnes of CO2-equivalent,Transport
Honduras,2003,2.35,Tonnes of CO2-equivalent,Transport
Croatia,2003,5.22,Tonnes of CO2-equivalent,Transport
Haiti,2003,0.81,Tonnes of CO2-equivalent,Transport
Hungary,2003,10.68,Tonnes of CO2-equivalent,Transport
Indonesia,2003,70.96,Tonnes of CO2-equivalent,Transport
India,2003,102.21,Tonnes of CO2-equivalent,Transport
Ireland,2003,11.57,Tonnes of CO2-equivalent,Transport
"Iran, Islamic Rep.",2003,93.81,Tonnes of CO2-equivalent,Transport
Iraq,2003,22.12,Tonnes of CO2-equivalent,Transport
Iceland,2003,0.66,Tonnes of CO2-equivalent,Transport
Israel,2003,14.65,Tonnes of CO2-equivalent,Transport
Italy,2003,124.76,Tonnes of CO2-equivalent,Transport
Jamaica,2003,2.13,Tonnes of CO2-equivalent,Transport
Jordan,2003,3.93,Tonnes of CO2-equivalent,Transport
Japan,2003,263.54,Tonnes of CO2-equivalent,Transport
Kazakhstan,2003,9.01,Tonnes of CO2-equivalent,Transport
Kenya,2003,2.57,Tonnes of CO2-equivalent,Transport
Kyrgyz Republic,2003,0.96,Tonnes of CO2-equivalent,Transport
Cambodia,2003,1.39,Tonnes of CO2-equivalent,Transport
Kiribati,2003,0.03,Tonnes of CO2-equivalent,Transport
St. Kitts and Nevis,2003,0.06,Tonnes of CO2-equivalent,Transport
"Korea, Rep.",2003,90.31,Tonnes of CO2-equivalent,Transport
Kuwait,2003,7.3,Tonnes of CO2-equivalent,Transport
Lao PDR,2003,0.95,Tonnes of CO2-equivalent,Transport
Lebanon,2003,4.13,Tonnes of CO2-equivalent,Transport
Liberia,2003,0.26,Tonnes of CO2-equivalent,Transport
Libya,2003,12.2,Tonnes of CO2-equivalent,Transport
St. Lucia,2003,0.17,Tonnes of CO2-equivalent,Transport
Sri Lanka,2003,5.78,Tonnes of CO2-equivalent,Transport
Lesotho,2003,0.28,Tonnes of CO2-equivalent,Transport
Lithuania,2003,3.59,Tonnes of CO2-equivalent,Transport
Luxembourg,2003,5.99,Tonnes of CO2-equivalent,Transport
Latvia,2003,2.83,Tonnes of CO2-equivalent,Transport
Morocco,2003,9.55,Tonnes of CO2-equivalent,Transport
Moldova,2003,1.16,Tonnes of CO2-equivalent,Transport
Madagascar,2003,0.85,Tonnes of CO2-equivalent,Transport
Maldives,2003,0.3,Tonnes of CO2-equivalent,Transport
Mexico,2003,119.91,Tonnes of CO2-equivalent,Transport
Marshall Islands,2003,0.04,Tonnes of CO2-equivalent,Transport
North Macedonia,2003,1.01,Tonnes of CO2-equivalent,Transport
Mali,2003,1.03,Tonnes of CO2-equivalent,Transport
Malta,2003,0.37,Tonnes of CO2-equivalent,Transport
Myanmar,2003,3.97,Tonnes of CO2-equivalent,Transport
Mongolia,2003,1.04,Tonnes of CO2-equivalent,Transport
Mozambique,2003,1.15,Tonnes of CO2-equivalent,Transport
Mauritania,2003,0.0,Tonnes of CO2-equivalent,Transport
Mauritius,2003,0.83,Tonnes of CO2-equivalent,Transport
Malawi,2003,0.47,Tonnes of CO2-equivalent,Transport
Malaysia,2003,39.13,Tonnes of CO2-equivalent,Transport
Namibia,2003,1.3,Tonnes of CO2-equivalent,Transport
Niger,2003,0.4,Tonnes of CO2-equivalent,Transport
Nigeria,2003,29.94,Tonnes of CO2-equivalent,Transport
Nicaragua,2003,1.55,Tonnes of CO2-equivalent,Transport
Niue,2003,0.0,Tonnes of CO2-equivalent,Transport
Netherlands,2003,34.47,Tonnes of CO2-equivalent,Transport
Norway,2003,12.92,Tonnes of CO2-equivalent,Transport
Nepal,2003,0.8,Tonnes of CO2-equivalent,Transport
Nauru,2003,0.01,Tonnes of CO2-equivalent,Transport
New Zealand,2003,13.51,Tonnes of CO2-equivalent,Transport
Oman,2003,3.14,Tonnes of CO2-equivalent,Transport
Pakistan,2003,27.78,Tonnes of CO2-equivalent,Transport
Panama,2003,2.55,Tonnes of CO2-equivalent,Transport
Peru,2003,9.58,Tonnes of CO2-equivalent,Transport
Philippines,2003,26.05,Tonnes of CO2-equivalent,Transport
Palau,2003,0.11,Tonnes of CO2-equivalent,Transport
Papua New Guinea,2003,1.02,Tonnes of CO2-equivalent,Transport
Poland,2003,29.07,Tonnes of CO2-equivalent,Transport
"Korea, Dem. People's Rep.",2003,1.57,Tonnes of CO2-equivalent,Transport
Portugal,2003,19.88,Tonnes of CO2-equivalent,Transport
Paraguay,2003,3.44,Tonnes of CO2-equivalent,Transport
Qatar,2003,3.45,Tonnes of CO2-equivalent,Transport
Romania,2003,12.77,Tonnes of CO2-equivalent,Transport
Russian Federation,2003,211.71,Tonnes of CO2-equivalent,Transport
Rwanda,2003,0.32,Tonnes of CO2-equivalent,Transport
Saudi Arabia,2003,70.45,Tonnes of CO2-equivalent,Transport
Sudan,2003,3.82,Tonnes of CO2-equivalent,Transport
Senegal,2003,1.43,Tonnes of CO2-equivalent,Transport
Singapore,2003,5.43,Tonnes of CO2-equivalent,Transport
Solomon Islands,2003,0.18,Tonnes of CO2-equivalent,Transport
Sierra Leone,2003,0.2,Tonnes of CO2-equivalent,Transport
El Salvador,2003,2.75,Tonnes of CO2-equivalent,Transport
Somalia,2003,0.14,Tonnes of CO2-equivalent,Transport
Serbia,2003,5.03,Tonnes of CO2-equivalent,Transport
Sao Tome and Principe,2003,0.03,Tonnes of CO2-equivalent,Transport
Suriname,2003,0.47,Tonnes of CO2-equivalent,Transport
Slovak Republic,2003,5.75,Tonnes of CO2-equivalent,Transport
Slovenia,2003,3.97,Tonnes of CO2-equivalent,Transport
Sweden,2003,22.24,Tonnes of CO2-equivalent,Transport
Eswatini,2003,0.48,Tonnes of CO2-equivalent,Transport
Seychelles,2003,0.08,Tonnes of CO2-equivalent,Transport
Syrian Arab Republic,2003,8.04,Tonnes of CO2-equivalent,Transport
Chad,2003,0.2,Tonnes of CO2-equivalent,Transport
Togo,2003,0.72,Tonnes of CO2-equivalent,Transport
Thailand,2003,53.47,Tonnes of CO2-equivalent,Transport
Tajikistan,2003,0.1,Tonnes of CO2-equivalent,Transport
Turkmenistan,2003,8.32,Tonnes of CO2-equivalent,Transport
Timor-Leste,2003,0.1,Tonnes of CO2-equivalent,Transport
Tonga,2003,0.08,Tonnes of CO2-equivalent,Transport
Trinidad and Tobago,2003,1.73,Tonnes of CO2-equivalent,Transport
Tunisia,2003,4.47,Tonnes of CO2-equivalent,Transport
Turkiye,2003,35.92,Tonnes of CO2-equivalent,Transport
Tuvalu,2003,0.0,Tonnes of CO2-equivalent,Transport
Tanzania,2003,2.36,Tonnes of CO2-equivalent,Transport
Uganda,2003,0.98,Tonnes of CO2-equivalent,Transport
Ukraine,2003,29.85,Tonnes of CO2-equivalent,Transport
Uruguay,2003,2.14,Tonnes of CO2-equivalent,Transport
United States,2003,1818.94,Tonnes of CO2-equivalent,Transport
Uzbekistan,2003,12.43,Tonnes of CO2-equivalent,Transport
St. Vincent and the Grenadines,2003,0.13,Tonnes of CO2-equivalent,Transport
"Venezuela, RB",2003,35.49,Tonnes of CO2-equivalent,Transport
Viet Nam,2003,16.02,Tonnes of CO2-equivalent,Transport
Vanuatu,2003,0.04,Tonnes of CO2-equivalent,Transport
World,2003,6235.37,Tonnes of CO2-equivalent,Transport
Samoa,2003,0.1,Tonnes of CO2-equivalent,Transport
"Yemen, Rep.",2003,5.18,Tonnes of CO2-equivalent,Transport
South Africa,2003,40.09,Tonnes of CO2-equivalent,Transport
Zambia,2003,0.89,Tonnes of CO2-equivalent,Transport
Zimbabwe,2003,1.43,Tonnes of CO2-equivalent,Transport
Afghanistan,2002,0.51,Tonnes of CO2-equivalent,Transport
Angola,2002,1.52,Tonnes of CO2-equivalent,Transport
Albania,2002,1.82,Tonnes of CO2-equivalent,Transport
United Arab Emirates,2002,19.24,Tonnes of CO2-equivalent,Transport
Argentina,2002,34.67,Tonnes of CO2-equivalent,Transport
Armenia,2002,0.56,Tonnes of CO2-equivalent,Transport
Antigua and Barbuda,2002,0.18,Tonnes of CO2-equivalent,Transport
Australia,2002,78.29,Tonnes of CO2-equivalent,Transport
Austria,2002,22.44,Tonnes of CO2-equivalent,Transport
Azerbaijan,2002,3.0,Tonnes of CO2-equivalent,Transport
Burundi,2002,0.17,Tonnes of CO2-equivalent,Transport
Belgium,2002,25.79,Tonnes of CO2-equivalent,Transport
Benin,2002,1.21,Tonnes of CO2-equivalent,Transport
Burkina Faso,2002,0.57,Tonnes of CO2-equivalent,Transport
Bangladesh,2002,4.0,Tonnes of CO2-equivalent,Transport
Bulgaria,2002,5.97,Tonnes of CO2-equivalent,Transport
Bahrain,2002,1.83,Tonnes of CO2-equivalent,Transport
"Bahamas, The",2002,0.18,Tonnes of CO2-equivalent,Transport
Bosnia and Herzegovina,2002,2.09,Tonnes of CO2-equivalent,Transport
Belarus,2002,6.83,Tonnes of CO2-equivalent,Transport
Belize,2002,0.23,Tonnes of CO2-equivalent,Transport
Bolivia,2002,2.8,Tonnes of CO2-equivalent,Transport
Brazil,2002,133.88,Tonnes of CO2-equivalent,Transport
Barbados,2002,0.37,Tonnes of CO2-equivalent,Transport
Brunei Darussalam,2002,0.91,Tonnes of CO2-equivalent,Transport
Bhutan,2002,0.14,Tonnes of CO2-equivalent,Transport
Botswana,2002,1.28,Tonnes of CO2-equivalent,Transport
Central African Republic,2002,0.13,Tonnes of CO2-equivalent,Transport
Canada,2002,164.17,Tonnes of CO2-equivalent,Transport
Switzerland,2002,16.75,Tonnes of CO2-equivalent,Transport
Chile,2002,16.97,Tonnes of CO2-equivalent,Transport
China,2002,283.95,Tonnes of CO2-equivalent,Transport
Cote d'Ivoire,2002,1.45,Tonnes of CO2-equivalent,Transport
Cameroon,2002,2.11,Tonnes of CO2-equivalent,Transport
"Congo, Dem. Rep.",2002,0.71,Tonnes of CO2-equivalent,Transport
"Congo, Rep.",2002,0.43,Tonnes of CO2-equivalent,Transport
Cook Islands,2002,0.02,Tonnes of CO2-equivalent,Transport
Colombia,2002,17.77,Tonnes of CO2-equivalent,Transport
Comoros,2002,0.07,Tonnes of CO2-equivalent,Transport
Cabo Verde,2002,0.18,Tonnes of CO2-equivalent,Transport
Costa Rica,2002,3.6,Tonnes of CO2-equivalent,Transport
Cuba,2002,2.12,Tonnes of CO2-equivalent,Transport
Cyprus,2002,1.82,Tonnes of CO2-equivalent,Transport
Czechia,2002,13.66,Tonnes of CO2-equivalent,Transport
Germany,2002,171.67,Tonnes of CO2-equivalent,Transport
Djibouti,2002,0.06,Tonnes of CO2-equivalent,Transport
Dominica,2002,0.06,Tonnes of CO2-equivalent,Transport
Denmark,2002,12.5,Tonnes of CO2-equivalent,Transport
Dominican Republic,2002,5.89,Tonnes of CO2-equivalent,Transport
Algeria,2002,19.77,Tonnes of CO2-equivalent,Transport
Ecuador,2002,9.04,Tonnes of CO2-equivalent,Transport
"Egypt, Arab Rep.",2002,29.64,Tonnes of CO2-equivalent,Transport
Eritrea,2002,0.28,Tonnes of CO2-equivalent,Transport
Spain,2002,98.62,Tonnes of CO2-equivalent,Transport
Estonia,2002,2.14,Tonnes of CO2-equivalent,Transport
Ethiopia,2002,2.12,Tonnes of CO2-equivalent,Transport
European Union,2002,810.54,Tonnes of CO2-equivalent,Transport
Finland,2002,12.37,Tonnes of CO2-equivalent,Transport
Fiji,2002,0.44,Tonnes of CO2-equivalent,Transport
France,2002,137.23,Tonnes of CO2-equivalent,Transport
"Micronesia, Fed. Sts.",2002,0.08,Tonnes of CO2-equivalent,Transport
Gabon,2002,0.4,Tonnes of CO2-equivalent,Transport
United Kingdom,2002,126.54,Tonnes of CO2-equivalent,Transport
Georgia,2002,1.25,Tonnes of CO2-equivalent,Transport
Ghana,2002,3.49,Tonnes of CO2-equivalent,Transport
Guinea,2002,0.54,Tonnes of CO2-equivalent,Transport
"Gambia, The",2002,0.12,Tonnes of CO2-equivalent,Transport
Guinea-Bissau,2002,0.03,Tonnes of CO2-equivalent,Transport
Equatorial Guinea,2002,0.3,Tonnes of CO2-equivalent,Transport
Greece,2002,20.55,Tonnes of CO2-equivalent,Transport
Grenada,2002,0.09,Tonnes of CO2-equivalent,Transport
Guatemala,2002,5.05,Tonnes of CO2-equivalent,Transport
Guyana,2002,0.56,Tonnes of CO2-equivalent,Transport
Honduras,2002,2.31,Tonnes of CO2-equivalent,Transport
Croatia,2002,4.81,Tonnes of CO2-equivalent,Transport
Haiti,2002,0.84,Tonnes of CO2-equivalent,Transport
Hungary,2002,10.22,Tonnes of CO2-equivalent,Transport
Indonesia,2002,69.62,Tonnes of CO2-equivalent,Transport
India,2002,100.37,Tonnes of CO2-equivalent,Transport
Ireland,2002,11.36,Tonnes of CO2-equivalent,Transport
"Iran, Islamic Rep.",2002,88.77,Tonnes of CO2-equivalent,Transport
Iraq,2002,28.48,Tonnes of CO2-equivalent,Transport
Iceland,2002,0.66,Tonnes of CO2-equivalent,Transport
Israel,2002,14.16,Tonnes of CO2-equivalent,Transport
Italy,2002,123.72,Tonnes of CO2-equivalent,Transport
Jamaica,2002,2.14,Tonnes of CO2-equivalent,Transport
Jordan,2002,3.87,Tonnes of CO2-equivalent,Transport
Japan,2002,265.83,Tonnes of CO2-equivalent,Transport
Kazakhstan,2002,9.49,Tonnes of CO2-equivalent,Transport
Kenya,2002,2.87,Tonnes of CO2-equivalent,Transport
Kyrgyz Republic,2002,0.8,Tonnes of CO2-equivalent,Transport
Cambodia,2002,1.37,Tonnes of CO2-equivalent,Transport
Kiribati,2002,0.02,Tonnes of CO2-equivalent,Transport
St. Kitts and Nevis,2002,0.06,Tonnes of CO2-equivalent,Transport
"Korea, Rep.",2002,88.37,Tonnes of CO2-equivalent,Transport
Kuwait,2002,6.72,Tonnes of CO2-equivalent,Transport
Lao PDR,2002,0.91,Tonnes of CO2-equivalent,Transport
Lebanon,2002,3.88,Tonnes of CO2-equivalent,Transport
Liberia,2002,0.23,Tonnes of CO2-equivalent,Transport
Libya,2002,12.02,Tonnes of CO2-equivalent,Transport
St. Lucia,2002,0.16,Tonnes of CO2-equivalent,Transport
Sri Lanka,2002,5.43,Tonnes of CO2-equivalent,Transport
Lesotho,2002,0.28,Tonnes of CO2-equivalent,Transport
Lithuania,2002,3.54,Tonnes of CO2-equivalent,Transport
Luxembourg,2002,5.43,Tonnes of CO2-equivalent,Transport
Latvia,2002,2.68,Tonnes of CO2-equivalent,Transport
Morocco,2002,9.17,Tonnes of CO2-equivalent,Transport
Moldova,2002,1.0,Tonnes of CO2-equivalent,Transport
Madagascar,2002,0.61,Tonnes of CO2-equivalent,Transport
Maldives,2002,0.4,Tonnes of CO2-equivalent,Transport
Mexico,2002,113.12,Tonnes of CO2-equivalent,Transport
Marshall Islands,2002,0.04,Tonnes of CO2-equivalent,Transport
North Macedonia,2002,1.01,Tonnes of CO2-equivalent,Transport
Mali,2002,0.91,Tonnes of CO2-equivalent,Transport
Malta,2002,0.29,Tonnes of CO2-equivalent,Transport
Myanmar,2002,3.55,Tonnes of CO2-equivalent,Transport
Mongolia,2002,1.08,Tonnes of CO2-equivalent,Transport
Mozambique,2002,0.93,Tonnes of CO2-equivalent,Transport
Mauritania,2002,0.0,Tonnes of CO2-equivalent,Transport
Mauritius,2002,0.8,Tonnes of CO2-equivalent,Transport
Malawi,2002,0.42,Tonnes of CO2-equivalent,Transport
Malaysia,2002,36.76,Tonnes of CO2-equivalent,Transport
Namibia,2002,1.24,Tonnes of CO2-equivalent,Transport
Niger,2002,0.37,Tonnes of CO2-equivalent,Transport
Nigeria,2002,28.36,Tonnes of CO2-equivalent,Transport
Nicaragua,2002,1.56,Tonnes of CO2-equivalent,Transport
Niue,2002,0.0,Tonnes of CO2-equivalent,Transport
Netherlands,2002,33.93,Tonnes of CO2-equivalent,Transport
Norway,2002,12.54,Tonnes of CO2-equivalent,Transport
Nepal,2002,0.81,Tonnes of CO2-equivalent,Transport
Nauru,2002,0.02,Tonnes of CO2-equivalent,Transport
New Zealand,2002,12.97,Tonnes of CO2-equivalent,Transport
Oman,2002,2.9,Tonnes of CO2-equivalent,Transport
Pakistan,2002,26.48,Tonnes of CO2-equivalent,Transport
Panama,2002,2.42,Tonnes of CO2-equivalent,Transport
Peru,2002,9.13,Tonnes of CO2-equivalent,Transport
Philippines,2002,26.66,Tonnes of CO2-equivalent,Transport
Palau,2002,0.11,Tonnes of CO2-equivalent,Transport
Papua New Guinea,2002,0.94,Tonnes of CO2-equivalent,Transport
Poland,2002,26.62,Tonnes of CO2-equivalent,Transport
"Korea, Dem. People's Rep.",2002,1.61,Tonnes of CO2-equivalent,Transport
Portugal,2002,18.92,Tonnes of CO2-equivalent,Transport
Paraguay,2002,3.23,Tonnes of CO2-equivalent,Transport
Qatar,2002,2.98,Tonnes of CO2-equivalent,Transport
Romania,2002,12.13,Tonnes of CO2-equivalent,Transport
Russian Federation,2002,202.76,Tonnes of CO2-equivalent,Transport
Rwanda,2002,0.38,Tonnes of CO2-equivalent,Transport
Saudi Arabia,2002,68.12,Tonnes of CO2-equivalent,Transport
Sudan,2002,4.0,Tonnes of CO2-equivalent,Transport
Senegal,2002,1.3,Tonnes of CO2-equivalent,Transport
Singapore,2002,5.42,Tonnes of CO2-equivalent,Transport
Solomon Islands,2002,0.17,Tonnes of CO2-equivalent,Transport
Sierra Leone,2002,0.15,Tonnes of CO2-equivalent,Transport
El Salvador,2002,2.53,Tonnes of CO2-equivalent,Transport
Somalia,2002,0.14,Tonnes of CO2-equivalent,Transport
Serbia,2002,4.59,Tonnes of CO2-equivalent,Transport
Sao Tome and Principe,2002,0.03,Tonnes of CO2-equivalent,Transport
Suriname,2002,0.44,Tonnes of CO2-equivalent,Transport
Slovak Republic,2002,6.27,Tonnes of CO2-equivalent,Transport
Slovenia,2002,3.91,Tonnes of CO2-equivalent,Transport
Sweden,2002,21.94,Tonnes of CO2-equivalent,Transport
Eswatini,2002,0.46,Tonnes of CO2-equivalent,Transport
Seychelles,2002,0.09,Tonnes of CO2-equivalent,Transport
Syrian Arab Republic,2002,8.92,Tonnes of CO2-equivalent,Transport
Chad,2002,0.18,Tonnes of CO2-equivalent,Transport
Togo,2002,0.49,Tonnes of CO2-equivalent,Transport
Thailand,2002,50.23,Tonnes of CO2-equivalent,Transport
Tajikistan,2002,0.13,Tonnes of CO2-equivalent,Transport
Turkmenistan,2002,7.68,Tonnes of CO2-equivalent,Transport
Timor-Leste,2002,0.11,Tonnes of CO2-equivalent,Transport
Tonga,2002,0.07,Tonnes of CO2-equivalent,Transport
Trinidad and Tobago,2002,1.74,Tonnes of CO2-equivalent,Transport
Tunisia,2002,4.33,Tonnes of CO2-equivalent,Transport
Turkiye,2002,35.89,Tonnes of CO2-equivalent,Transport
Tuvalu,2002,0.01,Tonnes of CO2-equivalent,Transport
Tanzania,2002,2.24,Tonnes of CO2-equivalent,Transport
Uganda,2002,0.95,Tonnes of CO2-equivalent,Transport
Ukraine,2002,30.42,Tonnes of CO2-equivalent,Transport
Uruguay,2002,2.23,Tonnes of CO2-equivalent,Transport
United States,2002,1792.97,Tonnes of CO2-equivalent,Transport
Uzbekistan,2002,13.69,Tonnes of CO2-equivalent,Transport
St. Vincent and the Grenadines,2002,0.12,Tonnes of CO2-equivalent,Transport
"Venezuela, RB",2002,39.72,Tonnes of CO2-equivalent,Transport
Viet Nam,2002,14.18,Tonnes of CO2-equivalent,Transport
Vanuatu,2002,0.04,Tonnes of CO2-equivalent,Transport
World,2002,6107.31,Tonnes of CO2-equivalent,Transport
Samoa,2002,0.1,Tonnes of CO2-equivalent,Transport
"Yemen, Rep.",2002,4.38,Tonnes of CO2-equivalent,Transport
South Africa,2002,37.86,Tonnes of CO2-equivalent,Transport
Zambia,2002,0.83,Tonnes of CO2-equivalent,Transport
Zimbabwe,2002,1.71,Tonnes of CO2-equivalent,Transport
Afghanistan,2002,0.51,Tonnes of CO2-equivalent,Transport
Angola,2002,1.52,Tonnes of CO2-equivalent,Transport
Albania,2002,1.82,Tonnes of CO2-equivalent,Transport
United Arab Emirates,2002,19.24,Tonnes of CO2-equivalent,Transport
Argentina,2002,34.67,Tonnes of CO2-equivalent,Transport
Armenia,2002,0.56,Tonnes of CO2-equivalent,Transport
Antigua and Barbuda,2002,0.18,Tonnes of CO2-equivalent,Transport
Australia,2002,78.29,Tonnes of CO2-equivalent,Transport
Austria,2002,22.44,Tonnes of CO2-equivalent,Transport
Azerbaijan,2002,3.0,Tonnes of CO2-equivalent,Transport
Burundi,2002,0.17,Tonnes of CO2-equivalent,Transport
Belgium,2002,25.79,Tonnes of CO2-equivalent,Transport
Benin,2002,1.21,Tonnes of CO2-equivalent,Transport
Burkina Faso,2002,0.57,Tonnes of CO2-equivalent,Transport
Bangladesh,2002,4.0,Tonnes of CO2-equivalent,Transport
Bulgaria,2002,5.97,Tonnes of CO2-equivalent,Transport
Bahrain,2002,1.83,Tonnes of CO2-equivalent,Transport
"Bahamas, The",2002,0.18,Tonnes of CO2-equivalent,Transport
Bosnia and Herzegovina,2002,2.09,Tonnes of CO2-equivalent,Transport
Belarus,2002,6.83,Tonnes of CO2-equivalent,Transport
Belize,2002,0.23,Tonnes of CO2-equivalent,Transport
Bolivia,2002,2.8,Tonnes of CO2-equivalent,Transport
Brazil,2002,133.88,Tonnes of CO2-equivalent,Transport
Barbados,2002,0.37,Tonnes of CO2-equivalent,Transport
Brunei Darussalam,2002,0.91,Tonnes of CO2-equivalent,Transport
Bhutan,2002,0.14,Tonnes of CO2-equivalent,Transport
Botswana,2002,1.28,Tonnes of CO2-equivalent,Transport
Central African Republic,2002,0.13,Tonnes of CO2-equivalent,Transport
Canada,2002,164.17,Tonnes of CO2-equivalent,Transport
Switzerland,2002,16.75,Tonnes of CO2-equivalent,Transport
Chile,2002,16.97,Tonnes of CO2-equivalent,Transport
China,2002,283.95,Tonnes of CO2-equivalent,Transport
Cote d'Ivoire,2002,1.45,Tonnes of CO2-equivalent,Transport
Cameroon,2002,2.11,Tonnes of CO2-equivalent,Transport
"Congo, Dem. Rep.",2002,0.71,Tonnes of CO2-equivalent,Transport
"Congo, Rep.",2002,0.43,Tonnes of CO2-equivalent,Transport
Cook Islands,2002,0.02,Tonnes of CO2-equivalent,Transport
Colombia,2002,17.77,Tonnes of CO2-equivalent,Transport
Comoros,2002,0.07,Tonnes of CO2-equivalent,Transport
Cabo Verde,2002,0.18,Tonnes of CO2-equivalent,Transport
Costa Rica,2002,3.6,Tonnes of CO2-equivalent,Transport
Cuba,2002,2.12,Tonnes of CO2-equivalent,Transport
Cyprus,2002,1.82,Tonnes of CO2-equivalent,Transport
Czechia,2002,13.66,Tonnes of CO2-equivalent,Transport
Germany,2002,171.67,Tonnes of CO2-equivalent,Transport
Djibouti,2002,0.06,Tonnes of CO2-equivalent,Transport
Dominica,2002,0.06,Tonnes of CO2-equivalent,Transport
Denmark,2002,12.5,Tonnes of CO2-equivalent,Transport
Dominican Republic,2002,5.89,Tonnes of CO2-equivalent,Transport
Algeria,2002,19.77,Tonnes of CO2-equivalent,Transport
Ecuador,2002,9.04,Tonnes of CO2-equivalent,Transport
"Egypt, Arab Rep.",2002,29.64,Tonnes of CO2-equivalent,Transport
Eritrea,2002,0.28,Tonnes of CO2-equivalent,Transport
Spain,2002,98.62,Tonnes of CO2-equivalent,Transport
Estonia,2002,2.14,Tonnes of CO2-equivalent,Transport
Ethiopia,2002,2.12,Tonnes of CO2-equivalent,Transport
European Union,2002,810.54,Tonnes of CO2-equivalent,Transport
Finland,2002,12.37,Tonnes of CO2-equivalent,Transport
Fiji,2002,0.44,Tonnes of CO2-equivalent,Transport
France,2002,137.23,Tonnes of CO2-equivalent,Transport
"Micronesia, Fed. Sts.",2002,0.08,Tonnes of CO2-equivalent,Transport
Gabon,2002,0.4,Tonnes of CO2-equivalent,Transport
United Kingdom,2002,126.54,Tonnes of CO2-equivalent,Transport
Georgia,2002,1.25,Tonnes of CO2-equivalent,Transport
Ghana,2002,3.49,Tonnes of CO2-equivalent,Transport
Guinea,2002,0.54,Tonnes of CO2-equivalent,Transport
"Gambia, The",2002,0.12,Tonnes of CO2-equivalent,Transport
Guinea-Bissau,2002,0.03,Tonnes of CO2-equivalent,Transport
Equatorial Guinea,2002,0.3,Tonnes of CO2-equivalent,Transport
Greece,2002,20.55,Tonnes of CO2-equivalent,Transport
Grenada,2002,0.09,Tonnes of CO2-equivalent,Transport
Guatemala,2002,5.05,Tonnes of CO2-equivalent,Transport
Guyana,2002,0.56,Tonnes of CO2-equivalent,Transport
Honduras,2002,2.31,Tonnes of CO2-equivalent,Transport
Croatia,2002,4.81,Tonnes of CO2-equivalent,Transport
Haiti,2002,0.84,Tonnes of CO2-equivalent,Transport
Hungary,2002,10.22,Tonnes of CO2-equivalent,Transport
Indonesia,2002,69.62,Tonnes of CO2-equivalent,Transport
India,2002,100.37,Tonnes of CO2-equivalent,Transport
Ireland,2002,11.36,Tonnes of CO2-equivalent,Transport
"Iran, Islamic Rep.",2002,88.77,Tonnes of CO2-equivalent,Transport
Iraq,2002,28.48,Tonnes of CO2-equivalent,Transport
Iceland,2002,0.66,Tonnes of CO2-equivalent,Transport
Israel,2002,14.16,Tonnes of CO2-equivalent,Transport
Italy,2002,123.72,Tonnes of CO2-equivalent,Transport
Jamaica,2002,2.14,Tonnes of CO2-equivalent,Transport
Jordan,2002,3.87,Tonnes of CO2-equivalent,Transport
Japan,2002,265.83,Tonnes of CO2-equivalent,Transport
Kazakhstan,2002,9.49,Tonnes of CO2-equivalent,Transport
Kenya,2002,2.87,Tonnes of CO2-equivalent,Transport
Kyrgyz Republic,2002,0.8,Tonnes of CO2-equivalent,Transport
Cambodia,2002,1.37,Tonnes of CO2-equivalent,Transport
Kiribati,2002,0.02,Tonnes of CO2-equivalent,Transport
St. Kitts and Nevis,2002,0.06,Tonnes of CO2-equivalent,Transport
"Korea, Rep.",2002,88.37,Tonnes of CO2-equivalent,Transport
Kuwait,2002,6.72,Tonnes of CO2-equivalent,Transport
Lao PDR,2002,0.91,Tonnes of CO2-equivalent,Transport
Lebanon,2002,3.88,Tonnes of CO2-equivalent,Transport
Liberia,2002,0.23,Tonnes of CO2-equivalent,Transport
Libya,2002,12.02,Tonnes of CO2-equivalent,Transport
St. Lucia,2002,0.16,Tonnes of CO2-equivalent,Transport
Sri Lanka,2002,5.43,Tonnes of CO2-equivalent,Transport
Lesotho,2002,0.28,Tonnes of CO2-equivalent,Transport
Lithuania,2002,3.54,Tonnes of CO2-equivalent,Transport
Luxembourg,2002,5.43,Tonnes of CO2-equivalent,Transport
Latvia,2002,2.68,Tonnes of CO2-equivalent,Transport
Morocco,2002,9.17,Tonnes of CO2-equivalent,Transport
Moldova,2002,1.0,Tonnes of CO2-equivalent,Transport
Madagascar,2002,0.61,Tonnes of CO2-equivalent,Transport
Maldives,2002,0.4,Tonnes of CO2-equivalent,Transport
Mexico,2002,113.12,Tonnes of CO2-equivalent,Transport
Marshall Islands,2002,0.04,Tonnes of CO2-equivalent,Transport
North Macedonia,2002,1.01,Tonnes of CO2-equivalent,Transport
Mali,2002,0.91,Tonnes of CO2-equivalent,Transport
Malta,2002,0.29,Tonnes of CO2-equivalent,Transport
Myanmar,2002,3.55,Tonnes of CO2-equivalent,Transport
Mongolia,2002,1.08,Tonnes of CO2-equivalent,Transport
Mozambique,2002,0.93,Tonnes of CO2-equivalent,Transport
Mauritania,2002,0.0,Tonnes of CO2-equivalent,Transport
Mauritius,2002,0.8,Tonnes of CO2-equivalent,Transport
Malawi,2002,0.42,Tonnes of CO2-equivalent,Transport
Malaysia,2002,36.76,Tonnes of CO2-equivalent,Transport
Namibia,2002,1.24,Tonnes of CO2-equivalent,Transport
Niger,2002,0.37,Tonnes of CO2-equivalent,Transport
Nigeria,2002,28.36,Tonnes of CO2-equivalent,Transport
Nicaragua,2002,1.56,Tonnes of CO2-equivalent,Transport
Niue,2002,0.0,Tonnes of CO2-equivalent,Transport
Netherlands,2002,33.93,Tonnes of CO2-equivalent,Transport
Norway,2002,12.54,Tonnes of CO2-equivalent,Transport
Nepal,2002,0.81,Tonnes of CO2-equivalent,Transport
Nauru,2002,0.02,Tonnes of CO2-equivalent,Transport
New Zealand,2002,12.97,Tonnes of CO2-equivalent,Transport
Oman,2002,2.9,Tonnes of CO2-equivalent,Transport
Pakistan,2002,26.48,Tonnes of CO2-equivalent,Transport
Panama,2002,2.42,Tonnes of CO2-equivalent,Transport
Peru,2002,9.13,Tonnes of CO2-equivalent,Transport
Philippines,2002,26.66,Tonnes of CO2-equivalent,Transport
Palau,2002,0.11,Tonnes of CO2-equivalent,Transport
Papua New Guinea,2002,0.94,Tonnes of CO2-equivalent,Transport
Poland,2002,26.62,Tonnes of CO2-equivalent,Transport
"Korea, Dem. People's Rep.",2002,1.61,Tonnes of CO2-equivalent,Transport
Portugal,2002,18.92,Tonnes of CO2-equivalent,Transport
Paraguay,2002,3.23,Tonnes of CO2-equivalent,Transport
Qatar,2002,2.98,Tonnes of CO2-equivalent,Transport
Romania,2002,12.13,Tonnes of CO2-equivalent,Transport
Russian Federation,2002,202.76,Tonnes of CO2-equivalent,Transport
Rwanda,2002,0.38,Tonnes of CO2-equivalent,Transport
Saudi Arabia,2002,68.12,Tonnes of CO2-equivalent,Transport
Sudan,2002,4.0,Tonnes of CO2-equivalent,Transport
Senegal,2002,1.3,Tonnes of CO2-equivalent,Transport
Singapore,2002,5.42,Tonnes of CO2-equivalent,Transport
Solomon Islands,2002,0.17,Tonnes of CO2-equivalent,Transport
Sierra Leone,2002,0.15,Tonnes of CO2-equivalent,Transport
El Salvador,2002,2.53,Tonnes of CO2-equivalent,Transport
Somalia,2002,0.14,Tonnes of CO2-equivalent,Transport
Serbia,2002,4.59,Tonnes of CO2-equivalent,Transport
Sao Tome and Principe,2002,0.03,Tonnes of CO2-equivalent,Transport
Suriname,2002,0.44,Tonnes of CO2-equivalent,Transport
Slovak Republic,2002,6.27,Tonnes of CO2-equivalent,Transport
Slovenia,2002,3.91,Tonnes of CO2-equivalent,Transport
Sweden,2002,21.94,Tonnes of CO2-equivalent,Transport
Eswatini,2002,0.46,Tonnes of CO2-equivalent,Transport
Seychelles,2002,0.09,Tonnes of CO2-equivalent,Transport
Syrian Arab Republic,2002,8.92,Tonnes of CO2-equivalent,Transport
Chad,2002,0.18,Tonnes of CO2-equivalent,Transport
Togo,2002,0.49,Tonnes of CO2-equivalent,Transport
Thailand,2002,50.23,Tonnes of CO2-equivalent,Transport
Tajikistan,2002,0.13,Tonnes of CO2-equivalent,Transport
Turkmenistan,2002,7.68,Tonnes of CO2-equivalent,Transport
Timor-Leste,2002,0.11,Tonnes of CO2-equivalent,Transport
Tonga,2002,0.07,Tonnes of CO2-equivalent,Transport
Trinidad and Tobago,2002,1.74,Tonnes of CO2-equivalent,Transport
Tunisia,2002,4.33,Tonnes of CO2-equivalent,Transport
Turkiye,2002,35.89,Tonnes of CO2-equivalent,Transport
Tuvalu,2002,0.01,Tonnes of CO2-equivalent,Transport
Tanzania,2002,2.24,Tonnes of CO2-equivalent,Transport
Uganda,2002,0.95,Tonnes of CO2-equivalent,Transport
Ukraine,2002,30.42,Tonnes of CO2-equivalent,Transport
Uruguay,2002,2.23,Tonnes of CO2-equivalent,Transport
United States,2002,1792.97,Tonnes of CO2-equivalent,Transport
Uzbekistan,2002,13.69,Tonnes of CO2-equivalent,Transport
St. Vincent and the Grenadines,2002,0.12,Tonnes of CO2-equivalent,Transport
"Venezuela, RB",2002,39.72,Tonnes of CO2-equivalent,Transport
Viet Nam,2002,14.18,Tonnes of CO2-equivalent,Transport
Vanuatu,2002,0.04,Tonnes of CO2-equivalent,Transport
World,2002,6107.31,Tonnes of CO2-equivalent,Transport
Samoa,2002,0.1,Tonnes of CO2-equivalent,Transport
"Yemen, Rep.",2002,4.38,Tonnes of CO2-equivalent,Transport
South Africa,2002,37.86,Tonnes of CO2-equivalent,Transport
Zambia,2002,0.83,Tonnes of CO2-equivalent,Transport
Zimbabwe,2002,1.71,Tonnes of CO2-equivalent,Transport
Afghanistan,2001,0.51,Tonnes of CO2-equivalent,Transport
Angola,2001,1.23,Tonnes of CO2-equivalent,Transport
Albania,2001,1.59,Tonnes of CO2-equivalent,Transport
United Arab Emirates,2001,16.69,Tonnes of CO2-equivalent,Transport
Argentina,2001,37.51,Tonnes of CO2-equivalent,Transport
Armenia,2001,0.59,Tonnes of CO2-equivalent,Transport
Antigua and Barbuda,2001,0.18,Tonnes of CO2-equivalent,Transport
Australia,2001,76.54,Tonnes of CO2-equivalent,Transport
Austria,2001,20.5,Tonnes of CO2-equivalent,Transport
Azerbaijan,2001,2.67,Tonnes of CO2-equivalent,Transport
Burundi,2001,0.14,Tonnes of CO2-equivalent,Transport
Belgium,2001,25.85,Tonnes of CO2-equivalent,Transport
Benin,2001,1.02,Tonnes of CO2-equivalent,Transport
Burkina Faso,2001,0.56,Tonnes of CO2-equivalent,Transport
Bangladesh,2001,3.94,Tonnes of CO2-equivalent,Transport
Bulgaria,2001,5.74,Tonnes of CO2-equivalent,Transport
Bahrain,2001,1.64,Tonnes of CO2-equivalent,Transport
"Bahamas, The",2001,0.18,Tonnes of CO2-equivalent,Transport
Bosnia and Herzegovina,2001,2.18,Tonnes of CO2-equivalent,Transport
Belarus,2001,6.34,Tonnes of CO2-equivalent,Transport
Belize,2001,0.25,Tonnes of CO2-equivalent,Transport
Bolivia,2001,2.72,Tonnes of CO2-equivalent,Transport
Brazil,2001,131.73,Tonnes of CO2-equivalent,Transport
Barbados,2001,0.37,Tonnes of CO2-equivalent,Transport
Brunei Darussalam,2001,0.87,Tonnes of CO2-equivalent,Transport
Bhutan,2001,0.12,Tonnes of CO2-equivalent,Transport
Botswana,2001,1.35,Tonnes of CO2-equivalent,Transport
Central African Republic,2001,0.13,Tonnes of CO2-equivalent,Transport
Canada,2001,152.16,Tonnes of CO2-equivalent,Transport
Switzerland,2001,16.73,Tonnes of CO2-equivalent,Transport
Chile,2001,16.45,Tonnes of CO2-equivalent,Transport
China,2001,261.19,Tonnes of CO2-equivalent,Transport
Cote d'Ivoire,2001,1.29,Tonnes of CO2-equivalent,Transport
Cameroon,2001,1.91,Tonnes of CO2-equivalent,Transport
"Congo, Dem. Rep.",2001,0.66,Tonnes of CO2-equivalent,Transport
"Congo, Rep.",2001,0.56,Tonnes of CO2-equivalent,Transport
Cook Islands,2001,0.03,Tonnes of CO2-equivalent,Transport
Colombia,2001,20.0,Tonnes of CO2-equivalent,Transport
Comoros,2001,0.07,Tonnes of CO2-equivalent,Transport
Cabo Verde,2001,0.18,Tonnes of CO2-equivalent,Transport
Costa Rica,2001,3.25,Tonnes of CO2-equivalent,Transport
Cuba,2001,2.27,Tonnes of CO2-equivalent,Transport
Cyprus,2001,1.84,Tonnes of CO2-equivalent,Transport
Czechia,2001,13.11,Tonnes of CO2-equivalent,Transport
Germany,2001,174.13,Tonnes of CO2-equivalent,Transport
Djibouti,2001,0.07,Tonnes of CO2-equivalent,Transport
Dominica,2001,0.09,Tonnes of CO2-equivalent,Transport
Denmark,2001,12.35,Tonnes of CO2-equivalent,Transport
Dominican Republic,2001,5.49,Tonnes of CO2-equivalent,Transport
Algeria,2001,17.41,Tonnes of CO2-equivalent,Transport
Ecuador,2001,8.69,Tonnes of CO2-equivalent,Transport
"Egypt, Arab Rep.",2001,28.76,Tonnes of CO2-equivalent,Transport
Eritrea,2001,0.25,Tonnes of CO2-equivalent,Transport
Spain,2001,96.82,Tonnes of CO2-equivalent,Transport
Estonia,2001,2.03,Tonnes of CO2-equivalent,Transport
Ethiopia,2001,2.03,Tonnes of CO2-equivalent,Transport
European Union,2001,802.36,Tonnes of CO2-equivalent,Transport
Finland,2001,12.19,Tonnes of CO2-equivalent,Transport
Fiji,2001,0.56,Tonnes of CO2-equivalent,Transport
France,2001,137.33,Tonnes of CO2-equivalent,Transport
"Micronesia, Fed. Sts.",2001,0.1,Tonnes of CO2-equivalent,Transport
Gabon,2001,0.37,Tonnes of CO2-equivalent,Transport
United Kingdom,2001,125.25,Tonnes of CO2-equivalent,Transport
Georgia,2001,1.19,Tonnes of CO2-equivalent,Transport
Ghana,2001,3.01,Tonnes of CO2-equivalent,Transport
Guinea,2001,0.5,Tonnes of CO2-equivalent,Transport
"Gambia, The",2001,0.11,Tonnes of CO2-equivalent,Transport
Guinea-Bissau,2001,0.02,Tonnes of CO2-equivalent,Transport
Equatorial Guinea,2001,0.22,Tonnes of CO2-equivalent,Transport
Greece,2001,20.27,Tonnes of CO2-equivalent,Transport
Grenada,2001,0.08,Tonnes of CO2-equivalent,Transport
Guatemala,2001,4.64,Tonnes of CO2-equivalent,Transport
Guyana,2001,0.58,Tonnes of CO2-equivalent,Transport
Honduras,2001,2.31,Tonnes of CO2-equivalent,Transport
Croatia,2001,4.5,Tonnes of CO2-equivalent,Transport
Haiti,2001,0.8,Tonnes of CO2-equivalent,Transport
Hungary,2001,9.6,Tonnes of CO2-equivalent,Transport
Indonesia,2001,68.34,Tonnes of CO2-equivalent,Transport
India,2001,97.43,Tonnes of CO2-equivalent,Transport
Ireland,2001,11.16,Tonnes of CO2-equivalent,Transport
"Iran, Islamic Rep.",2001,82.34,Tonnes of CO2-equivalent,Transport
Iraq,2001,29.55,Tonnes of CO2-equivalent,Transport
Iceland,2001,0.66,Tonnes of CO2-equivalent,Transport
Israel,2001,13.61,Tonnes of CO2-equivalent,Transport
Italy,2001,121.44,Tonnes of CO2-equivalent,Transport
Jamaica,2001,1.94,Tonnes of CO2-equivalent,Transport
Jordan,2001,3.8,Tonnes of CO2-equivalent,Transport
Japan,2001,270.41,Tonnes of CO2-equivalent,Transport
Kazakhstan,2001,8.53,Tonnes of CO2-equivalent,Transport
Kenya,2001,2.74,Tonnes of CO2-equivalent,Transport
Kyrgyz Republic,2001,0.91,Tonnes of CO2-equivalent,Transport
Cambodia,2001,1.56,Tonnes of CO2-equivalent,Transport
Kiribati,2001,0.02,Tonnes of CO2-equivalent,Transport
St. Kitts and Nevis,2001,0.05,Tonnes of CO2-equivalent,Transport
"Korea, Rep.",2001,82.86,Tonnes of CO2-equivalent,Transport
Kuwait,2001,6.33,Tonnes of CO2-equivalent,Transport
Lao PDR,2001,0.89,Tonnes of CO2-equivalent,Transport
Lebanon,2001,3.87,Tonnes of CO2-equivalent,Transport
Liberia,2001,0.19,Tonnes of CO2-equivalent,Transport
Libya,2001,11.79,Tonnes of CO2-equivalent,Transport
St. Lucia,2001,0.17,Tonnes of CO2-equivalent,Transport
Sri Lanka,2001,5.32,Tonnes of CO2-equivalent,Transport
Lesotho,2001,0.27,Tonnes of CO2-equivalent,Transport
Lithuania,2001,3.42,Tonnes of CO2-equivalent,Transport
Luxembourg,2001,5.22,Tonnes of CO2-equivalent,Transport
Latvia,2001,2.6,Tonnes of CO2-equivalent,Transport
Morocco,2001,8.75,Tonnes of CO2-equivalent,Transport
Moldova,2001,0.73,Tonnes of CO2-equivalent,Transport
Madagascar,2001,0.89,Tonnes of CO2-equivalent,Transport
Maldives,2001,0.31,Tonnes of CO2-equivalent,Transport
Mexico,2001,111.14,Tonnes of CO2-equivalent,Transport
Marshall Islands,2001,0.04,Tonnes of CO2-equivalent,Transport
North Macedonia,2001,0.97,Tonnes of CO2-equivalent,Transport
Mali,2001,0.92,Tonnes of CO2-equivalent,Transport
Malta,2001,0.44,Tonnes of CO2-equivalent,Transport
Myanmar,2001,2.89,Tonnes of CO2-equivalent,Transport
Mongolia,2001,0.97,Tonnes of CO2-equivalent,Transport
Mozambique,2001,0.86,Tonnes of CO2-equivalent,Transport
Mauritania,2001,0.0,Tonnes of CO2-equivalent,Transport
Mauritius,2001,0.77,Tonnes of CO2-equivalent,Transport
Malawi,2001,0.4,Tonnes of CO2-equivalent,Transport
Malaysia,2001,35.89,Tonnes of CO2-equivalent,Transport
Namibia,2001,1.41,Tonnes of CO2-equivalent,Transport
Niger,2001,0.37,Tonnes of CO2-equivalent,Transport
Nigeria,2001,27.37,Tonnes of CO2-equivalent,Transport
Nicaragua,2001,1.5,Tonnes of CO2-equivalent,Transport
Niue,2001,0.0,Tonnes of CO2-equivalent,Transport
Netherlands,2001,33.16,Tonnes of CO2-equivalent,Transport
Norway,2001,12.54,Tonnes of CO2-equivalent,Transport
Nepal,2001,0.77,Tonnes of CO2-equivalent,Transport
Nauru,2001,0.02,Tonnes of CO2-equivalent,Transport
New Zealand,2001,12.48,Tonnes of CO2-equivalent,Transport
Oman,2001,2.97,Tonnes of CO2-equivalent,Transport
Pakistan,2001,26.12,Tonnes of CO2-equivalent,Transport
Panama,2001,2.29,Tonnes of CO2-equivalent,Transport
Peru,2001,9.26,Tonnes of CO2-equivalent,Transport
Philippines,2001,25.71,Tonnes of CO2-equivalent,Transport
Palau,2001,0.11,Tonnes of CO2-equivalent,Transport
Papua New Guinea,2001,0.89,Tonnes of CO2-equivalent,Transport
Poland,2001,27.56,Tonnes of CO2-equivalent,Transport
"Korea, Dem. People's Rep.",2001,1.61,Tonnes of CO2-equivalent,Transport
Portugal,2001,18.27,Tonnes of CO2-equivalent,Transport
Paraguay,2001,3.05,Tonnes of CO2-equivalent,Transport
Qatar,2001,2.69,Tonnes of CO2-equivalent,Transport
Romania,2001,11.88,Tonnes of CO2-equivalent,Transport
Russian Federation,2001,199.69,Tonnes of CO2-equivalent,Transport
Rwanda,2001,0.31,Tonnes of CO2-equivalent,Transport
Saudi Arabia,2001,64.34,Tonnes of CO2-equivalent,Transport
Sudan,2001,3.5,Tonnes of CO2-equivalent,Transport
Senegal,2001,1.19,Tonnes of CO2-equivalent,Transport
Singapore,2001,5.44,Tonnes of CO2-equivalent,Transport
Solomon Islands,2001,0.16,Tonnes of CO2-equivalent,Transport
Sierra Leone,2001,0.12,Tonnes of CO2-equivalent,Transport
El Salvador,2001,2.6,Tonnes of CO2-equivalent,Transport
Somalia,2001,0.14,Tonnes of CO2-equivalent,Transport
Serbia,2001,3.78,Tonnes of CO2-equivalent,Transport
Sao Tome and Principe,2001,0.02,Tonnes of CO2-equivalent,Transport
Suriname,2001,0.3,Tonnes of CO2-equivalent,Transport
Slovak Republic,2001,5.46,Tonnes of CO2-equivalent,Transport
Slovenia,2001,3.8,Tonnes of CO2-equivalent,Transport
Sweden,2001,21.71,Tonnes of CO2-equivalent,Transport
Eswatini,2001,0.45,Tonnes of CO2-equivalent,Transport
Seychelles,2001,0.09,Tonnes of CO2-equivalent,Transport
Syrian Arab Republic,2001,8.22,Tonnes of CO2-equivalent,Transport
Chad,2001,0.15,Tonnes of CO2-equivalent,Transport
Togo,2001,0.3,Tonnes of CO2-equivalent,Transport
Thailand,2001,47.49,Tonnes of CO2-equivalent,Transport
Tajikistan,2001,0.09,Tonnes of CO2-equivalent,Transport
Turkmenistan,2001,6.72,Tonnes of CO2-equivalent,Transport
Timor-Leste,2001,0.0,Tonnes of CO2-equivalent,Transport
Tonga,2001,0.06,Tonnes of CO2-equivalent,Transport
Trinidad and Tobago,2001,1.68,Tonnes of CO2-equivalent,Transport
Tunisia,2001,4.22,Tonnes of CO2-equivalent,Transport
Turkiye,2001,34.1,Tonnes of CO2-equivalent,Transport
Tuvalu,2001,0.0,Tonnes of CO2-equivalent,Transport
Tanzania,2001,1.79,Tonnes of CO2-equivalent,Transport
Uganda,2001,0.94,Tonnes of CO2-equivalent,Transport
Ukraine,2001,29.15,Tonnes of CO2-equivalent,Transport
Uruguay,2001,2.47,Tonnes of CO2-equivalent,Transport
United States,2001,1770.17,Tonnes of CO2-equivalent,Transport
Uzbekistan,2001,14.19,Tonnes of CO2-equivalent,Transport
St. Vincent and the Grenadines,2001,0.11,Tonnes of CO2-equivalent,Transport
"Venezuela, RB",2001,37.37,Tonnes of CO2-equivalent,Transport
Viet Nam,2001,11.56,Tonnes of CO2-equivalent,Transport
Vanuatu,2001,0.05,Tonnes of CO2-equivalent,Transport
World,2001,5951.27,Tonnes of CO2-equivalent,Transport
Samoa,2001,0.09,Tonnes of CO2-equivalent,Transport
"Yemen, Rep.",2001,4.99,Tonnes of CO2-equivalent,Transport
South Africa,2001,37.05,Tonnes of CO2-equivalent,Transport
Zambia,2001,0.8,Tonnes of CO2-equivalent,Transport
Zimbabwe,2001,1.85,Tonnes of CO2-equivalent,Transport
Afghanistan,2001,0.51,Tonnes of CO2-equivalent,Transport
Angola,2001,1.23,Tonnes of CO2-equivalent,Transport
Albania,2001,1.59,Tonnes of CO2-equivalent,Transport
United Arab Emirates,2001,16.69,Tonnes of CO2-equivalent,Transport
Argentina,2001,37.51,Tonnes of CO2-equivalent,Transport
Armenia,2001,0.59,Tonnes of CO2-equivalent,Transport
Antigua and Barbuda,2001,0.18,Tonnes of CO2-equivalent,Transport
Australia,2001,76.54,Tonnes of CO2-equivalent,Transport
Austria,2001,20.5,Tonnes of CO2-equivalent,Transport
Azerbaijan,2001,2.67,Tonnes of CO2-equivalent,Transport
Burundi,2001,0.14,Tonnes of CO2-equivalent,Transport
Belgium,2001,25.85,Tonnes of CO2-equivalent,Transport
Benin,2001,1.02,Tonnes of CO2-equivalent,Transport
Burkina Faso,2001,0.56,Tonnes of CO2-equivalent,Transport
Bangladesh,2001,3.94,Tonnes of CO2-equivalent,Transport
Bulgaria,2001,5.74,Tonnes of CO2-equivalent,Transport
Bahrain,2001,1.64,Tonnes of CO2-equivalent,Transport
"Bahamas, The",2001,0.18,Tonnes of CO2-equivalent,Transport
Bosnia and Herzegovina,2001,2.18,Tonnes of CO2-equivalent,Transport
Belarus,2001,6.34,Tonnes of CO2-equivalent,Transport
Belize,2001,0.25,Tonnes of CO2-equivalent,Transport
Bolivia,2001,2.72,Tonnes of CO2-equivalent,Transport
Brazil,2001,131.73,Tonnes of CO2-equivalent,Transport
Barbados,2001,0.37,Tonnes of CO2-equivalent,Transport
Brunei Darussalam,2001,0.87,Tonnes of CO2-equivalent,Transport
Bhutan,2001,0.12,Tonnes of CO2-equivalent,Transport
Botswana,2001,1.35,Tonnes of CO2-equivalent,Transport
Central African Republic,2001,0.13,Tonnes of CO2-equivalent,Transport
Canada,2001,152.16,Tonnes of CO2-equivalent,Transport
Switzerland,2001,16.73,Tonnes of CO2-equivalent,Transport
Chile,2001,16.45,Tonnes of CO2-equivalent,Transport
China,2001,261.19,Tonnes of CO2-equivalent,Transport
Cote d'Ivoire,2001,1.29,Tonnes of CO2-equivalent,Transport
Cameroon,2001,1.91,Tonnes of CO2-equivalent,Transport
"Congo, Dem. Rep.",2001,0.66,Tonnes of CO2-equivalent,Transport
"Congo, Rep.",2001,0.56,Tonnes of CO2-equivalent,Transport
Cook Islands,2001,0.03,Tonnes of CO2-equivalent,Transport
Colombia,2001,20.0,Tonnes of CO2-equivalent,Transport
Comoros,2001,0.07,Tonnes of CO2-equivalent,Transport
Cabo Verde,2001,0.18,Tonnes of CO2-equivalent,Transport
Costa Rica,2001,3.25,Tonnes of CO2-equivalent,Transport
Cuba,2001,2.27,Tonnes of CO2-equivalent,Transport
Cyprus,2001,1.84,Tonnes of CO2-equivalent,Transport
Czechia,2001,13.11,Tonnes of CO2-equivalent,Transport
Germany,2001,174.13,Tonnes of CO2-equivalent,Transport
Djibouti,2001,0.07,Tonnes of CO2-equivalent,Transport
Dominica,2001,0.09,Tonnes of CO2-equivalent,Transport
Denmark,2001,12.35,Tonnes of CO2-equivalent,Transport
Dominican Republic,2001,5.49,Tonnes of CO2-equivalent,Transport
Algeria,2001,17.41,Tonnes of CO2-equivalent,Transport
Ecuador,2001,8.69,Tonnes of CO2-equivalent,Transport
"Egypt, Arab Rep.",2001,28.76,Tonnes of CO2-equivalent,Transport
Eritrea,2001,0.25,Tonnes of CO2-equivalent,Transport
Spain,2001,96.82,Tonnes of CO2-equivalent,Transport
Estonia,2001,2.03,Tonnes of CO2-equivalent,Transport
Ethiopia,2001,2.03,Tonnes of CO2-equivalent,Transport
European Union,2001,802.36,Tonnes of CO2-equivalent,Transport
Finland,2001,12.19,Tonnes of CO2-equivalent,Transport
Fiji,2001,0.56,Tonnes of CO2-equivalent,Transport
France,2001,137.33,Tonnes of CO2-equivalent,Transport
"Micronesia, Fed. Sts.",2001,0.1,Tonnes of CO2-equivalent,Transport
Gabon,2001,0.37,Tonnes of CO2-equivalent,Transport
United Kingdom,2001,125.25,Tonnes of CO2-equivalent,Transport
Georgia,2001,1.19,Tonnes of CO2-equivalent,Transport
Ghana,2001,3.01,Tonnes of CO2-equivalent,Transport
Guinea,2001,0.5,Tonnes of CO2-equivalent,Transport
"Gambia, The",2001,0.11,Tonnes of CO2-equivalent,Transport
Guinea-Bissau,2001,0.02,Tonnes of CO2-equivalent,Transport
Equatorial Guinea,2001,0.22,Tonnes of CO2-equivalent,Transport
Greece,2001,20.27,Tonnes of CO2-equivalent,Transport
Grenada,2001,0.08,Tonnes of CO2-equivalent,Transport
Guatemala,2001,4.64,Tonnes of CO2-equivalent,Transport
Guyana,2001,0.58,Tonnes of CO2-equivalent,Transport
Honduras,2001,2.31,Tonnes of CO2-equivalent,Transport
Croatia,2001,4.5,Tonnes of CO2-equivalent,Transport
Haiti,2001,0.8,Tonnes of CO2-equivalent,Transport
Hungary,2001,9.6,Tonnes of CO2-equivalent,Transport
Indonesia,2001,68.34,Tonnes of CO2-equivalent,Transport
India,2001,97.43,Tonnes of CO2-equivalent,Transport
Ireland,2001,11.16,Tonnes of CO2-equivalent,Transport
"Iran, Islamic Rep.",2001,82.34,Tonnes of CO2-equivalent,Transport
Iraq,2001,29.55,Tonnes of CO2-equivalent,Transport
Iceland,2001,0.66,Tonnes of CO2-equivalent,Transport
Israel,2001,13.61,Tonnes of CO2-equivalent,Transport
Italy,2001,121.44,Tonnes of CO2-equivalent,Transport
Jamaica,2001,1.94,Tonnes of CO2-equivalent,Transport
Jordan,2001,3.8,Tonnes of CO2-equivalent,Transport
Japan,2001,270.41,Tonnes of CO2-equivalent,Transport
Kazakhstan,2001,8.53,Tonnes of CO2-equivalent,Transport
Kenya,2001,2.74,Tonnes of CO2-equivalent,Transport
Kyrgyz Republic,2001,0.91,Tonnes of CO2-equivalent,Transport
Cambodia,2001,1.56,Tonnes of CO2-equivalent,Transport
Kiribati,2001,0.02,Tonnes of CO2-equivalent,Transport
St. Kitts and Nevis,2001,0.05,Tonnes of CO2-equivalent,Transport
"Korea, Rep.",2001,82.86,Tonnes of CO2-equivalent,Transport
Kuwait,2001,6.33,Tonnes of CO2-equivalent,Transport
Lao PDR,2001,0.89,Tonnes of CO2-equivalent,Transport
Lebanon,2001,3.87,Tonnes of CO2-equivalent,Transport
Liberia,2001,0.19,Tonnes of CO2-equivalent,Transport
Libya,2001,11.79,Tonnes of CO2-equivalent,Transport
St. Lucia,2001,0.17,Tonnes of CO2-equivalent,Transport
Sri Lanka,2001,5.32,Tonnes of CO2-equivalent,Transport
Lesotho,2001,0.27,Tonnes of CO2-equivalent,Transport
Lithuania,2001,3.42,Tonnes of CO2-equivalent,Transport
Luxembourg,2001,5.22,Tonnes of CO2-equivalent,Transport
Latvia,2001,2.6,Tonnes of CO2-equivalent,Transport
Morocco,2001,8.75,Tonnes of CO2-equivalent,Transport
Moldova,2001,0.73,Tonnes of CO2-equivalent,Transport
Madagascar,2001,0.89,Tonnes of CO2-equivalent,Transport
Maldives,2001,0.31,Tonnes of CO2-equivalent,Transport
Mexico,2001,111.14,Tonnes of CO2-equivalent,Transport
Marshall Islands,2001,0.04,Tonnes of CO2-equivalent,Transport
North Macedonia,2001,0.97,Tonnes of CO2-equivalent,Transport
Mali,2001,0.92,Tonnes of CO2-equivalent,Transport
Malta,2001,0.44,Tonnes of CO2-equivalent,Transport
Myanmar,2001,2.89,Tonnes of CO2-equivalent,Transport
Mongolia,2001,0.97,Tonnes of CO2-equivalent,Transport
Mozambique,2001,0.86,Tonnes of CO2-equivalent,Transport
Mauritania,2001,0.0,Tonnes of CO2-equivalent,Transport
Mauritius,2001,0.77,Tonnes of CO2-equivalent,Transport
Malawi,2001,0.4,Tonnes of CO2-equivalent,Transport
Malaysia,2001,35.89,Tonnes of CO2-equivalent,Transport
Namibia,2001,1.41,Tonnes of CO2-equivalent,Transport
Niger,2001,0.37,Tonnes of CO2-equivalent,Transport
Nigeria,2001,27.37,Tonnes of CO2-equivalent,Transport
Nicaragua,2001,1.5,Tonnes of CO2-equivalent,Transport
Niue,2001,0.0,Tonnes of CO2-equivalent,Transport
Netherlands,2001,33.16,Tonnes of CO2-equivalent,Transport
Norway,2001,12.54,Tonnes of CO2-equivalent,Transport
Nepal,2001,0.77,Tonnes of CO2-equivalent,Transport
Nauru,2001,0.02,Tonnes of CO2-equivalent,Transport
New Zealand,2001,12.48,Tonnes of CO2-equivalent,Transport
Oman,2001,2.97,Tonnes of CO2-equivalent,Transport
Pakistan,2001,26.12,Tonnes of CO2-equivalent,Transport
Panama,2001,2.29,Tonnes of CO2-equivalent,Transport
Peru,2001,9.26,Tonnes of CO2-equivalent,Transport
Philippines,2001,25.71,Tonnes of CO2-equivalent,Transport
Palau,2001,0.11,Tonnes of CO2-equivalent,Transport
Papua New Guinea,2001,0.89,Tonnes of CO2-equivalent,Transport
Poland,2001,27.56,Tonnes of CO2-equivalent,Transport
"Korea, Dem. People's Rep.",2001,1.61,Tonnes of CO2-equivalent,Transport
Portugal,2001,18.27,Tonnes of CO2-equivalent,Transport
Paraguay,2001,3.05,Tonnes of CO2-equivalent,Transport
Qatar,2001,2.69,Tonnes of CO2-equivalent,Transport
Romania,2001,11.88,Tonnes of CO2-equivalent,Transport
Russian Federation,2001,199.69,Tonnes of CO2-equivalent,Transport
Rwanda,2001,0.31,Tonnes of CO2-equivalent,Transport
Saudi Arabia,2001,64.34,Tonnes of CO2-equivalent,Transport
Sudan,2001,3.5,Tonnes of CO2-equivalent,Transport
Senegal,2001,1.19,Tonnes of CO2-equivalent,Transport
Singapore,2001,5.44,Tonnes of CO2-equivalent,Transport
Solomon Islands,2001,0.16,Tonnes of CO2-equivalent,Transport
Sierra Leone,2001,0.12,Tonnes of CO2-equivalent,Transport
El Salvador,2001,2.6,Tonnes of CO2-equivalent,Transport
Somalia,2001,0.14,Tonnes of CO2-equivalent,Transport
Serbia,2001,3.78,Tonnes of CO2-equivalent,Transport
Sao Tome and Principe,2001,0.02,Tonnes of CO2-equivalent,Transport
Suriname,2001,0.3,Tonnes of CO2-equivalent,Transport
Slovak Republic,2001,5.46,Tonnes of CO2-equivalent,Transport
Slovenia,2001,3.8,Tonnes of CO2-equivalent,Transport
Sweden,2001,21.71,Tonnes of CO2-equivalent,Transport
Eswatini,2001,0.45,Tonnes of CO2-equivalent,Transport
Seychelles,2001,0.09,Tonnes of CO2-equivalent,Transport
Syrian Arab Republic,2001,8.22,Tonnes of CO2-equivalent,Transport
Chad,2001,0.15,Tonnes of CO2-equivalent,Transport
Togo,2001,0.3,Tonnes of CO2-equivalent,Transport
Thailand,2001,47.49,Tonnes of CO2-equivalent,Transport
Tajikistan,2001,0.09,Tonnes of CO2-equivalent,Transport
Turkmenistan,2001,6.72,Tonnes of CO2-equivalent,Transport
Timor-Leste,2001,0.0,Tonnes of CO2-equivalent,Transport
Tonga,2001,0.06,Tonnes of CO2-equivalent,Transport
Trinidad and Tobago,2001,1.68,Tonnes of CO2-equivalent,Transport
Tunisia,2001,4.22,Tonnes of CO2-equivalent,Transport
Turkiye,2001,34.1,Tonnes of CO2-equivalent,Transport
Tuvalu,2001,0.0,Tonnes of CO2-equivalent,Transport
Tanzania,2001,1.79,Tonnes of CO2-equivalent,Transport
Uganda,2001,0.94,Tonnes of CO2-equivalent,Transport
Ukraine,2001,29.15,Tonnes of CO2-equivalent,Transport
Uruguay,2001,2.47,Tonnes of CO2-equivalent,Transport
United States,2001,1770.17,Tonnes of CO2-equivalent,Transport
Uzbekistan,2001,14.19,Tonnes of CO2-equivalent,Transport
St. Vincent and the Grenadines,2001,0.11,Tonnes of CO2-equivalent,Transport
"Venezuela, RB",2001,37.37,Tonnes of CO2-equivalent,Transport
Viet Nam,2001,11.56,Tonnes of CO2-equivalent,Transport
Vanuatu,2001,0.05,Tonnes of CO2-equivalent,Transport
World,2001,5951.27,Tonnes of CO2-equivalent,Transport
Samoa,2001,0.09,Tonnes of CO2-equivalent,Transport
"Yemen, Rep.",2001,4.99,Tonnes of CO2-equivalent,Transport
South Africa,2001,37.05,Tonnes of CO2-equivalent,Transport
Zambia,2001,0.8,Tonnes of CO2-equivalent,Transport
Zimbabwe,2001,1.85,Tonnes of CO2-equivalent,Transport
Afghanistan,2000,0.51,Tonnes of CO2-equivalent,Transport
Angola,2000,1.1,Tonnes of CO2-equivalent,Transport
Albania,2000,1.51,Tonnes of CO2-equivalent,Transport
United Arab Emirates,2000,15.21,Tonnes of CO2-equivalent,Transport
Argentina,2000,40.78,Tonnes of CO2-equivalent,Transport
Armenia,2000,0.59,Tonnes of CO2-equivalent,Transport
Antigua and Barbuda,2000,0.17,Tonnes of CO2-equivalent,Transport
Australia,2000,77.18,Tonnes of CO2-equivalent,Transport
Austria,2000,18.99,Tonnes of CO2-equivalent,Transport
Azerbaijan,2000,2.42,Tonnes of CO2-equivalent,Transport
Burundi,2000,0.19,Tonnes of CO2-equivalent,Transport
Belgium,2000,25.03,Tonnes of CO2-equivalent,Transport
Benin,2000,0.95,Tonnes of CO2-equivalent,Transport
Burkina Faso,2000,0.53,Tonnes of CO2-equivalent,Transport
Bangladesh,2000,3.14,Tonnes of CO2-equivalent,Transport
Bulgaria,2000,5.57,Tonnes of CO2-equivalent,Transport
Bahrain,2000,1.57,Tonnes of CO2-equivalent,Transport
"Bahamas, The",2000,0.18,Tonnes of CO2-equivalent,Transport
Bosnia and Herzegovina,2000,2.14,Tonnes of CO2-equivalent,Transport
Belarus,2000,6.68,Tonnes of CO2-equivalent,Transport
Belize,2000,0.27,Tonnes of CO2-equivalent,Transport
Bolivia,2000,2.71,Tonnes of CO2-equivalent,Transport
Brazil,2000,129.11,Tonnes of CO2-equivalent,Transport
Barbados,2000,0.37,Tonnes of CO2-equivalent,Transport
Brunei Darussalam,2000,0.83,Tonnes of CO2-equivalent,Transport
Bhutan,2000,0.11,Tonnes of CO2-equivalent,Transport
Botswana,2000,1.26,Tonnes of CO2-equivalent,Transport
Central African Republic,2000,0.13,Tonnes of CO2-equivalent,Transport
Canada,2000,154.34,Tonnes of CO2-equivalent,Transport
Switzerland,2000,17.04,Tonnes of CO2-equivalent,Transport
Chile,2000,17.4,Tonnes of CO2-equivalent,Transport
China,2000,255.21,Tonnes of CO2-equivalent,Transport
Cote d'Ivoire,2000,1.32,Tonnes of CO2-equivalent,Transport
Cameroon,2000,1.9,Tonnes of CO2-equivalent,Transport
"Congo, Dem. Rep.",2000,0.81,Tonnes of CO2-equivalent,Transport
"Congo, Rep.",2000,0.43,Tonnes of CO2-equivalent,Transport
Cook Islands,2000,0.04,Tonnes of CO2-equivalent,Transport
Colombia,2000,19.11,Tonnes of CO2-equivalent,Transport
Comoros,2000,0.07,Tonnes of CO2-equivalent,Transport
Cabo Verde,2000,0.15,Tonnes of CO2-equivalent,Transport
Costa Rica,2000,3.05,Tonnes of CO2-equivalent,Transport
Cuba,2000,2.22,Tonnes of CO2-equivalent,Transport
Cyprus,2000,1.78,Tonnes of CO2-equivalent,Transport
Czechia,2000,12.22,Tonnes of CO2-equivalent,Transport
Germany,2000,178.16,Tonnes of CO2-equivalent,Transport
Djibouti,2000,0.07,Tonnes of CO2-equivalent,Transport
Dominica,2000,0.08,Tonnes of CO2-equivalent,Transport
Denmark,2000,12.26,Tonnes of CO2-equivalent,Transport
Dominican Republic,2000,5.48,Tonnes of CO2-equivalent,Transport
Algeria,2000,17.22,Tonnes of CO2-equivalent,Transport
Ecuador,2000,8.18,Tonnes of CO2-equivalent,Transport
"Egypt, Arab Rep.",2000,29.85,Tonnes of CO2-equivalent,Transport
Eritrea,2000,0.21,Tonnes of CO2-equivalent,Transport
Spain,2000,92.56,Tonnes of CO2-equivalent,Transport
Estonia,2000,1.7,Tonnes of CO2-equivalent,Transport
Ethiopia,2000,1.63,Tonnes of CO2-equivalent,Transport
European Union,2000,787.8,Tonnes of CO2-equivalent,Transport
Finland,2000,12.04,Tonnes of CO2-equivalent,Transport
Fiji,2000,0.46,Tonnes of CO2-equivalent,Transport
France,2000,135.61,Tonnes of CO2-equivalent,Transport
"Micronesia, Fed. Sts.",2000,0.11,Tonnes of CO2-equivalent,Transport
Gabon,2000,0.33,Tonnes of CO2-equivalent,Transport
United Kingdom,2000,126.34,Tonnes of CO2-equivalent,Transport
Georgia,2000,0.98,Tonnes of CO2-equivalent,Transport
Ghana,2000,3.02,Tonnes of CO2-equivalent,Transport
Guinea,2000,0.47,Tonnes of CO2-equivalent,Transport
"Gambia, The",2000,0.09,Tonnes of CO2-equivalent,Transport
Guinea-Bissau,2000,0.02,Tonnes of CO2-equivalent,Transport
Equatorial Guinea,2000,0.19,Tonnes of CO2-equivalent,Transport
Greece,2000,19.56,Tonnes of CO2-equivalent,Transport
Grenada,2000,0.08,Tonnes of CO2-equivalent,Transport
Guatemala,2000,3.97,Tonnes of CO2-equivalent,Transport
Guyana,2000,0.56,Tonnes of CO2-equivalent,Transport
Honduras,2000,2.17,Tonnes of CO2-equivalent,Transport
Croatia,2000,4.44,Tonnes of CO2-equivalent,Transport
Haiti,2000,0.73,Tonnes of CO2-equivalent,Transport
Hungary,2000,9.12,Tonnes of CO2-equivalent,Transport
Indonesia,2000,64.19,Tonnes of CO2-equivalent,Transport
India,2000,97.52,Tonnes of CO2-equivalent,Transport
Ireland,2000,10.66,Tonnes of CO2-equivalent,Transport
"Iran, Islamic Rep.",2000,78.4,Tonnes of CO2-equivalent,Transport
Iraq,2000,27.03,Tonnes of CO2-equivalent,Transport
Iceland,2000,0.65,Tonnes of CO2-equivalent,Transport
Israel,2000,13.71,Tonnes of CO2-equivalent,Transport
Italy,2000,119.3,Tonnes of CO2-equivalent,Transport
Jamaica,2000,1.99,Tonnes of CO2-equivalent,Transport
Jordan,2000,3.69,Tonnes of CO2-equivalent,Transport
Japan,2000,268.24,Tonnes of CO2-equivalent,Transport
Kazakhstan,2000,9.75,Tonnes of CO2-equivalent,Transport
Kenya,2000,2.78,Tonnes of CO2-equivalent,Transport
Kyrgyz Republic,2000,0.87,Tonnes of CO2-equivalent,Transport
Cambodia,2000,1.36,Tonnes of CO2-equivalent,Transport
Kiribati,2000,0.02,Tonnes of CO2-equivalent,Transport
St. Kitts and Nevis,2000,0.05,Tonnes of CO2-equivalent,Transport
"Korea, Rep.",2000,79.58,Tonnes of CO2-equivalent,Transport
Kuwait,2000,6.22,Tonnes of CO2-equivalent,Transport
Lao PDR,2000,0.79,Tonnes of CO2-equivalent,Transport
Lebanon,2000,4.14,Tonnes of CO2-equivalent,Transport
Liberia,2000,0.12,Tonnes of CO2-equivalent,Transport
Libya,2000,11.42,Tonnes of CO2-equivalent,Transport
St. Lucia,2000,0.15,Tonnes of CO2-equivalent,Transport
Sri Lanka,2000,5.26,Tonnes of CO2-equivalent,Transport
Lesotho,2000,0.27,Tonnes of CO2-equivalent,Transport
Lithuania,2000,3.14,Tonnes of CO2-equivalent,Transport
Luxembourg,2000,4.97,Tonnes of CO2-equivalent,Transport
Latvia,2000,2.2,Tonnes of CO2-equivalent,Transport
Morocco,2000,8.33,Tonnes of CO2-equivalent,Transport
Moldova,2000,0.73,Tonnes of CO2-equivalent,Transport
Madagascar,2000,0.93,Tonnes of CO2-equivalent,Transport
Maldives,2000,0.28,Tonnes of CO2-equivalent,Transport
Mexico,2000,108.79,Tonnes of CO2-equivalent,Transport
Marshall Islands,2000,0.04,Tonnes of CO2-equivalent,Transport
North Macedonia,2000,1.0,Tonnes of CO2-equivalent,Transport
Mali,2000,0.78,Tonnes of CO2-equivalent,Transport
Malta,2000,0.47,Tonnes of CO2-equivalent,Transport
Myanmar,2000,3.59,Tonnes of CO2-equivalent,Transport
Mongolia,2000,1.01,Tonnes of CO2-equivalent,Transport
Mozambique,2000,0.86,Tonnes of CO2-equivalent,Transport
Mauritania,2000,0.0,Tonnes of CO2-equivalent,Transport
Mauritius,2000,0.77,Tonnes of CO2-equivalent,Transport
Malawi,2000,0.39,Tonnes of CO2-equivalent,Transport
Malaysia,2000,33.07,Tonnes of CO2-equivalent,Transport
Namibia,2000,1.17,Tonnes of CO2-equivalent,Transport
Niger,2000,0.36,Tonnes of CO2-equivalent,Transport
Nigeria,2000,22.48,Tonnes of CO2-equivalent,Transport
Nicaragua,2000,1.48,Tonnes of CO2-equivalent,Transport
Niue,2000,0.0,Tonnes of CO2-equivalent,Transport
Netherlands,2000,32.88,Tonnes of CO2-equivalent,Transport
Norway,2000,12.33,Tonnes of CO2-equivalent,Transport
Nepal,2000,0.84,Tonnes of CO2-equivalent,Transport
Nauru,2000,0.02,Tonnes of CO2-equivalent,Transport
New Zealand,2000,12.42,Tonnes of CO2-equivalent,Transport
Oman,2000,2.71,Tonnes of CO2-equivalent,Transport
Pakistan,2000,26.19,Tonnes of CO2-equivalent,Transport
Panama,2000,2.39,Tonnes of CO2-equivalent,Transport
Peru,2000,9.93,Tonnes of CO2-equivalent,Transport
Philippines,2000,25.78,Tonnes of CO2-equivalent,Transport
Palau,2000,0.11,Tonnes of CO2-equivalent,Transport
Papua New Guinea,2000,0.83,Tonnes of CO2-equivalent,Transport
Poland,2000,27.75,Tonnes of CO2-equivalent,Transport
"Korea, Dem. People's Rep.",2000,1.75,Tonnes of CO2-equivalent,Transport
Portugal,2000,18.04,Tonnes of CO2-equivalent,Transport
Paraguay,2000,2.86,Tonnes of CO2-equivalent,Transport
Qatar,2000,2.48,Tonnes of CO2-equivalent,Transport
Romania,2000,9.77,Tonnes of CO2-equivalent,Transport
Russian Federation,2000,193.14,Tonnes of CO2-equivalent,Transport
Rwanda,2000,0.31,Tonnes of CO2-equivalent,Transport
Saudi Arabia,2000,62.52,Tonnes of CO2-equivalent,Transport
Sudan,2000,2.71,Tonnes of CO2-equivalent,Transport
Senegal,2000,1.2,Tonnes of CO2-equivalent,Transport
Singapore,2000,5.34,Tonnes of CO2-equivalent,Transport
Solomon Islands,2000,0.15,Tonnes of CO2-equivalent,Transport
Sierra Leone,2000,0.11,Tonnes of CO2-equivalent,Transport
El Salvador,2000,2.59,Tonnes of CO2-equivalent,Transport
Somalia,2000,0.14,Tonnes of CO2-equivalent,Transport
Serbia,2000,2.39,Tonnes of CO2-equivalent,Transport
Sao Tome and Principe,2000,0.03,Tonnes of CO2-equivalent,Transport
Suriname,2000,0.3,Tonnes of CO2-equivalent,Transport
Slovak Republic,2000,4.16,Tonnes of CO2-equivalent,Transport
Slovenia,2000,3.63,Tonnes of CO2-equivalent,Transport
Sweden,2000,21.79,Tonnes of CO2-equivalent,Transport
Eswatini,2000,0.52,Tonnes of CO2-equivalent,Transport
Seychelles,2000,0.07,Tonnes of CO2-equivalent,Transport
Syrian Arab Republic,2000,8.64,Tonnes of CO2-equivalent,Transport
Chad,2000,0.13,Tonnes of CO2-equivalent,Transport
Togo,2000,0.44,Tonnes of CO2-equivalent,Transport
Thailand,2000,46.33,Tonnes of CO2-equivalent,Transport
Tajikistan,2000,0.04,Tonnes of CO2-equivalent,Transport
Turkmenistan,2000,6.6,Tonnes of CO2-equivalent,Transport
Timor-Leste,2000,0.0,Tonnes of CO2-equivalent,Transport
Tonga,2000,0.06,Tonnes of CO2-equivalent,Transport
Trinidad and Tobago,2000,1.68,Tonnes of CO2-equivalent,Transport
Tunisia,2000,4.12,Tonnes of CO2-equivalent,Transport
Turkiye,2000,35.59,Tonnes of CO2-equivalent,Transport
Tuvalu,2000,0.0,Tonnes of CO2-equivalent,Transport
Tanzania,2000,1.49,Tonnes of CO2-equivalent,Transport
Uganda,2000,0.93,Tonnes of CO2-equivalent,Transport
Ukraine,2000,27.55,Tonnes of CO2-equivalent,Transport
Uruguay,2000,2.58,Tonnes of CO2-equivalent,Transport
United States,2000,1767.78,Tonnes of CO2-equivalent,Transport
Uzbekistan,2000,13.78,Tonnes of CO2-equivalent,Transport
St. Vincent and the Grenadines,2000,0.09,Tonnes of CO2-equivalent,Transport
"Venezuela, RB",2000,35.03,Tonnes of CO2-equivalent,Transport
Viet Nam,2000,10.82,Tonnes of CO2-equivalent,Transport
Vanuatu,2000,0.05,Tonnes of CO2-equivalent,Transport
World,2000,5920.99,Tonnes of CO2-equivalent,Transport
Samoa,2000,0.09,Tonnes of CO2-equivalent,Transport
"Yemen, Rep.",2000,4.53,Tonnes of CO2-equivalent,Transport
South Africa,2000,36.21,Tonnes of CO2-equivalent,Transport
Zambia,2000,0.76,Tonnes of CO2-equivalent,Transport
Zimbabwe,2000,1.98,Tonnes of CO2-equivalent,Transport
Afghanistan,2000,0.51,Tonnes of CO2-equivalent,Transport
Angola,2000,1.1,Tonnes of CO2-equivalent,Transport
Albania,2000,1.51,Tonnes of CO2-equivalent,Transport
United Arab Emirates,2000,15.21,Tonnes of CO2-equivalent,Transport
Argentina,2000,40.78,Tonnes of CO2-equivalent,Transport
Armenia,2000,0.59,Tonnes of CO2-equivalent,Transport
Antigua and Barbuda,2000,0.17,Tonnes of CO2-equivalent,Transport
Australia,2000,77.18,Tonnes of CO2-equivalent,Transport
Austria,2000,18.99,Tonnes of CO2-equivalent,Transport
Azerbaijan,2000,2.42,Tonnes of CO2-equivalent,Transport
Burundi,2000,0.19,Tonnes of CO2-equivalent,Transport
Belgium,2000,25.03,Tonnes of CO2-equivalent,Transport
Benin,2000,0.95,Tonnes of CO2-equivalent,Transport
Burkina Faso,2000,0.53,Tonnes of CO2-equivalent,Transport
Bangladesh,2000,3.14,Tonnes of CO2-equivalent,Transport
Bulgaria,2000,5.57,Tonnes of CO2-equivalent,Transport
Bahrain,2000,1.57,Tonnes of CO2-equivalent,Transport
"Bahamas, The",2000,0.18,Tonnes of CO2-equivalent,Transport
Bosnia and Herzegovina,2000,2.14,Tonnes of CO2-equivalent,Transport
Belarus,2000,6.68,Tonnes of CO2-equivalent,Transport
Belize,2000,0.27,Tonnes of CO2-equivalent,Transport
Bolivia,2000,2.71,Tonnes of CO2-equivalent,Transport
Brazil,2000,129.11,Tonnes of CO2-equivalent,Transport
Barbados,2000,0.37,Tonnes of CO2-equivalent,Transport
Brunei Darussalam,2000,0.83,Tonnes of CO2-equivalent,Transport
Bhutan,2000,0.11,Tonnes of CO2-equivalent,Transport
Botswana,2000,1.26,Tonnes of CO2-equivalent,Transport
Central African Republic,2000,0.13,Tonnes of CO2-equivalent,Transport
Canada,2000,154.34,Tonnes of CO2-equivalent,Transport
Switzerland,2000,17.04,Tonnes of CO2-equivalent,Transport
Chile,2000,17.4,Tonnes of CO2-equivalent,Transport
China,2000,255.21,Tonnes of CO2-equivalent,Transport
Cote d'Ivoire,2000,1.32,Tonnes of CO2-equivalent,Transport
Cameroon,2000,1.9,Tonnes of CO2-equivalent,Transport
"Congo, Dem. Rep.",2000,0.81,Tonnes of CO2-equivalent,Transport
"Congo, Rep.",2000,0.43,Tonnes of CO2-equivalent,Transport
Cook Islands,2000,0.04,Tonnes of CO2-equivalent,Transport
Colombia,2000,19.11,Tonnes of CO2-equivalent,Transport
Comoros,2000,0.07,Tonnes of CO2-equivalent,Transport
Cabo Verde,2000,0.15,Tonnes of CO2-equivalent,Transport
Costa Rica,2000,3.05,Tonnes of CO2-equivalent,Transport
Cuba,2000,2.22,Tonnes of CO2-equivalent,Transport
Cyprus,2000,1.78,Tonnes of CO2-equivalent,Transport
Czechia,2000,12.22,Tonnes of CO2-equivalent,Transport
Germany,2000,178.16,Tonnes of CO2-equivalent,Transport
Djibouti,2000,0.07,Tonnes of CO2-equivalent,Transport
Dominica,2000,0.08,Tonnes of CO2-equivalent,Transport
Denmark,2000,12.26,Tonnes of CO2-equivalent,Transport
Dominican Republic,2000,5.48,Tonnes of CO2-equivalent,Transport
Algeria,2000,17.22,Tonnes of CO2-equivalent,Transport
Ecuador,2000,8.18,Tonnes of CO2-equivalent,Transport
"Egypt, Arab Rep.",2000,29.85,Tonnes of CO2-equivalent,Transport
Eritrea,2000,0.21,Tonnes of CO2-equivalent,Transport
Spain,2000,92.56,Tonnes of CO2-equivalent,Transport
Estonia,2000,1.7,Tonnes of CO2-equivalent,Transport
Ethiopia,2000,1.63,Tonnes of CO2-equivalent,Transport
European Union,2000,787.8,Tonnes of CO2-equivalent,Transport
Finland,2000,12.04,Tonnes of CO2-equivalent,Transport
Fiji,2000,0.46,Tonnes of CO2-equivalent,Transport
France,2000,135.61,Tonnes of CO2-equivalent,Transport
"Micronesia, Fed. Sts.",2000,0.11,Tonnes of CO2-equivalent,Transport
Gabon,2000,0.33,Tonnes of CO2-equivalent,Transport
United Kingdom,2000,126.34,Tonnes of CO2-equivalent,Transport
Georgia,2000,0.98,Tonnes of CO2-equivalent,Transport
Ghana,2000,3.02,Tonnes of CO2-equivalent,Transport
Guinea,2000,0.47,Tonnes of CO2-equivalent,Transport
"Gambia, The",2000,0.09,Tonnes of CO2-equivalent,Transport
Guinea-Bissau,2000,0.02,Tonnes of CO2-equivalent,Transport
Equatorial Guinea,2000,0.19,Tonnes of CO2-equivalent,Transport
Greece,2000,19.56,Tonnes of CO2-equivalent,Transport
Grenada,2000,0.08,Tonnes of CO2-equivalent,Transport
Guatemala,2000,3.97,Tonnes of CO2-equivalent,Transport
Guyana,2000,0.56,Tonnes of CO2-equivalent,Transport
Honduras,2000,2.17,Tonnes of CO2-equivalent,Transport
Croatia,2000,4.44,Tonnes of CO2-equivalent,Transport
Haiti,2000,0.73,Tonnes of CO2-equivalent,Transport
Hungary,2000,9.12,Tonnes of CO2-equivalent,Transport
Indonesia,2000,64.19,Tonnes of CO2-equivalent,Transport
India,2000,97.52,Tonnes of CO2-equivalent,Transport
Ireland,2000,10.66,Tonnes of CO2-equivalent,Transport
"Iran, Islamic Rep.",2000,78.4,Tonnes of CO2-equivalent,Transport
Iraq,2000,27.03,Tonnes of CO2-equivalent,Transport
Iceland,2000,0.65,Tonnes of CO2-equivalent,Transport
Israel,2000,13.71,Tonnes of CO2-equivalent,Transport
Italy,2000,119.3,Tonnes of CO2-equivalent,Transport
Jamaica,2000,1.99,Tonnes of CO2-equivalent,Transport
Jordan,2000,3.69,Tonnes of CO2-equivalent,Transport
Japan,2000,268.24,Tonnes of CO2-equivalent,Transport
Kazakhstan,2000,9.75,Tonnes of CO2-equivalent,Transport
Kenya,2000,2.78,Tonnes of CO2-equivalent,Transport
Kyrgyz Republic,2000,0.87,Tonnes of CO2-equivalent,Transport
Cambodia,2000,1.36,Tonnes of CO2-equivalent,Transport
Kiribati,2000,0.02,Tonnes of CO2-equivalent,Transport
St. Kitts and Nevis,2000,0.05,Tonnes of CO2-equivalent,Transport
"Korea, Rep.",2000,79.58,Tonnes of CO2-equivalent,Transport
Kuwait,2000,6.22,Tonnes of CO2-equivalent,Transport
Lao PDR,2000,0.79,Tonnes of CO2-equivalent,Transport
Lebanon,2000,4.14,Tonnes of CO2-equivalent,Transport
Liberia,2000,0.12,Tonnes of CO2-equivalent,Transport
Libya,2000,11.42,Tonnes of CO2-equivalent,Transport
St. Lucia,2000,0.15,Tonnes of CO2-equivalent,Transport
Sri Lanka,2000,5.26,Tonnes of CO2-equivalent,Transport
Lesotho,2000,0.27,Tonnes of CO2-equivalent,Transport
Lithuania,2000,3.14,Tonnes of CO2-equivalent,Transport
Luxembourg,2000,4.97,Tonnes of CO2-equivalent,Transport
Latvia,2000,2.2,Tonnes of CO2-equivalent,Transport
Morocco,2000,8.33,Tonnes of CO2-equivalent,Transport
Moldova,2000,0.73,Tonnes of CO2-equivalent,Transport
Madagascar,2000,0.93,Tonnes of CO2-equivalent,Transport
Maldives,2000,0.28,Tonnes of CO2-equivalent,Transport
Mexico,2000,108.79,Tonnes of CO2-equivalent,Transport
Marshall Islands,2000,0.04,Tonnes of CO2-equivalent,Transport
North Macedonia,2000,1.0,Tonnes of CO2-equivalent,Transport
Mali,2000,0.78,Tonnes of CO2-equivalent,Transport
Malta,2000,0.47,Tonnes of CO2-equivalent,Transport
Myanmar,2000,3.59,Tonnes of CO2-equivalent,Transport
Mongolia,2000,1.01,Tonnes of CO2-equivalent,Transport
Mozambique,2000,0.86,Tonnes of CO2-equivalent,Transport
Mauritania,2000,0.0,Tonnes of CO2-equivalent,Transport
Mauritius,2000,0.77,Tonnes of CO2-equivalent,Transport
Malawi,2000,0.39,Tonnes of CO2-equivalent,Transport
Malaysia,2000,33.07,Tonnes of CO2-equivalent,Transport
Namibia,2000,1.17,Tonnes of CO2-equivalent,Transport
Niger,2000,0.36,Tonnes of CO2-equivalent,Transport
Nigeria,2000,22.48,Tonnes of CO2-equivalent,Transport
Nicaragua,2000,1.48,Tonnes of CO2-equivalent,Transport
Niue,2000,0.0,Tonnes of CO2-equivalent,Transport
Netherlands,2000,32.88,Tonnes of CO2-equivalent,Transport
Norway,2000,12.33,Tonnes of CO2-equivalent,Transport
Nepal,2000,0.84,Tonnes of CO2-equivalent,Transport
Nauru,2000,0.02,Tonnes of CO2-equivalent,Transport
New Zealand,2000,12.42,Tonnes of CO2-equivalent,Transport
Oman,2000,2.71,Tonnes of CO2-equivalent,Transport
Pakistan,2000,26.19,Tonnes of CO2-equivalent,Transport
Panama,2000,2.39,Tonnes of CO2-equivalent,Transport
Peru,2000,9.93,Tonnes of CO2-equivalent,Transport
Philippines,2000,25.78,Tonnes of CO2-equivalent,Transport
Palau,2000,0.11,Tonnes of CO2-equivalent,Transport
Papua New Guinea,2000,0.83,Tonnes of CO2-equivalent,Transport
Poland,2000,27.75,Tonnes of CO2-equivalent,Transport
"Korea, Dem. People's Rep.",2000,1.75,Tonnes of CO2-equivalent,Transport
Portugal,2000,18.04,Tonnes of CO2-equivalent,Transport
Paraguay,2000,2.86,Tonnes of CO2-equivalent,Transport
Qatar,2000,2.48,Tonnes of CO2-equivalent,Transport
Romania,2000,9.77,Tonnes of CO2-equivalent,Transport
Russian Federation,2000,193.14,Tonnes of CO2-equivalent,Transport
Rwanda,2000,0.31,Tonnes of CO2-equivalent,Transport
Saudi Arabia,2000,62.52,Tonnes of CO2-equivalent,Transport
Sudan,2000,2.71,Tonnes of CO2-equivalent,Transport
Senegal,2000,1.2,Tonnes of CO2-equivalent,Transport
Singapore,2000,5.34,Tonnes of CO2-equivalent,Transport
Solomon Islands,2000,0.15,Tonnes of CO2-equivalent,Transport
Sierra Leone,2000,0.11,Tonnes of CO2-equivalent,Transport
El Salvador,2000,2.59,Tonnes of CO2-equivalent,Transport
Somalia,2000,0.14,Tonnes of CO2-equivalent,Transport
Serbia,2000,2.39,Tonnes of CO2-equivalent,Transport
Sao Tome and Principe,2000,0.03,Tonnes of CO2-equivalent,Transport
Suriname,2000,0.3,Tonnes of CO2-equivalent,Transport
Slovak Republic,2000,4.16,Tonnes of CO2-equivalent,Transport
Slovenia,2000,3.63,Tonnes of CO2-equivalent,Transport
Sweden,2000,21.79,Tonnes of CO2-equivalent,Transport
Eswatini,2000,0.52,Tonnes of CO2-equivalent,Transport
Seychelles,2000,0.07,Tonnes of CO2-equivalent,Transport
Syrian Arab Republic,2000,8.64,Tonnes of CO2-equivalent,Transport
Chad,2000,0.13,Tonnes of CO2-equivalent,Transport
Togo,2000,0.44,Tonnes of CO2-equivalent,Transport
Thailand,2000,46.33,Tonnes of CO2-equivalent,Transport
Tajikistan,2000,0.04,Tonnes of CO2-equivalent,Transport
Turkmenistan,2000,6.6,Tonnes of CO2-equivalent,Transport
Timor-Leste,2000,0.0,Tonnes of CO2-equivalent,Transport
Tonga,2000,0.06,Tonnes of CO2-equivalent,Transport
Trinidad and Tobago,2000,1.68,Tonnes of CO2-equivalent,Transport
Tunisia,2000,4.12,Tonnes of CO2-equivalent,Transport
Turkiye,2000,35.59,Tonnes of CO2-equivalent,Transport
Tuvalu,2000,0.0,Tonnes of CO2-equivalent,Transport
Tanzania,2000,1.49,Tonnes of CO2-equivalent,Transport
Uganda,2000,0.93,Tonnes of CO2-equivalent,Transport
Ukraine,2000,27.55,Tonnes of CO2-equivalent,Transport
Uruguay,2000,2.58,Tonnes of CO2-equivalent,Transport
United States,2000,1767.78,Tonnes of CO2-equivalent,Transport
Uzbekistan,2000,13.78,Tonnes of CO2-equivalent,Transport
St. Vincent and the Grenadines,2000,0.09,Tonnes of CO2-equivalent,Transport
"Venezuela, RB",2000,35.03,Tonnes of CO2-equivalent,Transport
Viet Nam,2000,10.82,Tonnes of CO2-equivalent,Transport
Vanuatu,2000,0.05,Tonnes of CO2-equivalent,Transport
World,2000,5920.99,Tonnes of CO2-equivalent,Transport
Samoa,2000,0.09,Tonnes of CO2-equivalent,Transport
"Yemen, Rep.",2000,4.53,Tonnes of CO2-equivalent,Transport
South Africa,2000,36.21,Tonnes of CO2-equivalent,Transport
Zambia,2000,0.76,Tonnes of CO2-equivalent,Transport
Zimbabwe,2000,1.98,Tonnes of CO2-equivalent,Transport
Afghanistan,1999,0.49,Tonnes of CO2-equivalent,Transport
Angola,1999,1.18,Tonnes of CO2-equivalent,Transport
Albania,1999,1.44,Tonnes of CO2-equivalent,Transport
United Arab Emirates,1999,13.89,Tonnes of CO2-equivalent,Transport
Argentina,1999,41.94,Tonnes of CO2-equivalent,Transport
Armenia,1999,0.07,Tonnes of CO2-equivalent,Transport
Antigua and Barbuda,1999,0.17,Tonnes of CO2-equivalent,Transport
Australia,1999,74.88,Tonnes of CO2-equivalent,Transport
Austria,1999,18.24,Tonnes of CO2-equivalent,Transport
Azerbaijan,1999,1.62,Tonnes of CO2-equivalent,Transport
Burundi,1999,0.17,Tonnes of CO2-equivalent,Transport
Belgium,1999,24.74,Tonnes of CO2-equivalent,Transport
Benin,1999,0.87,Tonnes of CO2-equivalent,Transport
Burkina Faso,1999,0.51,Tonnes of CO2-equivalent,Transport
Bangladesh,1999,3.22,Tonnes of CO2-equivalent,Transport
Bulgaria,1999,5.8,Tonnes of CO2-equivalent,Transport
Bahrain,1999,1.48,Tonnes of CO2-equivalent,Transport
"Bahamas, The",1999,0.18,Tonnes of CO2-equivalent,Transport
Bosnia and Herzegovina,1999,1.38,Tonnes of CO2-equivalent,Transport
Belarus,1999,7.38,Tonnes of CO2-equivalent,Transport
Belize,1999,0.24,Tonnes of CO2-equivalent,Transport
Bolivia,1999,3.26,Tonnes of CO2-equivalent,Transport
Brazil,1999,127.93,Tonnes of CO2-equivalent,Transport
Barbados,1999,0.35,Tonnes of CO2-equivalent,Transport
Brunei Darussalam,1999,0.84,Tonnes of CO2-equivalent,Transport
Bhutan,1999,0.1,Tonnes of CO2-equivalent,Transport
Botswana,1999,1.16,Tonnes of CO2-equivalent,Transport
Central African Republic,1999,0.13,Tonnes of CO2-equivalent,Transport
Canada,1999,155.52,Tonnes of CO2-equivalent,Transport
Switzerland,1999,15.43,Tonnes of CO2-equivalent,Transport
Chile,1999,17.15,Tonnes of CO2-equivalent,Transport
China,1999,161.34,Tonnes of CO2-equivalent,Transport
Cote d'Ivoire,1999,1.46,Tonnes of CO2-equivalent,Transport
Cameroon,1999,1.68,Tonnes of CO2-equivalent,Transport
"Congo, Dem. Rep.",1999,0.45,Tonnes of CO2-equivalent,Transport
"Congo, Rep.",1999,0.31,Tonnes of CO2-equivalent,Transport
Cook Islands,1999,0.04,Tonnes of CO2-equivalent,Transport
Colombia,1999,19.66,Tonnes of CO2-equivalent,Transport
Comoros,1999,0.06,Tonnes of CO2-equivalent,Transport
Cabo Verde,1999,0.15,Tonnes of CO2-equivalent,Transport
Costa Rica,1999,3.15,Tonnes of CO2-equivalent,Transport
Cuba,1999,2.41,Tonnes of CO2-equivalent,Transport
Cyprus,1999,1.74,Tonnes of CO2-equivalent,Transport
Czechia,1999,12.11,Tonnes of CO2-equivalent,Transport
Germany,1999,182.47,Tonnes of CO2-equivalent,Transport
Djibouti,1999,0.11,Tonnes of CO2-equivalent,Transport
Dominica,1999,0.06,Tonnes of CO2-equivalent,Transport
Denmark,1999,12.28,Tonnes of CO2-equivalent,Transport
Dominican Republic,1999,5.34,Tonnes of CO2-equivalent,Transport
Algeria,1999,16.83,Tonnes of CO2-equivalent,Transport
Ecuador,1999,9.26,Tonnes of CO2-equivalent,Transport
"Egypt, Arab Rep.",1999,28.97,Tonnes of CO2-equivalent,Transport
Eritrea,1999,0.21,Tonnes of CO2-equivalent,Transport
Spain,1999,90.57,Tonnes of CO2-equivalent,Transport
Estonia,1999,1.71,Tonnes of CO2-equivalent,Transport
Ethiopia,1999,1.48,Tonnes of CO2-equivalent,Transport
European Union,1999,788.02,Tonnes of CO2-equivalent,Transport
Finland,1999,12.48,Tonnes of CO2-equivalent,Transport
Fiji,1999,0.42,Tonnes of CO2-equivalent,Transport
France,1999,132.62,Tonnes of CO2-equivalent,Transport
"Micronesia, Fed. Sts.",1999,0.12,Tonnes of CO2-equivalent,Transport
Gabon,1999,0.4,Tonnes of CO2-equivalent,Transport
United Kingdom,1999,128.2,Tonnes of CO2-equivalent,Transport
Georgia,1999,1.16,Tonnes of CO2-equivalent,Transport
Ghana,1999,3.18,Tonnes of CO2-equivalent,Transport
Guinea,1999,0.44,Tonnes of CO2-equivalent,Transport
"Gambia, The",1999,0.09,Tonnes of CO2-equivalent,Transport
Guinea-Bissau,1999,0.08,Tonnes of CO2-equivalent,Transport
Equatorial Guinea,1999,0.12,Tonnes of CO2-equivalent,Transport
Greece,1999,20.09,Tonnes of CO2-equivalent,Transport
Grenada,1999,0.08,Tonnes of CO2-equivalent,Transport
Guatemala,1999,3.7,Tonnes of CO2-equivalent,Transport
Guyana,1999,0.6,Tonnes of CO2-equivalent,Transport
Honduras,1999,2.17,Tonnes of CO2-equivalent,Transport
Croatia,1999,4.35,Tonnes of CO2-equivalent,Transport
Haiti,1999,0.68,Tonnes of CO2-equivalent,Transport
Hungary,1999,9.19,Tonnes of CO2-equivalent,Transport
Indonesia,1999,60.2,Tonnes of CO2-equivalent,Transport
India,1999,95.64,Tonnes of CO2-equivalent,Transport
Ireland,1999,9.58,Tonnes of CO2-equivalent,Transport
"Iran, Islamic Rep.",1999,72.97,Tonnes of CO2-equivalent,Transport
Iraq,1999,24.82,Tonnes of CO2-equivalent,Transport
Iceland,1999,0.64,Tonnes of CO2-equivalent,Transport
Israel,1999,12.87,Tonnes of CO2-equivalent,Transport
Italy,1999,119.24,Tonnes of CO2-equivalent,Transport
Jamaica,1999,1.99,Tonnes of CO2-equivalent,Transport
Jordan,1999,3.41,Tonnes of CO2-equivalent,Transport
Japan,1999,268.66,Tonnes of CO2-equivalent,Transport
Kazakhstan,1999,6.05,Tonnes of CO2-equivalent,Transport
Kenya,1999,2.76,Tonnes of CO2-equivalent,Transport
Kyrgyz Republic,1999,1.17,Tonnes of CO2-equivalent,Transport
Cambodia,1999,1.4,Tonnes of CO2-equivalent,Transport
Kiribati,1999,0.01,Tonnes of CO2-equivalent,Transport
St. Kitts and Nevis,1999,0.05,Tonnes of CO2-equivalent,Transport
"Korea, Rep.",1999,73.49,Tonnes of CO2-equivalent,Transport
Kuwait,1999,6.2,Tonnes of CO2-equivalent,Transport
Lebanon,1999,4.39,Tonnes of CO2-equivalent,Transport
Liberia,1999,0.12,Tonnes of CO2-equivalent,Transport
Libya,1999,11.23,Tonnes of CO2-equivalent,Transport
St. Lucia,1999,0.16,Tonnes of CO2-equivalent,Transport
Sri Lanka,1999,5.51,Tonnes of CO2-equivalent,Transport
Lesotho,1999,0.27,Tonnes of CO2-equivalent,Transport
Lithuania,1999,3.52,Tonnes of CO2-equivalent,Transport
Luxembourg,1999,4.35,Tonnes of CO2-equivalent,Transport
Latvia,1999,1.98,Tonnes of CO2-equivalent,Transport
Morocco,1999,7.92,Tonnes of CO2-equivalent,Transport
Moldova,1999,0.74,Tonnes of CO2-equivalent,Transport
Madagascar,1999,0.93,Tonnes of CO2-equivalent,Transport
Maldives,1999,0.31,Tonnes of CO2-equivalent,Transport
Mexico,1999,104.11,Tonnes of CO2-equivalent,Transport
Marshall Islands,1999,0.04,Tonnes of CO2-equivalent,Transport
North Macedonia,1999,1.11,Tonnes of CO2-equivalent,Transport
Malta,1999,0.61,Tonnes of CO2-equivalent,Transport
Myanmar,1999,3.07,Tonnes of CO2-equivalent,Transport
Mongolia,1999,0.86,Tonnes of CO2-equivalent,Transport
Mozambique,1999,0.86,Tonnes of CO2-equivalent,Transport
Mauritania,1999,0.0,Tonnes of CO2-equivalent,Transport
Mauritius,1999,0.72,Tonnes of CO2-equivalent,Transport
Malawi,1999,0.41,Tonnes of CO2-equivalent,Transport
Malaysia,1999,31.26,Tonnes of CO2-equivalent,Transport
Namibia,1999,1.17,Tonnes of CO2-equivalent,Transport
Niger,1999,0.23,Tonnes of CO2-equivalent,Transport
Nigeria,1999,20.24,Tonnes of CO2-equivalent,Transport
Nicaragua,1999,1.44,Tonnes of CO2-equivalent,Transport
Niue,1999,0.0,Tonnes of CO2-equivalent,Transport
Netherlands,1999,32.88,Tonnes of CO2-equivalent,Transport
Norway,1999,13.17,Tonnes of CO2-equivalent,Transport
Nepal,1999,0.79,Tonnes of CO2-equivalent,Transport
Nauru,1999,0.02,Tonnes of CO2-equivalent,Transport
New Zealand,1999,11.91,Tonnes of CO2-equivalent,Transport
Oman,1999,2.63,Tonnes of CO2-equivalent,Transport
Pakistan,1999,26.48,Tonnes of CO2-equivalent,Transport
Panama,1999,2.37,Tonnes of CO2-equivalent,Transport
Peru,1999,10.1,Tonnes of CO2-equivalent,Transport
Philippines,1999,25.7,Tonnes of CO2-equivalent,Transport
Palau,1999,0.11,Tonnes of CO2-equivalent,Transport
Papua New Guinea,1999,0.71,Tonnes of CO2-equivalent,Transport
Poland,1999,31.55,Tonnes of CO2-equivalent,Transport
"Korea, Dem. People's Rep.",1999,0.91,Tonnes of CO2-equivalent,Transport
Portugal,1999,16.65,Tonnes of CO2-equivalent,Transport
Paraguay,1999,3.56,Tonnes of CO2-equivalent,Transport
Qatar,1999,2.36,Tonnes of CO2-equivalent,Transport
Romania,1999,9.59,Tonnes of CO2-equivalent,Transport
Russian Federation,1999,201.99,Tonnes of CO2-equivalent,Transport
Rwanda,1999,0.38,Tonnes of CO2-equivalent,Transport
Saudi Arabia,1999,59.64,Tonnes of CO2-equivalent,Transport
Sudan,1999,2.49,Tonnes of CO2-equivalent,Transport
Senegal,1999,1.13,Tonnes of CO2-equivalent,Transport
Singapore,1999,5.26,Tonnes of CO2-equivalent,Transport
Solomon Islands,1999,0.15,Tonnes of CO2-equivalent,Transport
Sierra Leone,1999,0.09,Tonnes of CO2-equivalent,Transport
El Salvador,1999,2.67,Tonnes of CO2-equivalent,Transport
Somalia,1999,0.16,Tonnes of CO2-equivalent,Transport
Serbia,1999,2.65,Tonnes of CO2-equivalent,Transport
Sao Tome and Principe,1999,0.03,Tonnes of CO2-equivalent,Transport
Slovak Republic,1999,4.35,Tonnes of CO2-equivalent,Transport
Slovenia,1999,3.69,Tonnes of CO2-equivalent,Transport
Sweden,1999,21.64,Tonnes of CO2-equivalent,Transport
Eswatini,1999,0.5,Tonnes of CO2-equivalent,Transport
Seychelles,1999,0.11,Tonnes of CO2-equivalent,Transport
Syrian Arab Republic,1999,8.18,Tonnes of CO2-equivalent,Transport
Chad,1999,0.35,Tonnes of CO2-equivalent,Transport
Togo,1999,0.59,Tonnes of CO2-equivalent,Transport
Thailand,1999,47.42,Tonnes of CO2-equivalent,Transport
Tajikistan,1999,0.06,Tonnes of CO2-equivalent,Transport
Turkmenistan,1999,4.24,Tonnes of CO2-equivalent,Transport
Timor-Leste,1999,0.0,Tonnes of CO2-equivalent,Transport
Tonga,1999,0.07,Tonnes of CO2-equivalent,Transport
Trinidad and Tobago,1999,1.61,Tonnes of CO2-equivalent,Transport
Tunisia,1999,3.93,Tonnes of CO2-equivalent,Transport
Turkiye,1999,34.15,Tonnes of CO2-equivalent,Transport
Tuvalu,1999,0.0,Tonnes of CO2-equivalent,Transport
Tanzania,1999,1.18,Tonnes of CO2-equivalent,Transport
Uganda,1999,0.91,Tonnes of CO2-equivalent,Transport
Ukraine,1999,28.75,Tonnes of CO2-equivalent,Transport
Uruguay,1999,2.85,Tonnes of CO2-equivalent,Transport
United States,1999,1735.15,Tonnes of CO2-equivalent,Transport
Uzbekistan,1999,13.78,Tonnes of CO2-equivalent,Transport
St. Vincent and the Grenadines,1999,0.1,Tonnes of CO2-equivalent,Transport
"Venezuela, RB",1999,33.95,Tonnes of CO2-equivalent,Transport
Viet Nam,1999,10.05,Tonnes of CO2-equivalent,Transport
Vanuatu,1999,0.05,Tonnes of CO2-equivalent,Transport
World,1999,5738.37,Tonnes of CO2-equivalent,Transport
Samoa,1999,0.09,Tonnes of CO2-equivalent,Transport
"Yemen, Rep.",1999,4.65,Tonnes of CO2-equivalent,Transport
South Africa,1999,36.42,Tonnes of CO2-equivalent,Transport
Zambia,1999,0.7,Tonnes of CO2-equivalent,Transport
Zimbabwe,1999,3.22,Tonnes of CO2-equivalent,Transport
Afghanistan,1999,0.49,Tonnes of CO2-equivalent,Transport
Angola,1999,1.18,Tonnes of CO2-equivalent,Transport
Albania,1999,1.44,Tonnes of CO2-equivalent,Transport
United Arab Emirates,1999,13.89,Tonnes of CO2-equivalent,Transport
Argentina,1999,41.94,Tonnes of CO2-equivalent,Transport
Armenia,1999,0.07,Tonnes of CO2-equivalent,Transport
Antigua and Barbuda,1999,0.17,Tonnes of CO2-equivalent,Transport
Australia,1999,74.88,Tonnes of CO2-equivalent,Transport
Austria,1999,18.24,Tonnes of CO2-equivalent,Transport
Azerbaijan,1999,1.62,Tonnes of CO2-equivalent,Transport
Burundi,1999,0.17,Tonnes of CO2-equivalent,Transport
Belgium,1999,24.74,Tonnes of CO2-equivalent,Transport
Benin,1999,0.87,Tonnes of CO2-equivalent,Transport
Burkina Faso,1999,0.51,Tonnes of CO2-equivalent,Transport
Bangladesh,1999,3.22,Tonnes of CO2-equivalent,Transport
Bulgaria,1999,5.8,Tonnes of CO2-equivalent,Transport
Bahrain,1999,1.48,Tonnes of CO2-equivalent,Transport
"Bahamas, The",1999,0.18,Tonnes of CO2-equivalent,Transport
Bosnia and Herzegovina,1999,1.38,Tonnes of CO2-equivalent,Transport
Belarus,1999,7.38,Tonnes of CO2-equivalent,Transport
Belize,1999,0.24,Tonnes of CO2-equivalent,Transport
Bolivia,1999,3.26,Tonnes of CO2-equivalent,Transport
Brazil,1999,127.93,Tonnes of CO2-equivalent,Transport
Barbados,1999,0.35,Tonnes of CO2-equivalent,Transport
Brunei Darussalam,1999,0.84,Tonnes of CO2-equivalent,Transport
Bhutan,1999,0.1,Tonnes of CO2-equivalent,Transport
Botswana,1999,1.16,Tonnes of CO2-equivalent,Transport
Central African Republic,1999,0.13,Tonnes of CO2-equivalent,Transport
Canada,1999,155.52,Tonnes of CO2-equivalent,Transport
Switzerland,1999,15.43,Tonnes of CO2-equivalent,Transport
Chile,1999,17.15,Tonnes of CO2-equivalent,Transport
China,1999,161.34,Tonnes of CO2-equivalent,Transport
Cote d'Ivoire,1999,1.46,Tonnes of CO2-equivalent,Transport
Cameroon,1999,1.68,Tonnes of CO2-equivalent,Transport
"Congo, Dem. Rep.",1999,0.45,Tonnes of CO2-equivalent,Transport
"Congo, Rep.",1999,0.31,Tonnes of CO2-equivalent,Transport
Cook Islands,1999,0.04,Tonnes of CO2-equivalent,Transport
Colombia,1999,19.66,Tonnes of CO2-equivalent,Transport
Comoros,1999,0.06,Tonnes of CO2-equivalent,Transport
Cabo Verde,1999,0.15,Tonnes of CO2-equivalent,Transport
Costa Rica,1999,3.15,Tonnes of CO2-equivalent,Transport
Cuba,1999,2.41,Tonnes of CO2-equivalent,Transport
Cyprus,1999,1.74,Tonnes of CO2-equivalent,Transport
Czechia,1999,12.11,Tonnes of CO2-equivalent,Transport
Germany,1999,182.47,Tonnes of CO2-equivalent,Transport
Djibouti,1999,0.11,Tonnes of CO2-equivalent,Transport
Dominica,1999,0.06,Tonnes of CO2-equivalent,Transport
Denmark,1999,12.28,Tonnes of CO2-equivalent,Transport
Dominican Republic,1999,5.34,Tonnes of CO2-equivalent,Transport
Algeria,1999,16.83,Tonnes of CO2-equivalent,Transport
Ecuador,1999,9.26,Tonnes of CO2-equivalent,Transport
"Egypt, Arab Rep.",1999,28.97,Tonnes of CO2-equivalent,Transport
Eritrea,1999,0.21,Tonnes of CO2-equivalent,Transport
Spain,1999,90.57,Tonnes of CO2-equivalent,Transport
Estonia,1999,1.71,Tonnes of CO2-equivalent,Transport
Ethiopia,1999,1.48,Tonnes of CO2-equivalent,Transport
European Union,1999,788.02,Tonnes of CO2-equivalent,Transport
Finland,1999,12.48,Tonnes of CO2-equivalent,Transport
Fiji,1999,0.42,Tonnes of CO2-equivalent,Transport
France,1999,132.62,Tonnes of CO2-equivalent,Transport
"Micronesia, Fed. Sts.",1999,0.12,Tonnes of CO2-equivalent,Transport
Gabon,1999,0.4,Tonnes of CO2-equivalent,Transport
United Kingdom,1999,128.2,Tonnes of CO2-equivalent,Transport
Georgia,1999,1.16,Tonnes of CO2-equivalent,Transport
Ghana,1999,3.18,Tonnes of CO2-equivalent,Transport
Guinea,1999,0.44,Tonnes of CO2-equivalent,Transport
"Gambia, The",1999,0.09,Tonnes of CO2-equivalent,Transport
Guinea-Bissau,1999,0.08,Tonnes of CO2-equivalent,Transport
Equatorial Guinea,1999,0.12,Tonnes of CO2-equivalent,Transport
Greece,1999,20.09,Tonnes of CO2-equivalent,Transport
Grenada,1999,0.08,Tonnes of CO2-equivalent,Transport
Guatemala,1999,3.7,Tonnes of CO2-equivalent,Transport
Guyana,1999,0.6,Tonnes of CO2-equivalent,Transport
Honduras,1999,2.17,Tonnes of CO2-equivalent,Transport
Croatia,1999,4.35,Tonnes of CO2-equivalent,Transport
Haiti,1999,0.68,Tonnes of CO2-equivalent,Transport
Hungary,1999,9.19,Tonnes of CO2-equivalent,Transport
Indonesia,1999,60.2,Tonnes of CO2-equivalent,Transport
India,1999,95.64,Tonnes of CO2-equivalent,Transport
Ireland,1999,9.58,Tonnes of CO2-equivalent,Transport
"Iran, Islamic Rep.",1999,72.97,Tonnes of CO2-equivalent,Transport
Iraq,1999,24.82,Tonnes of CO2-equivalent,Transport
Iceland,1999,0.64,Tonnes of CO2-equivalent,Transport
Israel,1999,12.87,Tonnes of CO2-equivalent,Transport
Italy,1999,119.24,Tonnes of CO2-equivalent,Transport
Jamaica,1999,1.99,Tonnes of CO2-equivalent,Transport
Jordan,1999,3.41,Tonnes of CO2-equivalent,Transport
Japan,1999,268.66,Tonnes of CO2-equivalent,Transport
Kazakhstan,1999,6.05,Tonnes of CO2-equivalent,Transport
Kenya,1999,2.76,Tonnes of CO2-equivalent,Transport
Kyrgyz Republic,1999,1.17,Tonnes of CO2-equivalent,Transport
Cambodia,1999,1.4,Tonnes of CO2-equivalent,Transport
Kiribati,1999,0.01,Tonnes of CO2-equivalent,Transport
St. Kitts and Nevis,1999,0.05,Tonnes of CO2-equivalent,Transport
"Korea, Rep.",1999,73.49,Tonnes of CO2-equivalent,Transport
Kuwait,1999,6.2,Tonnes of CO2-equivalent,Transport
Lebanon,1999,4.39,Tonnes of CO2-equivalent,Transport
Liberia,1999,0.12,Tonnes of CO2-equivalent,Transport
Libya,1999,11.23,Tonnes of CO2-equivalent,Transport
St. Lucia,1999,0.16,Tonnes of CO2-equivalent,Transport
Sri Lanka,1999,5.51,Tonnes of CO2-equivalent,Transport
Lesotho,1999,0.27,Tonnes of CO2-equivalent,Transport
Lithuania,1999,3.52,Tonnes of CO2-equivalent,Transport
Luxembourg,1999,4.35,Tonnes of CO2-equivalent,Transport
Latvia,1999,1.98,Tonnes of CO2-equivalent,Transport
Morocco,1999,7.92,Tonnes of CO2-equivalent,Transport
Moldova,1999,0.74,Tonnes of CO2-equivalent,Transport
Madagascar,1999,0.93,Tonnes of CO2-equivalent,Transport
Maldives,1999,0.31,Tonnes of CO2-equivalent,Transport
Mexico,1999,104.11,Tonnes of CO2-equivalent,Transport
Marshall Islands,1999,0.04,Tonnes of CO2-equivalent,Transport
North Macedonia,1999,1.11,Tonnes of CO2-equivalent,Transport
Malta,1999,0.61,Tonnes of CO2-equivalent,Transport
Myanmar,1999,3.07,Tonnes of CO2-equivalent,Transport
Mongolia,1999,0.86,Tonnes of CO2-equivalent,Transport
Mozambique,1999,0.86,Tonnes of CO2-equivalent,Transport
Mauritania,1999,0.0,Tonnes of CO2-equivalent,Transport
Mauritius,1999,0.72,Tonnes of CO2-equivalent,Transport
Malawi,1999,0.41,Tonnes of CO2-equivalent,Transport
Malaysia,1999,31.26,Tonnes of CO2-equivalent,Transport
Namibia,1999,1.17,Tonnes of CO2-equivalent,Transport
Niger,1999,0.23,Tonnes of CO2-equivalent,Transport
Nigeria,1999,20.24,Tonnes of CO2-equivalent,Transport
Nicaragua,1999,1.44,Tonnes of CO2-equivalent,Transport
Niue,1999,0.0,Tonnes of CO2-equivalent,Transport
Netherlands,1999,32.88,Tonnes of CO2-equivalent,Transport
Norway,1999,13.17,Tonnes of CO2-equivalent,Transport
Nepal,1999,0.79,Tonnes of CO2-equivalent,Transport
Nauru,1999,0.02,Tonnes of CO2-equivalent,Transport
New Zealand,1999,11.91,Tonnes of CO2-equivalent,Transport
Oman,1999,2.63,Tonnes of CO2-equivalent,Transport
Pakistan,1999,26.48,Tonnes of CO2-equivalent,Transport
Panama,1999,2.37,Tonnes of CO2-equivalent,Transport
Peru,1999,10.1,Tonnes of CO2-equivalent,Transport
Philippines,1999,25.7,Tonnes of CO2-equivalent,Transport
Palau,1999,0.11,Tonnes of CO2-equivalent,Transport
Papua New Guinea,1999,0.71,Tonnes of CO2-equivalent,Transport
Poland,1999,31.55,Tonnes of CO2-equivalent,Transport
"Korea, Dem. People's Rep.",1999,0.91,Tonnes of CO2-equivalent,Transport
Portugal,1999,16.65,Tonnes of CO2-equivalent,Transport
Paraguay,1999,3.56,Tonnes of CO2-equivalent,Transport
Qatar,1999,2.36,Tonnes of CO2-equivalent,Transport
Romania,1999,9.59,Tonnes of CO2-equivalent,Transport
Russian Federation,1999,201.99,Tonnes of CO2-equivalent,Transport
Rwanda,1999,0.38,Tonnes of CO2-equivalent,Transport
Saudi Arabia,1999,59.64,Tonnes of CO2-equivalent,Transport
Sudan,1999,2.49,Tonnes of CO2-equivalent,Transport
Senegal,1999,1.13,Tonnes of CO2-equivalent,Transport
Singapore,1999,5.26,Tonnes of CO2-equivalent,Transport
Solomon Islands,1999,0.15,Tonnes of CO2-equivalent,Transport
Sierra Leone,1999,0.09,Tonnes of CO2-equivalent,Transport
El Salvador,1999,2.67,Tonnes of CO2-equivalent,Transport
Somalia,1999,0.16,Tonnes of CO2-equivalent,Transport
Serbia,1999,2.65,Tonnes of CO2-equivalent,Transport
Sao Tome and Principe,1999,0.03,Tonnes of CO2-equivalent,Transport
Slovak Republic,1999,4.35,Tonnes of CO2-equivalent,Transport
Slovenia,1999,3.69,Tonnes of CO2-equivalent,Transport
Sweden,1999,21.64,Tonnes of CO2-equivalent,Transport
Eswatini,1999,0.5,Tonnes of CO2-equivalent,Transport
Seychelles,1999,0.11,Tonnes of CO2-equivalent,Transport
Syrian Arab Republic,1999,8.18,Tonnes of CO2-equivalent,Transport
Chad,1999,0.35,Tonnes of CO2-equivalent,Transport
Togo,1999,0.59,Tonnes of CO2-equivalent,Transport
Thailand,1999,47.42,Tonnes of CO2-equivalent,Transport
Tajikistan,1999,0.06,Tonnes of CO2-equivalent,Transport
Turkmenistan,1999,4.24,Tonnes of CO2-equivalent,Transport
Timor-Leste,1999,0.0,Tonnes of CO2-equivalent,Transport
Tonga,1999,0.07,Tonnes of CO2-equivalent,Transport
Trinidad and Tobago,1999,1.61,Tonnes of CO2-equivalent,Transport
Tunisia,1999,3.93,Tonnes of CO2-equivalent,Transport
Turkiye,1999,34.15,Tonnes of CO2-equivalent,Transport
Tuvalu,1999,0.0,Tonnes of CO2-equivalent,Transport
Tanzania,1999,1.18,Tonnes of CO2-equivalent,Transport
Uganda,1999,0.91,Tonnes of CO2-equivalent,Transport
Ukraine,1999,28.75,Tonnes of CO2-equivalent,Transport
Uruguay,1999,2.85,Tonnes of CO2-equivalent,Transport
United States,1999,1735.15,Tonnes of CO2-equivalent,Transport
Uzbekistan,1999,13.78,Tonnes of CO2-equivalent,Transport
St. Vincent and the Grenadines,1999,0.1,Tonnes of CO2-equivalent,Transport
"Venezuela, RB",1999,33.95,Tonnes of CO2-equivalent,Transport
Viet Nam,1999,10.05,Tonnes of CO2-equivalent,Transport
Vanuatu,1999,0.05,Tonnes of CO2-equivalent,Transport
World,1999,5738.37,Tonnes of CO2-equivalent,Transport
Samoa,1999,0.09,Tonnes of CO2-equivalent,Transport
"Yemen, Rep.",1999,4.65,Tonnes of CO2-equivalent,Transport
South Africa,1999,36.42,Tonnes of CO2-equivalent,Transport
Zambia,1999,0.7,Tonnes of CO2-equivalent,Transport
Zimbabwe,1999,3.22,Tonnes of CO2-equivalent,Transport
Afghanistan,1998,0.67,Tonnes of CO2-equivalent,Transport
Angola,1998,0.85,Tonnes of CO2-equivalent,Transport
Albania,1998,0.76,Tonnes of CO2-equivalent,Transport
United Arab Emirates,1998,13.5,Tonnes of CO2-equivalent,Transport
Argentina,1998,44.65,Tonnes of CO2-equivalent,Transport
Armenia,1998,0.07,Tonnes of CO2-equivalent,Transport
Antigua and Barbuda,1998,0.16,Tonnes of CO2-equivalent,Transport
Australia,1998,73.44,Tonnes of CO2-equivalent,Transport
Austria,1998,18.74,Tonnes of CO2-equivalent,Transport
Azerbaijan,1998,3.08,Tonnes of CO2-equivalent,Transport
Burundi,1998,0.16,Tonnes of CO2-equivalent,Transport
Belgium,1998,24.52,Tonnes of CO2-equivalent,Transport
Benin,1998,0.77,Tonnes of CO2-equivalent,Transport
Burkina Faso,1998,0.42,Tonnes of CO2-equivalent,Transport
Bangladesh,1998,3.53,Tonnes of CO2-equivalent,Transport
Bulgaria,1998,5.57,Tonnes of CO2-equivalent,Transport
Bahrain,1998,1.43,Tonnes of CO2-equivalent,Transport
"Bahamas, The",1998,0.18,Tonnes of CO2-equivalent,Transport
Bosnia and Herzegovina,1998,1.43,Tonnes of CO2-equivalent,Transport
Belarus,1998,8.35,Tonnes of CO2-equivalent,Transport
Belize,1998,0.26,Tonnes of CO2-equivalent,Transport
Bolivia,1998,3.26,Tonnes of CO2-equivalent,Transport
Brazil,1998,130.61,Tonnes of CO2-equivalent,Transport
Barbados,1998,0.34,Tonnes of CO2-equivalent,Transport
Brunei Darussalam,1998,0.85,Tonnes of CO2-equivalent,Transport
Bhutan,1998,0.09,Tonnes of CO2-equivalent,Transport
Botswana,1998,1.07,Tonnes of CO2-equivalent,Transport
Central African Republic,1998,0.12,Tonnes of CO2-equivalent,Transport
Canada,1998,151.7,Tonnes of CO2-equivalent,Transport
Switzerland,1998,15.45,Tonnes of CO2-equivalent,Transport
Chile,1998,16.95,Tonnes of CO2-equivalent,Transport
China,1998,144.05,Tonnes of CO2-equivalent,Transport
Cote d'Ivoire,1998,1.25,Tonnes of CO2-equivalent,Transport
Cameroon,1998,1.92,Tonnes of CO2-equivalent,Transport
"Congo, Dem. Rep.",1998,0.47,Tonnes of CO2-equivalent,Transport
"Congo, Rep.",1998,0.32,Tonnes of CO2-equivalent,Transport
Cook Islands,1998,0.04,Tonnes of CO2-equivalent,Transport
Colombia,1998,22.06,Tonnes of CO2-equivalent,Transport
Comoros,1998,0.06,Tonnes of CO2-equivalent,Transport
Cabo Verde,1998,0.12,Tonnes of CO2-equivalent,Transport
Costa Rica,1998,3.04,Tonnes of CO2-equivalent,Transport
Cuba,1998,2.55,Tonnes of CO2-equivalent,Transport
Cyprus,1998,1.7,Tonnes of CO2-equivalent,Transport
Czechia,1998,11.0,Tonnes of CO2-equivalent,Transport
Germany,1998,177.54,Tonnes of CO2-equivalent,Transport
Djibouti,1998,0.1,Tonnes of CO2-equivalent,Transport
Dominica,1998,0.05,Tonnes of CO2-equivalent,Transport
Denmark,1998,12.26,Tonnes of CO2-equivalent,Transport
Dominican Republic,1998,5.02,Tonnes of CO2-equivalent,Transport
Algeria,1998,15.81,Tonnes of CO2-equivalent,Transport
Ecuador,1998,10.21,Tonnes of CO2-equivalent,Transport
"Egypt, Arab Rep.",1998,27.27,Tonnes of CO2-equivalent,Transport
Eritrea,1998,0.23,Tonnes of CO2-equivalent,Transport
Spain,1998,86.22,Tonnes of CO2-equivalent,Transport
Estonia,1998,1.84,Tonnes of CO2-equivalent,Transport
Ethiopia,1998,1.44,Tonnes of CO2-equivalent,Transport
European Union,1998,770.01,Tonnes of CO2-equivalent,Transport
Finland,1998,12.16,Tonnes of CO2-equivalent,Transport
Fiji,1998,0.42,Tonnes of CO2-equivalent,Transport
France,1998,132.25,Tonnes of CO2-equivalent,Transport
"Micronesia, Fed. Sts.",1998,0.12,Tonnes of CO2-equivalent,Transport
Gabon,1998,0.42,Tonnes of CO2-equivalent,Transport
United Kingdom,1998,124.53,Tonnes of CO2-equivalent,Transport
Georgia,1998,1.29,Tonnes of CO2-equivalent,Transport
Ghana,1998,2.86,Tonnes of CO2-equivalent,Transport
Guinea,1998,0.4,Tonnes of CO2-equivalent,Transport
"Gambia, The",1998,0.09,Tonnes of CO2-equivalent,Transport
Guinea-Bissau,1998,0.06,Tonnes of CO2-equivalent,Transport
Equatorial Guinea,1998,0.08,Tonnes of CO2-equivalent,Transport
Greece,1998,19.9,Tonnes of CO2-equivalent,Transport
Grenada,1998,0.08,Tonnes of CO2-equivalent,Transport
Guatemala,1998,3.53,Tonnes of CO2-equivalent,Transport
Guyana,1998,0.53,Tonnes of CO2-equivalent,Transport
Honduras,1998,1.87,Tonnes of CO2-equivalent,Transport
Croatia,1998,4.05,Tonnes of CO2-equivalent,Transport
Haiti,1998,0.65,Tonnes of CO2-equivalent,Transport
Hungary,1998,8.65,Tonnes of CO2-equivalent,Transport
Indonesia,1998,60.62,Tonnes of CO2-equivalent,Transport
India,1998,91.02,Tonnes of CO2-equivalent,Transport
Ireland,1998,8.67,Tonnes of CO2-equivalent,Transport
"Iran, Islamic Rep.",1998,65.36,Tonnes of CO2-equivalent,Transport
Iraq,1998,24.82,Tonnes of CO2-equivalent,Transport
Iceland,1998,0.63,Tonnes of CO2-equivalent,Transport
Israel,1998,12.1,Tonnes of CO2-equivalent,Transport
Italy,1998,116.41,Tonnes of CO2-equivalent,Transport
Jamaica,1998,1.9,Tonnes of CO2-equivalent,Transport
Jordan,1998,3.33,Tonnes of CO2-equivalent,Transport
Japan,1998,266.23,Tonnes of CO2-equivalent,Transport
Kazakhstan,1998,8.25,Tonnes of CO2-equivalent,Transport
Kenya,1998,2.8,Tonnes of CO2-equivalent,Transport
Kyrgyz Republic,1998,1.26,Tonnes of CO2-equivalent,Transport
Cambodia,1998,1.44,Tonnes of CO2-equivalent,Transport
Kiribati,1998,0.02,Tonnes of CO2-equivalent,Transport
St. Kitts and Nevis,1998,0.05,Tonnes of CO2-equivalent,Transport
"Korea, Rep.",1998,66.72,Tonnes of CO2-equivalent,Transport
Kuwait,1998,6.03,Tonnes of CO2-equivalent,Transport
Lebanon,1998,4.61,Tonnes of CO2-equivalent,Transport
Liberia,1998,0.12,Tonnes of CO2-equivalent,Transport
Libya,1998,10.2,Tonnes of CO2-equivalent,Transport
St. Lucia,1998,0.17,Tonnes of CO2-equivalent,Transport
Sri Lanka,1998,4.97,Tonnes of CO2-equivalent,Transport
Lesotho,1998,0.27,Tonnes of CO2-equivalent,Transport
Lithuania,1998,3.94,Tonnes of CO2-equivalent,Transport
Luxembourg,1998,3.92,Tonnes of CO2-equivalent,Transport
Latvia,1998,2.02,Tonnes of CO2-equivalent,Transport
Morocco,1998,7.41,Tonnes of CO2-equivalent,Transport
Moldova,1998,1.11,Tonnes of CO2-equivalent,Transport
Madagascar,1998,0.85,Tonnes of CO2-equivalent,Transport
Maldives,1998,0.22,Tonnes of CO2-equivalent,Transport
Mexico,1998,101.32,Tonnes of CO2-equivalent,Transport
Marshall Islands,1998,0.04,Tonnes of CO2-equivalent,Transport
North Macedonia,1998,1.04,Tonnes of CO2-equivalent,Transport
Malta,1998,0.67,Tonnes of CO2-equivalent,Transport
Myanmar,1998,3.02,Tonnes of CO2-equivalent,Transport
Mongolia,1998,0.82,Tonnes of CO2-equivalent,Transport
Mozambique,1998,0.86,Tonnes of CO2-equivalent,Transport
Mauritania,1998,0.0,Tonnes of CO2-equivalent,Transport
Mauritius,1998,0.54,Tonnes of CO2-equivalent,Transport
Malawi,1998,0.43,Tonnes of CO2-equivalent,Transport
Malaysia,1998,25.87,Tonnes of CO2-equivalent,Transport
Namibia,1998,1.14,Tonnes of CO2-equivalent,Transport
Niger,1998,0.24,Tonnes of CO2-equivalent,Transport
Nigeria,1998,18.54,Tonnes of CO2-equivalent,Transport
Nicaragua,1998,1.37,Tonnes of CO2-equivalent,Transport
Niue,1998,0.0,Tonnes of CO2-equivalent,Transport
Netherlands,1998,32.32,Tonnes of CO2-equivalent,Transport
Norway,1998,12.97,Tonnes of CO2-equivalent,Transport
Nepal,1998,0.79,Tonnes of CO2-equivalent,Transport
Nauru,1998,0.03,Tonnes of CO2-equivalent,Transport
New Zealand,1998,11.62,Tonnes of CO2-equivalent,Transport
Oman,1998,2.57,Tonnes of CO2-equivalent,Transport
Pakistan,1998,25.13,Tonnes of CO2-equivalent,Transport
Panama,1998,2.22,Tonnes of CO2-equivalent,Transport
Peru,1998,9.57,Tonnes of CO2-equivalent,Transport
Philippines,1998,25.99,Tonnes of CO2-equivalent,Transport
Palau,1998,0.11,Tonnes of CO2-equivalent,Transport
Papua New Guinea,1998,0.75,Tonnes of CO2-equivalent,Transport
Poland,1998,29.0,Tonnes of CO2-equivalent,Transport
"Korea, Dem. People's Rep.",1998,2.17,Tonnes of CO2-equivalent,Transport
Portugal,1998,15.9,Tonnes of CO2-equivalent,Transport
Paraguay,1998,3.56,Tonnes of CO2-equivalent,Transport
Qatar,1998,2.53,Tonnes of CO2-equivalent,Transport
Romania,1998,11.39,Tonnes of CO2-equivalent,Transport
Russian Federation,1998,200.26,Tonnes of CO2-equivalent,Transport
Rwanda,1998,0.36,Tonnes of CO2-equivalent,Transport
Saudi Arabia,1998,59.41,Tonnes of CO2-equivalent,Transport
Sudan,1998,3.05,Tonnes of CO2-equivalent,Transport
Senegal,1998,1.04,Tonnes of CO2-equivalent,Transport
Singapore,1998,5.2,Tonnes of CO2-equivalent,Transport
Solomon Islands,1998,0.15,Tonnes of CO2-equivalent,Transport
Sierra Leone,1998,0.1,Tonnes of CO2-equivalent,Transport
El Salvador,1998,2.35,Tonnes of CO2-equivalent,Transport
Somalia,1998,0.18,Tonnes of CO2-equivalent,Transport
Serbia,1998,5.02,Tonnes of CO2-equivalent,Transport
Sao Tome and Principe,1998,0.03,Tonnes of CO2-equivalent,Transport
Slovak Republic,1998,4.28,Tonnes of CO2-equivalent,Transport
Slovenia,1998,3.9,Tonnes of CO2-equivalent,Transport
Sweden,1998,21.19,Tonnes of CO2-equivalent,Transport
Eswatini,1998,0.44,Tonnes of CO2-equivalent,Transport
Seychelles,1998,0.09,Tonnes of CO2-equivalent,Transport
Syrian Arab Republic,1998,9.52,Tonnes of CO2-equivalent,Transport
Chad,1998,0.34,Tonnes of CO2-equivalent,Transport
Togo,1998,0.5,Tonnes of CO2-equivalent,Transport
Thailand,1998,45.9,Tonnes of CO2-equivalent,Transport
Tajikistan,1998,0.12,Tonnes of CO2-equivalent,Transport
Turkmenistan,1998,3.34,Tonnes of CO2-equivalent,Transport
Timor-Leste,1998,0.0,Tonnes of CO2-equivalent,Transport
Tonga,1998,0.06,Tonnes of CO2-equivalent,Transport
Trinidad and Tobago,1998,1.6,Tonnes of CO2-equivalent,Transport
Tunisia,1998,3.69,Tonnes of CO2-equivalent,Transport
Turkiye,1998,32.55,Tonnes of CO2-equivalent,Transport
Tuvalu,1998,0.0,Tonnes of CO2-equivalent,Transport
Tanzania,1998,1.42,Tonnes of CO2-equivalent,Transport
Uganda,1998,0.91,Tonnes of CO2-equivalent,Transport
Ukraine,1998,34.38,Tonnes of CO2-equivalent,Transport
Uruguay,1998,2.75,Tonnes of CO2-equivalent,Transport
United States,1998,1688.19,Tonnes of CO2-equivalent,Transport
Uzbekistan,1998,13.21,Tonnes of CO2-equivalent,Transport
St. Vincent and the Grenadines,1998,0.11,Tonnes of CO2-equivalent,Transport
"Venezuela, RB",1998,34.27,Tonnes of CO2-equivalent,Transport
Viet Nam,1998,9.4,Tonnes of CO2-equivalent,Transport
Vanuatu,1998,0.05,Tonnes of CO2-equivalent,Transport
World,1998,5573.93,Tonnes of CO2-equivalent,Transport
Samoa,1998,0.09,Tonnes of CO2-equivalent,Transport
"Yemen, Rep.",1998,4.2,Tonnes of CO2-equivalent,Transport
South Africa,1998,35.93,Tonnes of CO2-equivalent,Transport
Zambia,1998,0.72,Tonnes of CO2-equivalent,Transport
Zimbabwe,1998,2.18,Tonnes of CO2-equivalent,Transport
Afghanistan,1998,0.67,Tonnes of CO2-equivalent,Transport
Angola,1998,0.85,Tonnes of CO2-equivalent,Transport
Albania,1998,0.76,Tonnes of CO2-equivalent,Transport
United Arab Emirates,1998,13.5,Tonnes of CO2-equivalent,Transport
Argentina,1998,44.65,Tonnes of CO2-equivalent,Transport
Armenia,1998,0.07,Tonnes of CO2-equivalent,Transport
Antigua and Barbuda,1998,0.16,Tonnes of CO2-equivalent,Transport
Australia,1998,73.44,Tonnes of CO2-equivalent,Transport
Austria,1998,18.74,Tonnes of CO2-equivalent,Transport
Azerbaijan,1998,3.08,Tonnes of CO2-equivalent,Transport
Burundi,1998,0.16,Tonnes of CO2-equivalent,Transport
Belgium,1998,24.52,Tonnes of CO2-equivalent,Transport
Benin,1998,0.77,Tonnes of CO2-equivalent,Transport
Burkina Faso,1998,0.42,Tonnes of CO2-equivalent,Transport
Bangladesh,1998,3.53,Tonnes of CO2-equivalent,Transport
Bulgaria,1998,5.57,Tonnes of CO2-equivalent,Transport
Bahrain,1998,1.43,Tonnes of CO2-equivalent,Transport
"Bahamas, The",1998,0.18,Tonnes of CO2-equivalent,Transport
Bosnia and Herzegovina,1998,1.43,Tonnes of CO2-equivalent,Transport
Belarus,1998,8.35,Tonnes of CO2-equivalent,Transport
Belize,1998,0.26,Tonnes of CO2-equivalent,Transport
Bolivia,1998,3.26,Tonnes of CO2-equivalent,Transport
Brazil,1998,130.61,Tonnes of CO2-equivalent,Transport
Barbados,1998,0.34,Tonnes of CO2-equivalent,Transport
Brunei Darussalam,1998,0.85,Tonnes of CO2-equivalent,Transport
Bhutan,1998,0.09,Tonnes of CO2-equivalent,Transport
Botswana,1998,1.07,Tonnes of CO2-equivalent,Transport
Central African Republic,1998,0.12,Tonnes of CO2-equivalent,Transport
Canada,1998,151.7,Tonnes of CO2-equivalent,Transport
Switzerland,1998,15.45,Tonnes of CO2-equivalent,Transport
Chile,1998,16.95,Tonnes of CO2-equivalent,Transport
China,1998,144.05,Tonnes of CO2-equivalent,Transport
Cote d'Ivoire,1998,1.25,Tonnes of CO2-equivalent,Transport
Cameroon,1998,1.92,Tonnes of CO2-equivalent,Transport
"Congo, Dem. Rep.",1998,0.47,Tonnes of CO2-equivalent,Transport
"Congo, Rep.",1998,0.32,Tonnes of CO2-equivalent,Transport
Cook Islands,1998,0.04,Tonnes of CO2-equivalent,Transport
Colombia,1998,22.06,Tonnes of CO2-equivalent,Transport
Comoros,1998,0.06,Tonnes of CO2-equivalent,Transport
Cabo Verde,1998,0.12,Tonnes of CO2-equivalent,Transport
Costa Rica,1998,3.04,Tonnes of CO2-equivalent,Transport
Cuba,1998,2.55,Tonnes of CO2-equivalent,Transport
Cyprus,1998,1.7,Tonnes of CO2-equivalent,Transport
Czechia,1998,11.0,Tonnes of CO2-equivalent,Transport
Germany,1998,177.54,Tonnes of CO2-equivalent,Transport
Djibouti,1998,0.1,Tonnes of CO2-equivalent,Transport
Dominica,1998,0.05,Tonnes of CO2-equivalent,Transport
Denmark,1998,12.26,Tonnes of CO2-equivalent,Transport
Dominican Republic,1998,5.02,Tonnes of CO2-equivalent,Transport
Algeria,1998,15.81,Tonnes of CO2-equivalent,Transport
Ecuador,1998,10.21,Tonnes of CO2-equivalent,Transport
"Egypt, Arab Rep.",1998,27.27,Tonnes of CO2-equivalent,Transport
Eritrea,1998,0.23,Tonnes of CO2-equivalent,Transport
Spain,1998,86.22,Tonnes of CO2-equivalent,Transport
Estonia,1998,1.84,Tonnes of CO2-equivalent,Transport
Ethiopia,1998,1.44,Tonnes of CO2-equivalent,Transport
European Union,1998,770.01,Tonnes of CO2-equivalent,Transport
Finland,1998,12.16,Tonnes of CO2-equivalent,Transport
Fiji,1998,0.42,Tonnes of CO2-equivalent,Transport
France,1998,132.25,Tonnes of CO2-equivalent,Transport
"Micronesia, Fed. Sts.",1998,0.12,Tonnes of CO2-equivalent,Transport
Gabon,1998,0.42,Tonnes of CO2-equivalent,Transport
United Kingdom,1998,124.53,Tonnes of CO2-equivalent,Transport
Georgia,1998,1.29,Tonnes of CO2-equivalent,Transport
Ghana,1998,2.86,Tonnes of CO2-equivalent,Transport
Guinea,1998,0.4,Tonnes of CO2-equivalent,Transport
"Gambia, The",1998,0.09,Tonnes of CO2-equivalent,Transport
Guinea-Bissau,1998,0.06,Tonnes of CO2-equivalent,Transport
Equatorial Guinea,1998,0.08,Tonnes of CO2-equivalent,Transport
Greece,1998,19.9,Tonnes of CO2-equivalent,Transport
Grenada,1998,0.08,Tonnes of CO2-equivalent,Transport
Guatemala,1998,3.53,Tonnes of CO2-equivalent,Transport
Guyana,1998,0.53,Tonnes of CO2-equivalent,Transport
Honduras,1998,1.87,Tonnes of CO2-equivalent,Transport
Croatia,1998,4.05,Tonnes of CO2-equivalent,Transport
Haiti,1998,0.65,Tonnes of CO2-equivalent,Transport
Hungary,1998,8.65,Tonnes of CO2-equivalent,Transport
Indonesia,1998,60.62,Tonnes of CO2-equivalent,Transport
India,1998,91.02,Tonnes of CO2-equivalent,Transport
Ireland,1998,8.67,Tonnes of CO2-equivalent,Transport
"Iran, Islamic Rep.",1998,65.36,Tonnes of CO2-equivalent,Transport
Iraq,1998,24.82,Tonnes of CO2-equivalent,Transport
Iceland,1998,0.63,Tonnes of CO2-equivalent,Transport
Israel,1998,12.1,Tonnes of CO2-equivalent,Transport
Italy,1998,116.41,Tonnes of CO2-equivalent,Transport
Jamaica,1998,1.9,Tonnes of CO2-equivalent,Transport
Jordan,1998,3.33,Tonnes of CO2-equivalent,Transport
Japan,1998,266.23,Tonnes of CO2-equivalent,Transport
Kazakhstan,1998,8.25,Tonnes of CO2-equivalent,Transport
Kenya,1998,2.8,Tonnes of CO2-equivalent,Transport
Kyrgyz Republic,1998,1.26,Tonnes of CO2-equivalent,Transport
Cambodia,1998,1.44,Tonnes of CO2-equivalent,Transport
Kiribati,1998,0.02,Tonnes of CO2-equivalent,Transport
St. Kitts and Nevis,1998,0.05,Tonnes of CO2-equivalent,Transport
"Korea, Rep.",1998,66.72,Tonnes of CO2-equivalent,Transport
Kuwait,1998,6.03,Tonnes of CO2-equivalent,Transport
Lebanon,1998,4.61,Tonnes of CO2-equivalent,Transport
Liberia,1998,0.12,Tonnes of CO2-equivalent,Transport
Libya,1998,10.2,Tonnes of CO2-equivalent,Transport
St. Lucia,1998,0.17,Tonnes of CO2-equivalent,Transport
Sri Lanka,1998,4.97,Tonnes of CO2-equivalent,Transport
Lesotho,1998,0.27,Tonnes of CO2-equivalent,Transport
Lithuania,1998,3.94,Tonnes of CO2-equivalent,Transport
Luxembourg,1998,3.92,Tonnes of CO2-equivalent,Transport
Latvia,1998,2.02,Tonnes of CO2-equivalent,Transport
Morocco,1998,7.41,Tonnes of CO2-equivalent,Transport
Moldova,1998,1.11,Tonnes of CO2-equivalent,Transport
Madagascar,1998,0.85,Tonnes of CO2-equivalent,Transport
Maldives,1998,0.22,Tonnes of CO2-equivalent,Transport
Mexico,1998,101.32,Tonnes of CO2-equivalent,Transport
Marshall Islands,1998,0.04,Tonnes of CO2-equivalent,Transport
North Macedonia,1998,1.04,Tonnes of CO2-equivalent,Transport
Malta,1998,0.67,Tonnes of CO2-equivalent,Transport
Myanmar,1998,3.02,Tonnes of CO2-equivalent,Transport
Mongolia,1998,0.82,Tonnes of CO2-equivalent,Transport
Mozambique,1998,0.86,Tonnes of CO2-equivalent,Transport
Mauritania,1998,0.0,Tonnes of CO2-equivalent,Transport
Mauritius,1998,0.54,Tonnes of CO2-equivalent,Transport
Malawi,1998,0.43,Tonnes of CO2-equivalent,Transport
Malaysia,1998,25.87,Tonnes of CO2-equivalent,Transport
Namibia,1998,1.14,Tonnes of CO2-equivalent,Transport
Niger,1998,0.24,Tonnes of CO2-equivalent,Transport
Nigeria,1998,18.54,Tonnes of CO2-equivalent,Transport
Nicaragua,1998,1.37,Tonnes of CO2-equivalent,Transport
Niue,1998,0.0,Tonnes of CO2-equivalent,Transport
Netherlands,1998,32.32,Tonnes of CO2-equivalent,Transport
Norway,1998,12.97,Tonnes of CO2-equivalent,Transport
Nepal,1998,0.79,Tonnes of CO2-equivalent,Transport
Nauru,1998,0.03,Tonnes of CO2-equivalent,Transport
New Zealand,1998,11.62,Tonnes of CO2-equivalent,Transport
Oman,1998,2.57,Tonnes of CO2-equivalent,Transport
Pakistan,1998,25.13,Tonnes of CO2-equivalent,Transport
Panama,1998,2.22,Tonnes of CO2-equivalent,Transport
Peru,1998,9.57,Tonnes of CO2-equivalent,Transport
Philippines,1998,25.99,Tonnes of CO2-equivalent,Transport
Palau,1998,0.11,Tonnes of CO2-equivalent,Transport
Papua New Guinea,1998,0.75,Tonnes of CO2-equivalent,Transport
Poland,1998,29.0,Tonnes of CO2-equivalent,Transport
"Korea, Dem. People's Rep.",1998,2.17,Tonnes of CO2-equivalent,Transport
Portugal,1998,15.9,Tonnes of CO2-equivalent,Transport
Paraguay,1998,3.56,Tonnes of CO2-equivalent,Transport
Qatar,1998,2.53,Tonnes of CO2-equivalent,Transport
Romania,1998,11.39,Tonnes of CO2-equivalent,Transport
Russian Federation,1998,200.26,Tonnes of CO2-equivalent,Transport
Rwanda,1998,0.36,Tonnes of CO2-equivalent,Transport
Saudi Arabia,1998,59.41,Tonnes of CO2-equivalent,Transport
Sudan,1998,3.05,Tonnes of CO2-equivalent,Transport
Senegal,1998,1.04,Tonnes of CO2-equivalent,Transport
Singapore,1998,5.2,Tonnes of CO2-equivalent,Transport
Solomon Islands,1998,0.15,Tonnes of CO2-equivalent,Transport
Sierra Leone,1998,0.1,Tonnes of CO2-equivalent,Transport
El Salvador,1998,2.35,Tonnes of CO2-equivalent,Transport
Somalia,1998,0.18,Tonnes of CO2-equivalent,Transport
Serbia,1998,5.02,Tonnes of CO2-equivalent,Transport
Sao Tome and Principe,1998,0.03,Tonnes of CO2-equivalent,Transport
Slovak Republic,1998,4.28,Tonnes of CO2-equivalent,Transport
Slovenia,1998,3.9,Tonnes of CO2-equivalent,Transport
Sweden,1998,21.19,Tonnes of CO2-equivalent,Transport
Eswatini,1998,0.44,Tonnes of CO2-equivalent,Transport
Seychelles,1998,0.09,Tonnes of CO2-equivalent,Transport
Syrian Arab Republic,1998,9.52,Tonnes of CO2-equivalent,Transport
Chad,1998,0.34,Tonnes of CO2-equivalent,Transport
Togo,1998,0.5,Tonnes of CO2-equivalent,Transport
Thailand,1998,45.9,Tonnes of CO2-equivalent,Transport
Tajikistan,1998,0.12,Tonnes of CO2-equivalent,Transport
Turkmenistan,1998,3.34,Tonnes of CO2-equivalent,Transport
Timor-Leste,1998,0.0,Tonnes of CO2-equivalent,Transport
Tonga,1998,0.06,Tonnes of CO2-equivalent,Transport
Trinidad and Tobago,1998,1.6,Tonnes of CO2-equivalent,Transport
Tunisia,1998,3.69,Tonnes of CO2-equivalent,Transport
Turkiye,1998,32.55,Tonnes of CO2-equivalent,Transport
Tuvalu,1998,0.0,Tonnes of CO2-equivalent,Transport
Tanzania,1998,1.42,Tonnes of CO2-equivalent,Transport
Uganda,1998,0.91,Tonnes of CO2-equivalent,Transport
Ukraine,1998,34.38,Tonnes of CO2-equivalent,Transport
Uruguay,1998,2.75,Tonnes of CO2-equivalent,Transport
United States,1998,1688.19,Tonnes of CO2-equivalent,Transport
Uzbekistan,1998,13.21,Tonnes of CO2-equivalent,Transport
St. Vincent and the Grenadines,1998,0.11,Tonnes of CO2-equivalent,Transport
"Venezuela, RB",1998,34.27,Tonnes of CO2-equivalent,Transport
Viet Nam,1998,9.4,Tonnes of CO2-equivalent,Transport
Vanuatu,1998,0.05,Tonnes of CO2-equivalent,Transport
World,1998,5573.93,Tonnes of CO2-equivalent,Transport
Samoa,1998,0.09,Tonnes of CO2-equivalent,Transport
"Yemen, Rep.",1998,4.2,Tonnes of CO2-equivalent,Transport
South Africa,1998,35.93,Tonnes of CO2-equivalent,Transport
Zambia,1998,0.72,Tonnes of CO2-equivalent,Transport
Zimbabwe,1998,2.18,Tonnes of CO2-equivalent,Transport
Afghanistan,1997,0.67,Tonnes of CO2-equivalent,Transport
Angola,1997,1.08,Tonnes of CO2-equivalent,Transport
Albania,1997,0.51,Tonnes of CO2-equivalent,Transport
United Arab Emirates,1997,13.51,Tonnes of CO2-equivalent,Transport
Argentina,1997,41.96,Tonnes of CO2-equivalent,Transport
Armenia,1997,0.07,Tonnes of CO2-equivalent,Transport
Antigua and Barbuda,1997,0.16,Tonnes of CO2-equivalent,Transport
Australia,1997,73.42,Tonnes of CO2-equivalent,Transport
Austria,1997,16.6,Tonnes of CO2-equivalent,Transport
Azerbaijan,1997,3.31,Tonnes of CO2-equivalent,Transport
Burundi,1997,0.16,Tonnes of CO2-equivalent,Transport
Belgium,1997,23.78,Tonnes of CO2-equivalent,Transport
Benin,1997,0.7,Tonnes of CO2-equivalent,Transport
Burkina Faso,1997,0.36,Tonnes of CO2-equivalent,Transport
Bangladesh,1997,3.45,Tonnes of CO2-equivalent,Transport
Bulgaria,1997,4.4,Tonnes of CO2-equivalent,Transport
Bahrain,1997,1.36,Tonnes of CO2-equivalent,Transport
"Bahamas, The",1997,0.18,Tonnes of CO2-equivalent,Transport
Bosnia and Herzegovina,1997,1.08,Tonnes of CO2-equivalent,Transport
Belarus,1997,7.92,Tonnes of CO2-equivalent,Transport
Belize,1997,0.26,Tonnes of CO2-equivalent,Transport
Bolivia,1997,3.16,Tonnes of CO2-equivalent,Transport
Brazil,1997,124.16,Tonnes of CO2-equivalent,Transport
Barbados,1997,0.3,Tonnes of CO2-equivalent,Transport
Brunei Darussalam,1997,0.9,Tonnes of CO2-equivalent,Transport
Bhutan,1997,0.08,Tonnes of CO2-equivalent,Transport
Botswana,1997,1.0,Tonnes of CO2-equivalent,Transport
Central African Republic,1997,0.1,Tonnes of CO2-equivalent,Transport
Canada,1997,149.02,Tonnes of CO2-equivalent,Transport
Switzerland,1997,15.31,Tonnes of CO2-equivalent,Transport
Chile,1997,16.11,Tonnes of CO2-equivalent,Transport
China,1997,149.92,Tonnes of CO2-equivalent,Transport
Cote d'Ivoire,1997,1.42,Tonnes of CO2-equivalent,Transport
Cameroon,1997,1.87,Tonnes of CO2-equivalent,Transport
"Congo, Dem. Rep.",1997,0.46,Tonnes of CO2-equivalent,Transport
"Congo, Rep.",1997,0.25,Tonnes of CO2-equivalent,Transport
Cook Islands,1997,0.04,Tonnes of CO2-equivalent,Transport
Colombia,1997,22.54,Tonnes of CO2-equivalent,Transport
Comoros,1997,0.05,Tonnes of CO2-equivalent,Transport
Cabo Verde,1997,0.11,Tonnes of CO2-equivalent,Transport
Costa Rica,1997,2.74,Tonnes of CO2-equivalent,Transport
Cuba,1997,2.82,Tonnes of CO2-equivalent,Transport
Cyprus,1997,1.62,Tonnes of CO2-equivalent,Transport
Czechia,1997,10.71,Tonnes of CO2-equivalent,Transport
Germany,1997,174.5,Tonnes of CO2-equivalent,Transport
Djibouti,1997,0.06,Tonnes of CO2-equivalent,Transport
Dominica,1997,0.05,Tonnes of CO2-equivalent,Transport
Denmark,1997,12.23,Tonnes of CO2-equivalent,Transport
Dominican Republic,1997,4.58,Tonnes of CO2-equivalent,Transport
Algeria,1997,15.35,Tonnes of CO2-equivalent,Transport
Ecuador,1997,10.91,Tonnes of CO2-equivalent,Transport
"Egypt, Arab Rep.",1997,24.56,Tonnes of CO2-equivalent,Transport
Eritrea,1997,0.37,Tonnes of CO2-equivalent,Transport
Spain,1997,78.69,Tonnes of CO2-equivalent,Transport
Estonia,1997,1.77,Tonnes of CO2-equivalent,Transport
Ethiopia,1997,1.31,Tonnes of CO2-equivalent,Transport
European Union,1997,740.28,Tonnes of CO2-equivalent,Transport
Finland,1997,12.0,Tonnes of CO2-equivalent,Transport
Fiji,1997,0.43,Tonnes of CO2-equivalent,Transport
France,1997,127.69,Tonnes of CO2-equivalent,Transport
"Micronesia, Fed. Sts.",1997,0.12,Tonnes of CO2-equivalent,Transport
Gabon,1997,0.39,Tonnes of CO2-equivalent,Transport
United Kingdom,1997,125.33,Tonnes of CO2-equivalent,Transport
Georgia,1997,1.95,Tonnes of CO2-equivalent,Transport
Ghana,1997,2.4,Tonnes of CO2-equivalent,Transport
Guinea,1997,0.35,Tonnes of CO2-equivalent,Transport
"Gambia, The",1997,0.09,Tonnes of CO2-equivalent,Transport
Guinea-Bissau,1997,0.06,Tonnes of CO2-equivalent,Transport
Equatorial Guinea,1997,0.09,Tonnes of CO2-equivalent,Transport
Greece,1997,18.23,Tonnes of CO2-equivalent,Transport
Grenada,1997,0.08,Tonnes of CO2-equivalent,Transport
Guatemala,1997,2.96,Tonnes of CO2-equivalent,Transport
Guyana,1997,0.53,Tonnes of CO2-equivalent,Transport
Honduras,1997,1.69,Tonnes of CO2-equivalent,Transport
Croatia,1997,3.91,Tonnes of CO2-equivalent,Transport
Haiti,1997,0.59,Tonnes of CO2-equivalent,Transport
Hungary,1997,7.77,Tonnes of CO2-equivalent,Transport
Indonesia,1997,62.07,Tonnes of CO2-equivalent,Transport
India,1997,87.97,Tonnes of CO2-equivalent,Transport
Ireland,1997,7.35,Tonnes of CO2-equivalent,Transport
"Iran, Islamic Rep.",1997,62.8,Tonnes of CO2-equivalent,Transport
Iraq,1997,24.35,Tonnes of CO2-equivalent,Transport
Iceland,1997,0.6,Tonnes of CO2-equivalent,Transport
Israel,1997,12.98,Tonnes of CO2-equivalent,Transport
Italy,1997,113.16,Tonnes of CO2-equivalent,Transport
Jamaica,1997,1.75,Tonnes of CO2-equivalent,Transport
Jordan,1997,3.29,Tonnes of CO2-equivalent,Transport
Japan,1997,266.98,Tonnes of CO2-equivalent,Transport
Kazakhstan,1997,7.31,Tonnes of CO2-equivalent,Transport
Kenya,1997,2.74,Tonnes of CO2-equivalent,Transport
Kyrgyz Republic,1997,1.29,Tonnes of CO2-equivalent,Transport
Cambodia,1997,1.24,Tonnes of CO2-equivalent,Transport
Kiribati,1997,0.02,Tonnes of CO2-equivalent,Transport
St. Kitts and Nevis,1997,0.04,Tonnes of CO2-equivalent,Transport
"Korea, Rep.",1997,79.91,Tonnes of CO2-equivalent,Transport
Kuwait,1997,5.88,Tonnes of CO2-equivalent,Transport
Lebanon,1997,4.31,Tonnes of CO2-equivalent,Transport
Liberia,1997,0.11,Tonnes of CO2-equivalent,Transport
Libya,1997,10.35,Tonnes of CO2-equivalent,Transport
St. Lucia,1997,0.15,Tonnes of CO2-equivalent,Transport
Sri Lanka,1997,4.76,Tonnes of CO2-equivalent,Transport
Lesotho,1997,0.26,Tonnes of CO2-equivalent,Transport
Lithuania,1997,3.75,Tonnes of CO2-equivalent,Transport
Luxembourg,1997,3.75,Tonnes of CO2-equivalent,Transport
Latvia,1997,2.04,Tonnes of CO2-equivalent,Transport
Morocco,1997,6.97,Tonnes of CO2-equivalent,Transport
Moldova,1997,1.41,Tonnes of CO2-equivalent,Transport
Madagascar,1997,0.75,Tonnes of CO2-equivalent,Transport
Maldives,1997,0.25,Tonnes of CO2-equivalent,Transport
Mexico,1997,98.68,Tonnes of CO2-equivalent,Transport
Marshall Islands,1997,0.04,Tonnes of CO2-equivalent,Transport
North Macedonia,1997,1.52,Tonnes of CO2-equivalent,Transport
Malta,1997,0.76,Tonnes of CO2-equivalent,Transport
Myanmar,1997,2.45,Tonnes of CO2-equivalent,Transport
Mongolia,1997,0.84,Tonnes of CO2-equivalent,Transport
Mozambique,1997,0.84,Tonnes of CO2-equivalent,Transport
Mauritania,1997,0.0,Tonnes of CO2-equivalent,Transport
Mauritius,1997,0.54,Tonnes of CO2-equivalent,Transport
Malawi,1997,0.47,Tonnes of CO2-equivalent,Transport
Malaysia,1997,27.66,Tonnes of CO2-equivalent,Transport
Namibia,1997,1.1,Tonnes of CO2-equivalent,Transport
Niger,1997,0.2,Tonnes of CO2-equivalent,Transport
Nigeria,1997,22.51,Tonnes of CO2-equivalent,Transport
Nicaragua,1997,1.26,Tonnes of CO2-equivalent,Transport
Niue,1997,0.0,Tonnes of CO2-equivalent,Transport
Netherlands,1997,31.59,Tonnes of CO2-equivalent,Transport
Norway,1997,12.53,Tonnes of CO2-equivalent,Transport
Nepal,1997,0.75,Tonnes of CO2-equivalent,Transport
Nauru,1997,0.03,Tonnes of CO2-equivalent,Transport
New Zealand,1997,11.44,Tonnes of CO2-equivalent,Transport
Oman,1997,2.49,Tonnes of CO2-equivalent,Transport
Pakistan,1997,23.89,Tonnes of CO2-equivalent,Transport
Panama,1997,1.99,Tonnes of CO2-equivalent,Transport
Peru,1997,9.62,Tonnes of CO2-equivalent,Transport
Philippines,1997,25.27,Tonnes of CO2-equivalent,Transport
Palau,1997,0.11,Tonnes of CO2-equivalent,Transport
Papua New Guinea,1997,0.73,Tonnes of CO2-equivalent,Transport
Poland,1997,27.53,Tonnes of CO2-equivalent,Transport
"Korea, Dem. People's Rep.",1997,1.16,Tonnes of CO2-equivalent,Transport
Portugal,1997,14.61,Tonnes of CO2-equivalent,Transport
Paraguay,1997,3.4,Tonnes of CO2-equivalent,Transport
Qatar,1997,2.41,Tonnes of CO2-equivalent,Transport
Romania,1997,12.04,Tonnes of CO2-equivalent,Transport
Russian Federation,1997,170.22,Tonnes of CO2-equivalent,Transport
Rwanda,1997,0.37,Tonnes of CO2-equivalent,Transport
Saudi Arabia,1997,59.2,Tonnes of CO2-equivalent,Transport
Sudan,1997,3.2,Tonnes of CO2-equivalent,Transport
Senegal,1997,0.94,Tonnes of CO2-equivalent,Transport
Singapore,1997,5.19,Tonnes of CO2-equivalent,Transport
Solomon Islands,1997,0.15,Tonnes of CO2-equivalent,Transport
Sierra Leone,1997,0.1,Tonnes of CO2-equivalent,Transport
El Salvador,1997,2.19,Tonnes of CO2-equivalent,Transport
Somalia,1997,0.2,Tonnes of CO2-equivalent,Transport
Serbia,1997,6.48,Tonnes of CO2-equivalent,Transport
Sao Tome and Principe,1997,0.03,Tonnes of CO2-equivalent,Transport
Slovak Republic,1997,4.21,Tonnes of CO2-equivalent,Transport
Slovenia,1997,4.69,Tonnes of CO2-equivalent,Transport
Sweden,1997,20.9,Tonnes of CO2-equivalent,Transport
Eswatini,1997,0.42,Tonnes of CO2-equivalent,Transport
Seychelles,1997,0.08,Tonnes of CO2-equivalent,Transport
Syrian Arab Republic,1997,9.21,Tonnes of CO2-equivalent,Transport
Chad,1997,0.34,Tonnes of CO2-equivalent,Transport
Togo,1997,0.44,Tonnes of CO2-equivalent,Transport
Thailand,1997,52.98,Tonnes of CO2-equivalent,Transport
Tajikistan,1997,0.14,Tonnes of CO2-equivalent,Transport
Turkmenistan,1997,2.75,Tonnes of CO2-equivalent,Transport
Timor-Leste,1997,0.0,Tonnes of CO2-equivalent,Transport
Tonga,1997,0.07,Tonnes of CO2-equivalent,Transport
Trinidad and Tobago,1997,1.55,Tonnes of CO2-equivalent,Transport
Tunisia,1997,3.59,Tonnes of CO2-equivalent,Transport
Turkiye,1997,35.22,Tonnes of CO2-equivalent,Transport
Tuvalu,1997,0.0,Tonnes of CO2-equivalent,Transport
Tanzania,1997,1.2,Tonnes of CO2-equivalent,Transport
Uganda,1997,0.79,Tonnes of CO2-equivalent,Transport
Ukraine,1997,36.78,Tonnes of CO2-equivalent,Transport
Uruguay,1997,2.58,Tonnes of CO2-equivalent,Transport
United States,1997,1648.88,Tonnes of CO2-equivalent,Transport
Uzbekistan,1997,9.71,Tonnes of CO2-equivalent,Transport
St. Vincent and the Grenadines,1997,0.08,Tonnes of CO2-equivalent,Transport
"Venezuela, RB",1997,33.47,Tonnes of CO2-equivalent,Transport
Viet Nam,1997,8.94,Tonnes of CO2-equivalent,Transport
Vanuatu,1997,0.05,Tonnes of CO2-equivalent,Transport
World,1997,5447.39,Tonnes of CO2-equivalent,Transport
Samoa,1997,0.08,Tonnes of CO2-equivalent,Transport
"Yemen, Rep.",1997,3.9,Tonnes of CO2-equivalent,Transport
South Africa,1997,36.27,Tonnes of CO2-equivalent,Transport
Zambia,1997,0.75,Tonnes of CO2-equivalent,Transport
Zimbabwe,1997,2.19,Tonnes of CO2-equivalent,Transport
Afghanistan,1997,0.67,Tonnes of CO2-equivalent,Transport
Angola,1997,1.08,Tonnes of CO2-equivalent,Transport
Albania,1997,0.51,Tonnes of CO2-equivalent,Transport
United Arab Emirates,1997,13.51,Tonnes of CO2-equivalent,Transport
Argentina,1997,41.96,Tonnes of CO2-equivalent,Transport
Armenia,1997,0.07,Tonnes of CO2-equivalent,Transport
Antigua and Barbuda,1997,0.16,Tonnes of CO2-equivalent,Transport
Australia,1997,73.42,Tonnes of CO2-equivalent,Transport
Austria,1997,16.6,Tonnes of CO2-equivalent,Transport
Azerbaijan,1997,3.31,Tonnes of CO2-equivalent,Transport
Burundi,1997,0.16,Tonnes of CO2-equivalent,Transport
Belgium,1997,23.78,Tonnes of CO2-equivalent,Transport
Benin,1997,0.7,Tonnes of CO2-equivalent,Transport
Burkina Faso,1997,0.36,Tonnes of CO2-equivalent,Transport
Bangladesh,1997,3.45,Tonnes of CO2-equivalent,Transport
Bulgaria,1997,4.4,Tonnes of CO2-equivalent,Transport
Bahrain,1997,1.36,Tonnes of CO2-equivalent,Transport
"Bahamas, The",1997,0.18,Tonnes of CO2-equivalent,Transport
Bosnia and Herzegovina,1997,1.08,Tonnes of CO2-equivalent,Transport
Belarus,1997,7.92,Tonnes of CO2-equivalent,Transport
Belize,1997,0.26,Tonnes of CO2-equivalent,Transport
Bolivia,1997,3.16,Tonnes of CO2-equivalent,Transport
Brazil,1997,124.16,Tonnes of CO2-equivalent,Transport
Barbados,1997,0.3,Tonnes of CO2-equivalent,Transport
Brunei Darussalam,1997,0.9,Tonnes of CO2-equivalent,Transport
Bhutan,1997,0.08,Tonnes of CO2-equivalent,Transport
Botswana,1997,1.0,Tonnes of CO2-equivalent,Transport
Central African Republic,1997,0.1,Tonnes of CO2-equivalent,Transport
Canada,1997,149.02,Tonnes of CO2-equivalent,Transport
Switzerland,1997,15.31,Tonnes of CO2-equivalent,Transport
Chile,1997,16.11,Tonnes of CO2-equivalent,Transport
China,1997,149.92,Tonnes of CO2-equivalent,Transport
Cote d'Ivoire,1997,1.42,Tonnes of CO2-equivalent,Transport
Cameroon,1997,1.87,Tonnes of CO2-equivalent,Transport
"Congo, Dem. Rep.",1997,0.46,Tonnes of CO2-equivalent,Transport
"Congo, Rep.",1997,0.25,Tonnes of CO2-equivalent,Transport
Cook Islands,1997,0.04,Tonnes of CO2-equivalent,Transport
Colombia,1997,22.54,Tonnes of CO2-equivalent,Transport
Comoros,1997,0.05,Tonnes of CO2-equivalent,Transport
Cabo Verde,1997,0.11,Tonnes of CO2-equivalent,Transport
Costa Rica,1997,2.74,Tonnes of CO2-equivalent,Transport
Cuba,1997,2.82,Tonnes of CO2-equivalent,Transport
Cyprus,1997,1.62,Tonnes of CO2-equivalent,Transport
Czechia,1997,10.71,Tonnes of CO2-equivalent,Transport
Germany,1997,174.5,Tonnes of CO2-equivalent,Transport
Djibouti,1997,0.06,Tonnes of CO2-equivalent,Transport
Dominica,1997,0.05,Tonnes of CO2-equivalent,Transport
Denmark,1997,12.23,Tonnes of CO2-equivalent,Transport
Dominican Republic,1997,4.58,Tonnes of CO2-equivalent,Transport
Algeria,1997,15.35,Tonnes of CO2-equivalent,Transport
Ecuador,1997,10.91,Tonnes of CO2-equivalent,Transport
"Egypt, Arab Rep.",1997,24.56,Tonnes of CO2-equivalent,Transport
Eritrea,1997,0.37,Tonnes of CO2-equivalent,Transport
Spain,1997,78.69,Tonnes of CO2-equivalent,Transport
Estonia,1997,1.77,Tonnes of CO2-equivalent,Transport
Ethiopia,1997,1.31,Tonnes of CO2-equivalent,Transport
European Union,1997,740.28,Tonnes of CO2-equivalent,Transport
Finland,1997,12.0,Tonnes of CO2-equivalent,Transport
Fiji,1997,0.43,Tonnes of CO2-equivalent,Transport
France,1997,127.69,Tonnes of CO2-equivalent,Transport
"Micronesia, Fed. Sts.",1997,0.12,Tonnes of CO2-equivalent,Transport
Gabon,1997,0.39,Tonnes of CO2-equivalent,Transport
United Kingdom,1997,125.33,Tonnes of CO2-equivalent,Transport
Georgia,1997,1.95,Tonnes of CO2-equivalent,Transport
Ghana,1997,2.4,Tonnes of CO2-equivalent,Transport
Guinea,1997,0.35,Tonnes of CO2-equivalent,Transport
"Gambia, The",1997,0.09,Tonnes of CO2-equivalent,Transport
Guinea-Bissau,1997,0.06,Tonnes of CO2-equivalent,Transport
Equatorial Guinea,1997,0.09,Tonnes of CO2-equivalent,Transport
Greece,1997,18.23,Tonnes of CO2-equivalent,Transport
Grenada,1997,0.08,Tonnes of CO2-equivalent,Transport
Guatemala,1997,2.96,Tonnes of CO2-equivalent,Transport
Guyana,1997,0.53,Tonnes of CO2-equivalent,Transport
Honduras,1997,1.69,Tonnes of CO2-equivalent,Transport
Croatia,1997,3.91,Tonnes of CO2-equivalent,Transport
Haiti,1997,0.59,Tonnes of CO2-equivalent,Transport
Hungary,1997,7.77,Tonnes of CO2-equivalent,Transport
Indonesia,1997,62.07,Tonnes of CO2-equivalent,Transport
India,1997,87.97,Tonnes of CO2-equivalent,Transport
Ireland,1997,7.35,Tonnes of CO2-equivalent,Transport
"Iran, Islamic Rep.",1997,62.8,Tonnes of CO2-equivalent,Transport
Iraq,1997,24.35,Tonnes of CO2-equivalent,Transport
Iceland,1997,0.6,Tonnes of CO2-equivalent,Transport
Israel,1997,12.98,Tonnes of CO2-equivalent,Transport
Italy,1997,113.16,Tonnes of CO2-equivalent,Transport
Jamaica,1997,1.75,Tonnes of CO2-equivalent,Transport
Jordan,1997,3.29,Tonnes of CO2-equivalent,Transport
Japan,1997,266.98,Tonnes of CO2-equivalent,Transport
Kazakhstan,1997,7.31,Tonnes of CO2-equivalent,Transport
Kenya,1997,2.74,Tonnes of CO2-equivalent,Transport
Kyrgyz Republic,1997,1.29,Tonnes of CO2-equivalent,Transport
Cambodia,1997,1.24,Tonnes of CO2-equivalent,Transport
Kiribati,1997,0.02,Tonnes of CO2-equivalent,Transport
St. Kitts and Nevis,1997,0.04,Tonnes of CO2-equivalent,Transport
"Korea, Rep.",1997,79.91,Tonnes of CO2-equivalent,Transport
Kuwait,1997,5.88,Tonnes of CO2-equivalent,Transport
Lebanon,1997,4.31,Tonnes of CO2-equivalent,Transport
Liberia,1997,0.11,Tonnes of CO2-equivalent,Transport
Libya,1997,10.35,Tonnes of CO2-equivalent,Transport
St. Lucia,1997,0.15,Tonnes of CO2-equivalent,Transport
Sri Lanka,1997,4.76,Tonnes of CO2-equivalent,Transport
Lesotho,1997,0.26,Tonnes of CO2-equivalent,Transport
Lithuania,1997,3.75,Tonnes of CO2-equivalent,Transport
Luxembourg,1997,3.75,Tonnes of CO2-equivalent,Transport
Latvia,1997,2.04,Tonnes of CO2-equivalent,Transport
Morocco,1997,6.97,Tonnes of CO2-equivalent,Transport
Moldova,1997,1.41,Tonnes of CO2-equivalent,Transport
Madagascar,1997,0.75,Tonnes of CO2-equivalent,Transport
Maldives,1997,0.25,Tonnes of CO2-equivalent,Transport
Mexico,1997,98.68,Tonnes of CO2-equivalent,Transport
Marshall Islands,1997,0.04,Tonnes of CO2-equivalent,Transport
North Macedonia,1997,1.52,Tonnes of CO2-equivalent,Transport
Malta,1997,0.76,Tonnes of CO2-equivalent,Transport
Myanmar,1997,2.45,Tonnes of CO2-equivalent,Transport
Mongolia,1997,0.84,Tonnes of CO2-equivalent,Transport
Mozambique,1997,0.84,Tonnes of CO2-equivalent,Transport
Mauritania,1997,0.0,Tonnes of CO2-equivalent,Transport
Mauritius,1997,0.54,Tonnes of CO2-equivalent,Transport
Malawi,1997,0.47,Tonnes of CO2-equivalent,Transport
Malaysia,1997,27.66,Tonnes of CO2-equivalent,Transport
Namibia,1997,1.1,Tonnes of CO2-equivalent,Transport
Niger,1997,0.2,Tonnes of CO2-equivalent,Transport
Nigeria,1997,22.51,Tonnes of CO2-equivalent,Transport
Nicaragua,1997,1.26,Tonnes of CO2-equivalent,Transport
Niue,1997,0.0,Tonnes of CO2-equivalent,Transport
Netherlands,1997,31.59,Tonnes of CO2-equivalent,Transport
Norway,1997,12.53,Tonnes of CO2-equivalent,Transport
Nepal,1997,0.75,Tonnes of CO2-equivalent,Transport
Nauru,1997,0.03,Tonnes of CO2-equivalent,Transport
New Zealand,1997,11.44,Tonnes of CO2-equivalent,Transport
Oman,1997,2.49,Tonnes of CO2-equivalent,Transport
Pakistan,1997,23.89,Tonnes of CO2-equivalent,Transport
Panama,1997,1.99,Tonnes of CO2-equivalent,Transport
Peru,1997,9.62,Tonnes of CO2-equivalent,Transport
Philippines,1997,25.27,Tonnes of CO2-equivalent,Transport
Palau,1997,0.11,Tonnes of CO2-equivalent,Transport
Papua New Guinea,1997,0.73,Tonnes of CO2-equivalent,Transport
Poland,1997,27.53,Tonnes of CO2-equivalent,Transport
"Korea, Dem. People's Rep.",1997,1.16,Tonnes of CO2-equivalent,Transport
Portugal,1997,14.61,Tonnes of CO2-equivalent,Transport
Paraguay,1997,3.4,Tonnes of CO2-equivalent,Transport
Qatar,1997,2.41,Tonnes of CO2-equivalent,Transport
Romania,1997,12.04,Tonnes of CO2-equivalent,Transport
Russian Federation,1997,170.22,Tonnes of CO2-equivalent,Transport
Rwanda,1997,0.37,Tonnes of CO2-equivalent,Transport
Saudi Arabia,1997,59.2,Tonnes of CO2-equivalent,Transport
Sudan,1997,3.2,Tonnes of CO2-equivalent,Transport
Senegal,1997,0.94,Tonnes of CO2-equivalent,Transport
Singapore,1997,5.19,Tonnes of CO2-equivalent,Transport
Solomon Islands,1997,0.15,Tonnes of CO2-equivalent,Transport
Sierra Leone,1997,0.1,Tonnes of CO2-equivalent,Transport
El Salvador,1997,2.19,Tonnes of CO2-equivalent,Transport
Somalia,1997,0.2,Tonnes of CO2-equivalent,Transport
Serbia,1997,6.48,Tonnes of CO2-equivalent,Transport
Sao Tome and Principe,1997,0.03,Tonnes of CO2-equivalent,Transport
Slovak Republic,1997,4.21,Tonnes of CO2-equivalent,Transport
Slovenia,1997,4.69,Tonnes of CO2-equivalent,Transport
Sweden,1997,20.9,Tonnes of CO2-equivalent,Transport
Eswatini,1997,0.42,Tonnes of CO2-equivalent,Transport
Seychelles,1997,0.08,Tonnes of CO2-equivalent,Transport
Syrian Arab Republic,1997,9.21,Tonnes of CO2-equivalent,Transport
Chad,1997,0.34,Tonnes of CO2-equivalent,Transport
Togo,1997,0.44,Tonnes of CO2-equivalent,Transport
Thailand,1997,52.98,Tonnes of CO2-equivalent,Transport
Tajikistan,1997,0.14,Tonnes of CO2-equivalent,Transport
Turkmenistan,1997,2.75,Tonnes of CO2-equivalent,Transport
Timor-Leste,1997,0.0,Tonnes of CO2-equivalent,Transport
Tonga,1997,0.07,Tonnes of CO2-equivalent,Transport
Trinidad and Tobago,1997,1.55,Tonnes of CO2-equivalent,Transport
Tunisia,1997,3.59,Tonnes of CO2-equivalent,Transport
Turkiye,1997,35.22,Tonnes of CO2-equivalent,Transport
Tuvalu,1997,0.0,Tonnes of CO2-equivalent,Transport
Tanzania,1997,1.2,Tonnes of CO2-equivalent,Transport
Uganda,1997,0.79,Tonnes of CO2-equivalent,Transport
Ukraine,1997,36.78,Tonnes of CO2-equivalent,Transport
Uruguay,1997,2.58,Tonnes of CO2-equivalent,Transport
United States,1997,1648.88,Tonnes of CO2-equivalent,Transport
Uzbekistan,1997,9.71,Tonnes of CO2-equivalent,Transport
St. Vincent and the Grenadines,1997,0.08,Tonnes of CO2-equivalent,Transport
"Venezuela, RB",1997,33.47,Tonnes of CO2-equivalent,Transport
Viet Nam,1997,8.94,Tonnes of CO2-equivalent,Transport
Vanuatu,1997,0.05,Tonnes of CO2-equivalent,Transport
World,1997,5447.39,Tonnes of CO2-equivalent,Transport
Samoa,1997,0.08,Tonnes of CO2-equivalent,Transport
"Yemen, Rep.",1997,3.9,Tonnes of CO2-equivalent,Transport
South Africa,1997,36.27,Tonnes of CO2-equivalent,Transport
Zambia,1997,0.75,Tonnes of CO2-equivalent,Transport
Zimbabwe,1997,2.19,Tonnes of CO2-equivalent,Transport
Afghanistan,1996,0.7,Tonnes of CO2-equivalent,Transport
Angola,1996,1.01,Tonnes of CO2-equivalent,Transport
Albania,1996,0.64,Tonnes of CO2-equivalent,Transport
United Arab Emirates,1996,13.58,Tonnes of CO2-equivalent,Transport
Argentina,1996,42.01,Tonnes of CO2-equivalent,Transport
Armenia,1996,0.06,Tonnes of CO2-equivalent,Transport
Antigua and Barbuda,1996,0.15,Tonnes of CO2-equivalent,Transport
Australia,1996,72.03,Tonnes of CO2-equivalent,Transport
Austria,1996,17.55,Tonnes of CO2-equivalent,Transport
Azerbaijan,1996,2.79,Tonnes of CO2-equivalent,Transport
Burundi,1996,0.16,Tonnes of CO2-equivalent,Transport
Belgium,1996,23.45,Tonnes of CO2-equivalent,Transport
Benin,1996,0.51,Tonnes of CO2-equivalent,Transport
Burkina Faso,1996,0.36,Tonnes of CO2-equivalent,Transport
Bangladesh,1996,3.05,Tonnes of CO2-equivalent,Transport
Bulgaria,1996,4.28,Tonnes of CO2-equivalent,Transport
Bahrain,1996,1.29,Tonnes of CO2-equivalent,Transport
"Bahamas, The",1996,0.17,Tonnes of CO2-equivalent,Transport
Bosnia and Herzegovina,1996,1.05,Tonnes of CO2-equivalent,Transport
Belarus,1996,7.54,Tonnes of CO2-equivalent,Transport
Belize,1996,0.19,Tonnes of CO2-equivalent,Transport
Bolivia,1996,3.33,Tonnes of CO2-equivalent,Transport
Brazil,1996,116.99,Tonnes of CO2-equivalent,Transport
Barbados,1996,0.25,Tonnes of CO2-equivalent,Transport
Brunei Darussalam,1996,0.86,Tonnes of CO2-equivalent,Transport
Bhutan,1996,0.08,Tonnes of CO2-equivalent,Transport
Botswana,1996,0.93,Tonnes of CO2-equivalent,Transport
Central African Republic,1996,0.1,Tonnes of CO2-equivalent,Transport
Canada,1996,144.49,Tonnes of CO2-equivalent,Transport
Switzerland,1996,14.82,Tonnes of CO2-equivalent,Transport
Chile,1996,15.2,Tonnes of CO2-equivalent,Transport
China,1996,173.91,Tonnes of CO2-equivalent,Transport
Cote d'Ivoire,1996,1.29,Tonnes of CO2-equivalent,Transport
Cameroon,1996,1.77,Tonnes of CO2-equivalent,Transport
"Congo, Dem. Rep.",1996,0.47,Tonnes of CO2-equivalent,Transport
"Congo, Rep.",1996,0.32,Tonnes of CO2-equivalent,Transport
Cook Islands,1996,0.04,Tonnes of CO2-equivalent,Transport
Colombia,1996,21.5,Tonnes of CO2-equivalent,Transport
Comoros,1996,0.05,Tonnes of CO2-equivalent,Transport
Cabo Verde,1996,0.11,Tonnes of CO2-equivalent,Transport
Costa Rica,1996,2.68,Tonnes of CO2-equivalent,Transport
Cuba,1996,2.26,Tonnes of CO2-equivalent,Transport
Cyprus,1996,1.55,Tonnes of CO2-equivalent,Transport
Czechia,1996,10.39,Tonnes of CO2-equivalent,Transport
Germany,1996,173.74,Tonnes of CO2-equivalent,Transport
Djibouti,1996,0.05,Tonnes of CO2-equivalent,Transport
Dominica,1996,0.04,Tonnes of CO2-equivalent,Transport
Denmark,1996,12.05,Tonnes of CO2-equivalent,Transport
Dominican Republic,1996,3.99,Tonnes of CO2-equivalent,Transport
Algeria,1996,15.31,Tonnes of CO2-equivalent,Transport
Ecuador,1996,10.3,Tonnes of CO2-equivalent,Transport
"Egypt, Arab Rep.",1996,22.97,Tonnes of CO2-equivalent,Transport
Eritrea,1996,0.39,Tonnes of CO2-equivalent,Transport
Spain,1996,78.73,Tonnes of CO2-equivalent,Transport
Estonia,1996,1.68,Tonnes of CO2-equivalent,Transport
Ethiopia,1996,1.24,Tonnes of CO2-equivalent,Transport
European Union,1996,728.79,Tonnes of CO2-equivalent,Transport
Finland,1996,11.38,Tonnes of CO2-equivalent,Transport
Fiji,1996,0.43,Tonnes of CO2-equivalent,Transport
France,1996,125.12,Tonnes of CO2-equivalent,Transport
"Micronesia, Fed. Sts.",1996,0.12,Tonnes of CO2-equivalent,Transport
Gabon,1996,0.35,Tonnes of CO2-equivalent,Transport
United Kingdom,1996,124.25,Tonnes of CO2-equivalent,Transport
Georgia,1996,2.61,Tonnes of CO2-equivalent,Transport
Ghana,1996,2.3,Tonnes of CO2-equivalent,Transport
Guinea,1996,0.32,Tonnes of CO2-equivalent,Transport
"Gambia, The",1996,0.08,Tonnes of CO2-equivalent,Transport
Guinea-Bissau,1996,0.04,Tonnes of CO2-equivalent,Transport
Equatorial Guinea,1996,0.04,Tonnes of CO2-equivalent,Transport
Greece,1996,17.63,Tonnes of CO2-equivalent,Transport
Grenada,1996,0.07,Tonnes of CO2-equivalent,Transport
Guatemala,1996,2.79,Tonnes of CO2-equivalent,Transport
Guyana,1996,0.49,Tonnes of CO2-equivalent,Transport
Honduras,1996,1.54,Tonnes of CO2-equivalent,Transport
Croatia,1996,3.7,Tonnes of CO2-equivalent,Transport
Haiti,1996,0.58,Tonnes of CO2-equivalent,Transport
Hungary,1996,7.34,Tonnes of CO2-equivalent,Transport
Indonesia,1996,55.87,Tonnes of CO2-equivalent,Transport
India,1996,85.95,Tonnes of CO2-equivalent,Transport
Ireland,1996,6.99,Tonnes of CO2-equivalent,Transport
"Iran, Islamic Rep.",1996,61.42,Tonnes of CO2-equivalent,Transport
Iraq,1996,24.75,Tonnes of CO2-equivalent,Transport
Iceland,1996,0.7,Tonnes of CO2-equivalent,Transport
Israel,1996,12.2,Tonnes of CO2-equivalent,Transport
Italy,1996,111.52,Tonnes of CO2-equivalent,Transport
Jamaica,1996,1.66,Tonnes of CO2-equivalent,Transport
Jordan,1996,3.14,Tonnes of CO2-equivalent,Transport
Japan,1996,264.71,Tonnes of CO2-equivalent,Transport
Kazakhstan,1996,8.52,Tonnes of CO2-equivalent,Transport
Kenya,1996,2.76,Tonnes of CO2-equivalent,Transport
Kyrgyz Republic,1996,1.21,Tonnes of CO2-equivalent,Transport
Cambodia,1996,1.19,Tonnes of CO2-equivalent,Transport
Kiribati,1996,0.02,Tonnes of CO2-equivalent,Transport
St. Kitts and Nevis,1996,0.04,Tonnes of CO2-equivalent,Transport
"Korea, Rep.",1996,78.16,Tonnes of CO2-equivalent,Transport
Kuwait,1996,5.62,Tonnes of CO2-equivalent,Transport
Lebanon,1996,4.48,Tonnes of CO2-equivalent,Transport
Liberia,1996,0.11,Tonnes of CO2-equivalent,Transport
Libya,1996,10.79,Tonnes of CO2-equivalent,Transport
St. Lucia,1996,0.16,Tonnes of CO2-equivalent,Transport
Sri Lanka,1996,5.17,Tonnes of CO2-equivalent,Transport
Lesotho,1996,0.26,Tonnes of CO2-equivalent,Transport
Lithuania,1996,3.35,Tonnes of CO2-equivalent,Transport
Luxembourg,1996,3.53,Tonnes of CO2-equivalent,Transport
Latvia,1996,2.01,Tonnes of CO2-equivalent,Transport
Morocco,1996,6.53,Tonnes of CO2-equivalent,Transport
Moldova,1996,1.43,Tonnes of CO2-equivalent,Transport
Madagascar,1996,0.71,Tonnes of CO2-equivalent,Transport
Maldives,1996,0.21,Tonnes of CO2-equivalent,Transport
Mexico,1996,94.55,Tonnes of CO2-equivalent,Transport
Marshall Islands,1996,0.04,Tonnes of CO2-equivalent,Transport
North Macedonia,1996,1.71,Tonnes of CO2-equivalent,Transport
Malta,1996,0.56,Tonnes of CO2-equivalent,Transport
Myanmar,1996,2.98,Tonnes of CO2-equivalent,Transport
Mongolia,1996,0.91,Tonnes of CO2-equivalent,Transport
Mozambique,1996,0.83,Tonnes of CO2-equivalent,Transport
Mauritania,1996,0.0,Tonnes of CO2-equivalent,Transport
Mauritius,1996,0.55,Tonnes of CO2-equivalent,Transport
Malawi,1996,0.47,Tonnes of CO2-equivalent,Transport
Malaysia,1996,24.04,Tonnes of CO2-equivalent,Transport
Namibia,1996,1.07,Tonnes of CO2-equivalent,Transport
Niger,1996,0.2,Tonnes of CO2-equivalent,Transport
Nigeria,1996,17.62,Tonnes of CO2-equivalent,Transport
Nicaragua,1996,1.19,Tonnes of CO2-equivalent,Transport
Niue,1996,0.0,Tonnes of CO2-equivalent,Transport
Netherlands,1996,31.59,Tonnes of CO2-equivalent,Transport
Norway,1996,12.33,Tonnes of CO2-equivalent,Transport
Nepal,1996,0.66,Tonnes of CO2-equivalent,Transport
Nauru,1996,0.03,Tonnes of CO2-equivalent,Transport
New Zealand,1996,11.21,Tonnes of CO2-equivalent,Transport
Oman,1996,2.35,Tonnes of CO2-equivalent,Transport
Pakistan,1996,23.32,Tonnes of CO2-equivalent,Transport
Panama,1996,1.87,Tonnes of CO2-equivalent,Transport
Peru,1996,9.31,Tonnes of CO2-equivalent,Transport
Philippines,1996,24.59,Tonnes of CO2-equivalent,Transport
Palau,1996,0.1,Tonnes of CO2-equivalent,Transport
Papua New Guinea,1996,0.74,Tonnes of CO2-equivalent,Transport
Poland,1996,26.03,Tonnes of CO2-equivalent,Transport
"Korea, Dem. People's Rep.",1996,2.09,Tonnes of CO2-equivalent,Transport
Portugal,1996,14.04,Tonnes of CO2-equivalent,Transport
Paraguay,1996,3.02,Tonnes of CO2-equivalent,Transport
Qatar,1996,2.15,Tonnes of CO2-equivalent,Transport
Romania,1996,11.83,Tonnes of CO2-equivalent,Transport
Russian Federation,1996,185.33,Tonnes of CO2-equivalent,Transport
Rwanda,1996,0.36,Tonnes of CO2-equivalent,Transport
Saudi Arabia,1996,58.32,Tonnes of CO2-equivalent,Transport
Sudan,1996,2.7,Tonnes of CO2-equivalent,Transport
Senegal,1996,0.87,Tonnes of CO2-equivalent,Transport
Singapore,1996,5.23,Tonnes of CO2-equivalent,Transport
Solomon Islands,1996,0.15,Tonnes of CO2-equivalent,Transport
Sierra Leone,1996,0.09,Tonnes of CO2-equivalent,Transport
El Salvador,1996,2.15,Tonnes of CO2-equivalent,Transport
Somalia,1996,0.21,Tonnes of CO2-equivalent,Transport
Serbia,1996,4.7,Tonnes of CO2-equivalent,Transport
Sao Tome and Principe,1996,0.03,Tonnes of CO2-equivalent,Transport
Slovak Republic,1996,3.6,Tonnes of CO2-equivalent,Transport
Slovenia,1996,4.48,Tonnes of CO2-equivalent,Transport
Sweden,1996,20.67,Tonnes of CO2-equivalent,Transport
Eswatini,1996,0.31,Tonnes of CO2-equivalent,Transport
Seychelles,1996,0.06,Tonnes of CO2-equivalent,Transport
Syrian Arab Republic,1996,9.01,Tonnes of CO2-equivalent,Transport
Chad,1996,0.32,Tonnes of CO2-equivalent,Transport
Togo,1996,0.67,Tonnes of CO2-equivalent,Transport
Thailand,1996,53.17,Tonnes of CO2-equivalent,Transport
Tajikistan,1996,0.14,Tonnes of CO2-equivalent,Transport
Turkmenistan,1996,4.57,Tonnes of CO2-equivalent,Transport
Timor-Leste,1996,0.0,Tonnes of CO2-equivalent,Transport
Tonga,1996,0.05,Tonnes of CO2-equivalent,Transport
Trinidad and Tobago,1996,1.42,Tonnes of CO2-equivalent,Transport
Tunisia,1996,3.39,Tonnes of CO2-equivalent,Transport
Turkiye,1996,37.92,Tonnes of CO2-equivalent,Transport
Tuvalu,1996,0.0,Tonnes of CO2-equivalent,Transport
Tanzania,1996,1.23,Tonnes of CO2-equivalent,Transport
Uganda,1996,0.76,Tonnes of CO2-equivalent,Transport
Ukraine,1996,30.85,Tonnes of CO2-equivalent,Transport
Uruguay,1996,2.37,Tonnes of CO2-equivalent,Transport
United States,1996,1623.42,Tonnes of CO2-equivalent,Transport
Uzbekistan,1996,9.57,Tonnes of CO2-equivalent,Transport
St. Vincent and the Grenadines,1996,0.08,Tonnes of CO2-equivalent,Transport
"Venezuela, RB",1996,35.92,Tonnes of CO2-equivalent,Transport
Viet Nam,1996,8.18,Tonnes of CO2-equivalent,Transport
Vanuatu,1996,0.05,Tonnes of CO2-equivalent,Transport
World,1996,5369.2,Tonnes of CO2-equivalent,Transport
Samoa,1996,0.08,Tonnes of CO2-equivalent,Transport
"Yemen, Rep.",1996,3.89,Tonnes of CO2-equivalent,Transport
South Africa,1996,35.34,Tonnes of CO2-equivalent,Transport
Zambia,1996,0.65,Tonnes of CO2-equivalent,Transport
Zimbabwe,1996,2.19,Tonnes of CO2-equivalent,Transport
Afghanistan,1996,0.7,Tonnes of CO2-equivalent,Transport
Angola,1996,1.01,Tonnes of CO2-equivalent,Transport
Albania,1996,0.64,Tonnes of CO2-equivalent,Transport
United Arab Emirates,1996,13.58,Tonnes of CO2-equivalent,Transport
Argentina,1996,42.01,Tonnes of CO2-equivalent,Transport
Armenia,1996,0.06,Tonnes of CO2-equivalent,Transport
Antigua and Barbuda,1996,0.15,Tonnes of CO2-equivalent,Transport
Australia,1996,72.03,Tonnes of CO2-equivalent,Transport
Austria,1996,17.55,Tonnes of CO2-equivalent,Transport
Azerbaijan,1996,2.79,Tonnes of CO2-equivalent,Transport
Burundi,1996,0.16,Tonnes of CO2-equivalent,Transport
Belgium,1996,23.45,Tonnes of CO2-equivalent,Transport
Benin,1996,0.51,Tonnes of CO2-equivalent,Transport
Burkina Faso,1996,0.36,Tonnes of CO2-equivalent,Transport
Bangladesh,1996,3.05,Tonnes of CO2-equivalent,Transport
Bulgaria,1996,4.28,Tonnes of CO2-equivalent,Transport
Bahrain,1996,1.29,Tonnes of CO2-equivalent,Transport
"Bahamas, The",1996,0.17,Tonnes of CO2-equivalent,Transport
Bosnia and Herzegovina,1996,1.05,Tonnes of CO2-equivalent,Transport
Belarus,1996,7.54,Tonnes of CO2-equivalent,Transport
Belize,1996,0.19,Tonnes of CO2-equivalent,Transport
Bolivia,1996,3.33,Tonnes of CO2-equivalent,Transport
Brazil,1996,116.99,Tonnes of CO2-equivalent,Transport
Barbados,1996,0.25,Tonnes of CO2-equivalent,Transport
Brunei Darussalam,1996,0.86,Tonnes of CO2-equivalent,Transport
Bhutan,1996,0.08,Tonnes of CO2-equivalent,Transport
Botswana,1996,0.93,Tonnes of CO2-equivalent,Transport
Central African Republic,1996,0.1,Tonnes of CO2-equivalent,Transport
Canada,1996,144.49,Tonnes of CO2-equivalent,Transport
Switzerland,1996,14.82,Tonnes of CO2-equivalent,Transport
Chile,1996,15.2,Tonnes of CO2-equivalent,Transport
China,1996,173.91,Tonnes of CO2-equivalent,Transport
Cote d'Ivoire,1996,1.29,Tonnes of CO2-equivalent,Transport
Cameroon,1996,1.77,Tonnes of CO2-equivalent,Transport
"Congo, Dem. Rep.",1996,0.47,Tonnes of CO2-equivalent,Transport
"Congo, Rep.",1996,0.32,Tonnes of CO2-equivalent,Transport
Cook Islands,1996,0.04,Tonnes of CO2-equivalent,Transport
Colombia,1996,21.5,Tonnes of CO2-equivalent,Transport
Comoros,1996,0.05,Tonnes of CO2-equivalent,Transport
Cabo Verde,1996,0.11,Tonnes of CO2-equivalent,Transport
Costa Rica,1996,2.68,Tonnes of CO2-equivalent,Transport
Cuba,1996,2.26,Tonnes of CO2-equivalent,Transport
Cyprus,1996,1.55,Tonnes of CO2-equivalent,Transport
Czechia,1996,10.39,Tonnes of CO2-equivalent,Transport
Germany,1996,173.74,Tonnes of CO2-equivalent,Transport
Djibouti,1996,0.05,Tonnes of CO2-equivalent,Transport
Dominica,1996,0.04,Tonnes of CO2-equivalent,Transport
Denmark,1996,12.05,Tonnes of CO2-equivalent,Transport
Dominican Republic,1996,3.99,Tonnes of CO2-equivalent,Transport
Algeria,1996,15.31,Tonnes of CO2-equivalent,Transport
Ecuador,1996,10.3,Tonnes of CO2-equivalent,Transport
"Egypt, Arab Rep.",1996,22.97,Tonnes of CO2-equivalent,Transport
Eritrea,1996,0.39,Tonnes of CO2-equivalent,Transport
Spain,1996,78.73,Tonnes of CO2-equivalent,Transport
Estonia,1996,1.68,Tonnes of CO2-equivalent,Transport
Ethiopia,1996,1.24,Tonnes of CO2-equivalent,Transport
European Union,1996,728.79,Tonnes of CO2-equivalent,Transport
Finland,1996,11.38,Tonnes of CO2-equivalent,Transport
Fiji,1996,0.43,Tonnes of CO2-equivalent,Transport
France,1996,125.12,Tonnes of CO2-equivalent,Transport
"Micronesia, Fed. Sts.",1996,0.12,Tonnes of CO2-equivalent,Transport
Gabon,1996,0.35,Tonnes of CO2-equivalent,Transport
United Kingdom,1996,124.25,Tonnes of CO2-equivalent,Transport
Georgia,1996,2.61,Tonnes of CO2-equivalent,Transport
Ghana,1996,2.3,Tonnes of CO2-equivalent,Transport
Guinea,1996,0.32,Tonnes of CO2-equivalent,Transport
"Gambia, The",1996,0.08,Tonnes of CO2-equivalent,Transport
Guinea-Bissau,1996,0.04,Tonnes of CO2-equivalent,Transport
Equatorial Guinea,1996,0.04,Tonnes of CO2-equivalent,Transport
Greece,1996,17.63,Tonnes of CO2-equivalent,Transport
Grenada,1996,0.07,Tonnes of CO2-equivalent,Transport
Guatemala,1996,2.79,Tonnes of CO2-equivalent,Transport
Guyana,1996,0.49,Tonnes of CO2-equivalent,Transport
Honduras,1996,1.54,Tonnes of CO2-equivalent,Transport
Croatia,1996,3.7,Tonnes of CO2-equivalent,Transport
Haiti,1996,0.58,Tonnes of CO2-equivalent,Transport
Hungary,1996,7.34,Tonnes of CO2-equivalent,Transport
Indonesia,1996,55.87,Tonnes of CO2-equivalent,Transport
India,1996,85.95,Tonnes of CO2-equivalent,Transport
Ireland,1996,6.99,Tonnes of CO2-equivalent,Transport
"Iran, Islamic Rep.",1996,61.42,Tonnes of CO2-equivalent,Transport
Iraq,1996,24.75,Tonnes of CO2-equivalent,Transport
Iceland,1996,0.7,Tonnes of CO2-equivalent,Transport
Israel,1996,12.2,Tonnes of CO2-equivalent,Transport
Italy,1996,111.52,Tonnes of CO2-equivalent,Transport
Jamaica,1996,1.66,Tonnes of CO2-equivalent,Transport
Jordan,1996,3.14,Tonnes of CO2-equivalent,Transport
Japan,1996,264.71,Tonnes of CO2-equivalent,Transport
Kazakhstan,1996,8.52,Tonnes of CO2-equivalent,Transport
Kenya,1996,2.76,Tonnes of CO2-equivalent,Transport
Kyrgyz Republic,1996,1.21,Tonnes of CO2-equivalent,Transport
Cambodia,1996,1.19,Tonnes of CO2-equivalent,Transport
Kiribati,1996,0.02,Tonnes of CO2-equivalent,Transport
St. Kitts and Nevis,1996,0.04,Tonnes of CO2-equivalent,Transport
"Korea, Rep.",1996,78.16,Tonnes of CO2-equivalent,Transport
Kuwait,1996,5.62,Tonnes of CO2-equivalent,Transport
Lebanon,1996,4.48,Tonnes of CO2-equivalent,Transport
Liberia,1996,0.11,Tonnes of CO2-equivalent,Transport
Libya,1996,10.79,Tonnes of CO2-equivalent,Transport
St. Lucia,1996,0.16,Tonnes of CO2-equivalent,Transport
Sri Lanka,1996,5.17,Tonnes of CO2-equivalent,Transport
Lesotho,1996,0.26,Tonnes of CO2-equivalent,Transport
Lithuania,1996,3.35,Tonnes of CO2-equivalent,Transport
Luxembourg,1996,3.53,Tonnes of CO2-equivalent,Transport
Latvia,1996,2.01,Tonnes of CO2-equivalent,Transport
Morocco,1996,6.53,Tonnes of CO2-equivalent,Transport
Moldova,1996,1.43,Tonnes of CO2-equivalent,Transport
Madagascar,1996,0.71,Tonnes of CO2-equivalent,Transport
Maldives,1996,0.21,Tonnes of CO2-equivalent,Transport
Mexico,1996,94.55,Tonnes of CO2-equivalent,Transport
Marshall Islands,1996,0.04,Tonnes of CO2-equivalent,Transport
North Macedonia,1996,1.71,Tonnes of CO2-equivalent,Transport
Malta,1996,0.56,Tonnes of CO2-equivalent,Transport
Myanmar,1996,2.98,Tonnes of CO2-equivalent,Transport
Mongolia,1996,0.91,Tonnes of CO2-equivalent,Transport
Mozambique,1996,0.83,Tonnes of CO2-equivalent,Transport
Mauritania,1996,0.0,Tonnes of CO2-equivalent,Transport
Mauritius,1996,0.55,Tonnes of CO2-equivalent,Transport
Malawi,1996,0.47,Tonnes of CO2-equivalent,Transport
Malaysia,1996,24.04,Tonnes of CO2-equivalent,Transport
Namibia,1996,1.07,Tonnes of CO2-equivalent,Transport
Niger,1996,0.2,Tonnes of CO2-equivalent,Transport
Nigeria,1996,17.62,Tonnes of CO2-equivalent,Transport
Nicaragua,1996,1.19,Tonnes of CO2-equivalent,Transport
Niue,1996,0.0,Tonnes of CO2-equivalent,Transport
Netherlands,1996,31.59,Tonnes of CO2-equivalent,Transport
Norway,1996,12.33,Tonnes of CO2-equivalent,Transport
Nepal,1996,0.66,Tonnes of CO2-equivalent,Transport
Nauru,1996,0.03,Tonnes of CO2-equivalent,Transport
New Zealand,1996,11.21,Tonnes of CO2-equivalent,Transport
Oman,1996,2.35,Tonnes of CO2-equivalent,Transport
Pakistan,1996,23.32,Tonnes of CO2-equivalent,Transport
Panama,1996,1.87,Tonnes of CO2-equivalent,Transport
Peru,1996,9.31,Tonnes of CO2-equivalent,Transport
Philippines,1996,24.59,Tonnes of CO2-equivalent,Transport
Palau,1996,0.1,Tonnes of CO2-equivalent,Transport
Papua New Guinea,1996,0.74,Tonnes of CO2-equivalent,Transport
Poland,1996,26.03,Tonnes of CO2-equivalent,Transport
"Korea, Dem. People's Rep.",1996,2.09,Tonnes of CO2-equivalent,Transport
Portugal,1996,14.04,Tonnes of CO2-equivalent,Transport
Paraguay,1996,3.02,Tonnes of CO2-equivalent,Transport
Qatar,1996,2.15,Tonnes of CO2-equivalent,Transport
Romania,1996,11.83,Tonnes of CO2-equivalent,Transport
Russian Federation,1996,185.33,Tonnes of CO2-equivalent,Transport
Rwanda,1996,0.36,Tonnes of CO2-equivalent,Transport
Saudi Arabia,1996,58.32,Tonnes of CO2-equivalent,Transport
Sudan,1996,2.7,Tonnes of CO2-equivalent,Transport
Senegal,1996,0.87,Tonnes of CO2-equivalent,Transport
Singapore,1996,5.23,Tonnes of CO2-equivalent,Transport
Solomon Islands,1996,0.15,Tonnes of CO2-equivalent,Transport
Sierra Leone,1996,0.09,Tonnes of CO2-equivalent,Transport
El Salvador,1996,2.15,Tonnes of CO2-equivalent,Transport
Somalia,1996,0.21,Tonnes of CO2-equivalent,Transport
Serbia,1996,4.7,Tonnes of CO2-equivalent,Transport
Sao Tome and Principe,1996,0.03,Tonnes of CO2-equivalent,Transport
Slovak Republic,1996,3.6,Tonnes of CO2-equivalent,Transport
Slovenia,1996,4.48,Tonnes of CO2-equivalent,Transport
Sweden,1996,20.67,Tonnes of CO2-equivalent,Transport
Eswatini,1996,0.31,Tonnes of CO2-equivalent,Transport
Seychelles,1996,0.06,Tonnes of CO2-equivalent,Transport
Syrian Arab Republic,1996,9.01,Tonnes of CO2-equivalent,Transport
Chad,1996,0.32,Tonnes of CO2-equivalent,Transport
Togo,1996,0.67,Tonnes of CO2-equivalent,Transport
Thailand,1996,53.17,Tonnes of CO2-equivalent,Transport
Tajikistan,1996,0.14,Tonnes of CO2-equivalent,Transport
Turkmenistan,1996,4.57,Tonnes of CO2-equivalent,Transport
Timor-Leste,1996,0.0,Tonnes of CO2-equivalent,Transport
Tonga,1996,0.05,Tonnes of CO2-equivalent,Transport
Trinidad and Tobago,1996,1.42,Tonnes of CO2-equivalent,Transport
Tunisia,1996,3.39,Tonnes of CO2-equivalent,Transport
Turkiye,1996,37.92,Tonnes of CO2-equivalent,Transport
Tuvalu,1996,0.0,Tonnes of CO2-equivalent,Transport
Tanzania,1996,1.23,Tonnes of CO2-equivalent,Transport
Uganda,1996,0.76,Tonnes of CO2-equivalent,Transport
Ukraine,1996,30.85,Tonnes of CO2-equivalent,Transport
Uruguay,1996,2.37,Tonnes of CO2-equivalent,Transport
United States,1996,1623.42,Tonnes of CO2-equivalent,Transport
Uzbekistan,1996,9.57,Tonnes of CO2-equivalent,Transport
St. Vincent and the Grenadines,1996,0.08,Tonnes of CO2-equivalent,Transport
"Venezuela, RB",1996,35.92,Tonnes of CO2-equivalent,Transport
Viet Nam,1996,8.18,Tonnes of CO2-equivalent,Transport
Vanuatu,1996,0.05,Tonnes of CO2-equivalent,Transport
World,1996,5369.2,Tonnes of CO2-equivalent,Transport
Samoa,1996,0.08,Tonnes of CO2-equivalent,Transport
"Yemen, Rep.",1996,3.89,Tonnes of CO2-equivalent,Transport
South Africa,1996,35.34,Tonnes of CO2-equivalent,Transport
Zambia,1996,0.65,Tonnes of CO2-equivalent,Transport
Zimbabwe,1996,2.19,Tonnes of CO2-equivalent,Transport
Afghanistan,1995,0.73,Tonnes of CO2-equivalent,Transport
Angola,1995,1.1,Tonnes of CO2-equivalent,Transport
Albania,1995,0.65,Tonnes of CO2-equivalent,Transport
United Arab Emirates,1995,13.41,Tonnes of CO2-equivalent,Transport
Argentina,1995,36.06,Tonnes of CO2-equivalent,Transport
Armenia,1995,0.12,Tonnes of CO2-equivalent,Transport
Antigua and Barbuda,1995,0.14,Tonnes of CO2-equivalent,Transport
Australia,1995,69.51,Tonnes of CO2-equivalent,Transport
Austria,1995,15.91,Tonnes of CO2-equivalent,Transport
Azerbaijan,1995,3.44,Tonnes of CO2-equivalent,Transport
Burundi,1995,0.15,Tonnes of CO2-equivalent,Transport
Belgium,1995,23.0,Tonnes of CO2-equivalent,Transport
Benin,1995,0.12,Tonnes of CO2-equivalent,Transport
Burkina Faso,1995,0.35,Tonnes of CO2-equivalent,Transport
Bangladesh,1995,2.77,Tonnes of CO2-equivalent,Transport
Bulgaria,1995,4.34,Tonnes of CO2-equivalent,Transport
Bahrain,1995,1.26,Tonnes of CO2-equivalent,Transport
"Bahamas, The",1995,0.18,Tonnes of CO2-equivalent,Transport
Bosnia and Herzegovina,1995,1.02,Tonnes of CO2-equivalent,Transport
Belarus,1995,6.96,Tonnes of CO2-equivalent,Transport
Belize,1995,0.24,Tonnes of CO2-equivalent,Transport
Bolivia,1995,3.21,Tonnes of CO2-equivalent,Transport
Brazil,1995,107.21,Tonnes of CO2-equivalent,Transport
Barbados,1995,0.28,Tonnes of CO2-equivalent,Transport
Brunei Darussalam,1995,0.8,Tonnes of CO2-equivalent,Transport
Bhutan,1995,0.07,Tonnes of CO2-equivalent,Transport
Botswana,1995,0.92,Tonnes of CO2-equivalent,Transport
Central African Republic,1995,0.1,Tonnes of CO2-equivalent,Transport
Canada,1995,141.11,Tonnes of CO2-equivalent,Transport
Switzerland,1995,14.81,Tonnes of CO2-equivalent,Transport
Chile,1995,13.98,Tonnes of CO2-equivalent,Transport
China,1995,130.65,Tonnes of CO2-equivalent,Transport
Cote d'Ivoire,1995,1.26,Tonnes of CO2-equivalent,Transport
Cameroon,1995,1.75,Tonnes of CO2-equivalent,Transport
"Congo, Dem. Rep.",1995,0.47,Tonnes of CO2-equivalent,Transport
"Congo, Rep.",1995,0.43,Tonnes of CO2-equivalent,Transport
Cook Islands,1995,0.03,Tonnes of CO2-equivalent,Transport
Colombia,1995,20.96,Tonnes of CO2-equivalent,Transport
Comoros,1995,0.05,Tonnes of CO2-equivalent,Transport
Cabo Verde,1995,0.11,Tonnes of CO2-equivalent,Transport
Costa Rica,1995,2.65,Tonnes of CO2-equivalent,Transport
Cuba,1995,2.02,Tonnes of CO2-equivalent,Transport
Cyprus,1995,1.5,Tonnes of CO2-equivalent,Transport
Czechia,1995,7.47,Tonnes of CO2-equivalent,Transport
Germany,1995,172.59,Tonnes of CO2-equivalent,Transport
Djibouti,1995,0.06,Tonnes of CO2-equivalent,Transport
Dominica,1995,0.05,Tonnes of CO2-equivalent,Transport
Denmark,1995,11.92,Tonnes of CO2-equivalent,Transport
Dominican Republic,1995,3.61,Tonnes of CO2-equivalent,Transport
Algeria,1995,15.46,Tonnes of CO2-equivalent,Transport
Ecuador,1995,8.46,Tonnes of CO2-equivalent,Transport
"Egypt, Arab Rep.",1995,21.69,Tonnes of CO2-equivalent,Transport
Eritrea,1995,0.34,Tonnes of CO2-equivalent,Transport
Spain,1995,73.66,Tonnes of CO2-equivalent,Transport
Estonia,1995,1.59,Tonnes of CO2-equivalent,Transport
Ethiopia,1995,1.12,Tonnes of CO2-equivalent,Transport
European Union,1995,705.58,Tonnes of CO2-equivalent,Transport
Finland,1995,11.66,Tonnes of CO2-equivalent,Transport
Fiji,1995,0.43,Tonnes of CO2-equivalent,Transport
France,1995,125.35,Tonnes of CO2-equivalent,Transport
"Micronesia, Fed. Sts.",1995,0.11,Tonnes of CO2-equivalent,Transport
Gabon,1995,0.35,Tonnes of CO2-equivalent,Transport
United Kingdom,1995,119.64,Tonnes of CO2-equivalent,Transport
Georgia,1995,1.07,Tonnes of CO2-equivalent,Transport
Ghana,1995,2.1,Tonnes of CO2-equivalent,Transport
Guinea,1995,0.3,Tonnes of CO2-equivalent,Transport
"Gambia, The",1995,0.08,Tonnes of CO2-equivalent,Transport
Guinea-Bissau,1995,0.05,Tonnes of CO2-equivalent,Transport
Equatorial Guinea,1995,0.02,Tonnes of CO2-equivalent,Transport
Greece,1995,17.13,Tonnes of CO2-equivalent,Transport
Grenada,1995,0.05,Tonnes of CO2-equivalent,Transport
Guatemala,1995,2.8,Tonnes of CO2-equivalent,Transport
Guyana,1995,0.44,Tonnes of CO2-equivalent,Transport
Honduras,1995,1.59,Tonnes of CO2-equivalent,Transport
Croatia,1995,3.31,Tonnes of CO2-equivalent,Transport
Haiti,1995,0.52,Tonnes of CO2-equivalent,Transport
Hungary,1995,7.34,Tonnes of CO2-equivalent,Transport
Indonesia,1995,50.41,Tonnes of CO2-equivalent,Transport
India,1995,80.3,Tonnes of CO2-equivalent,Transport
Ireland,1995,6.02,Tonnes of CO2-equivalent,Transport
"Iran, Islamic Rep.",1995,57.11,Tonnes of CO2-equivalent,Transport
Iraq,1995,25.34,Tonnes of CO2-equivalent,Transport
Iceland,1995,0.63,Tonnes of CO2-equivalent,Transport
Israel,1995,11.56,Tonnes of CO2-equivalent,Transport
Italy,1995,109.72,Tonnes of CO2-equivalent,Transport
Jamaica,1995,1.44,Tonnes of CO2-equivalent,Transport
Jordan,1995,3.08,Tonnes of CO2-equivalent,Transport
Japan,1995,258.74,Tonnes of CO2-equivalent,Transport
Kazakhstan,1995,9.52,Tonnes of CO2-equivalent,Transport
Kenya,1995,2.63,Tonnes of CO2-equivalent,Transport
Kyrgyz Republic,1995,1.15,Tonnes of CO2-equivalent,Transport
Cambodia,1995,1.19,Tonnes of CO2-equivalent,Transport
Kiribati,1995,0.02,Tonnes of CO2-equivalent,Transport
St. Kitts and Nevis,1995,0.04,Tonnes of CO2-equivalent,Transport
"Korea, Rep.",1995,74.13,Tonnes of CO2-equivalent,Transport
Kuwait,1995,5.51,Tonnes of CO2-equivalent,Transport
Lebanon,1995,4.32,Tonnes of CO2-equivalent,Transport
Liberia,1995,0.1,Tonnes of CO2-equivalent,Transport
Libya,1995,9.76,Tonnes of CO2-equivalent,Transport
St. Lucia,1995,0.14,Tonnes of CO2-equivalent,Transport
Sri Lanka,1995,3.77,Tonnes of CO2-equivalent,Transport
Lesotho,1995,0.26,Tonnes of CO2-equivalent,Transport
Lithuania,1995,3.05,Tonnes of CO2-equivalent,Transport
Luxembourg,1995,3.44,Tonnes of CO2-equivalent,Transport
Latvia,1995,2.09,Tonnes of CO2-equivalent,Transport
Morocco,1995,6.11,Tonnes of CO2-equivalent,Transport
Moldova,1995,1.34,Tonnes of CO2-equivalent,Transport
Madagascar,1995,0.69,Tonnes of CO2-equivalent,Transport
Maldives,1995,0.19,Tonnes of CO2-equivalent,Transport
Mexico,1995,92.17,Tonnes of CO2-equivalent,Transport
Marshall Islands,1995,0.03,Tonnes of CO2-equivalent,Transport
North Macedonia,1995,0.9,Tonnes of CO2-equivalent,Transport
Malta,1995,0.71,Tonnes of CO2-equivalent,Transport
Myanmar,1995,2.78,Tonnes of CO2-equivalent,Transport
Mongolia,1995,0.86,Tonnes of CO2-equivalent,Transport
Mozambique,1995,0.74,Tonnes of CO2-equivalent,Transport
Mauritania,1995,0.0,Tonnes of CO2-equivalent,Transport
Mauritius,1995,0.55,Tonnes of CO2-equivalent,Transport
Malawi,1995,0.47,Tonnes of CO2-equivalent,Transport
Malaysia,1995,21.05,Tonnes of CO2-equivalent,Transport
Namibia,1995,0.64,Tonnes of CO2-equivalent,Transport
Niger,1995,0.19,Tonnes of CO2-equivalent,Transport
Nigeria,1995,15.37,Tonnes of CO2-equivalent,Transport
Nicaragua,1995,1.14,Tonnes of CO2-equivalent,Transport
Niue,1995,0.0,Tonnes of CO2-equivalent,Transport
Netherlands,1995,30.31,Tonnes of CO2-equivalent,Transport
Norway,1995,11.8,Tonnes of CO2-equivalent,Transport
Nepal,1995,0.64,Tonnes of CO2-equivalent,Transport
Nauru,1995,0.03,Tonnes of CO2-equivalent,Transport
New Zealand,1995,11.08,Tonnes of CO2-equivalent,Transport
Oman,1995,2.26,Tonnes of CO2-equivalent,Transport
Pakistan,1995,20.72,Tonnes of CO2-equivalent,Transport
Panama,1995,1.78,Tonnes of CO2-equivalent,Transport
Peru,1995,8.91,Tonnes of CO2-equivalent,Transport
Philippines,1995,21.71,Tonnes of CO2-equivalent,Transport
Palau,1995,0.1,Tonnes of CO2-equivalent,Transport
Papua New Guinea,1995,0.71,Tonnes of CO2-equivalent,Transport
Poland,1995,23.02,Tonnes of CO2-equivalent,Transport
"Korea, Dem. People's Rep.",1995,2.59,Tonnes of CO2-equivalent,Transport
Portugal,1995,13.25,Tonnes of CO2-equivalent,Transport
Paraguay,1995,3.0,Tonnes of CO2-equivalent,Transport
Qatar,1995,2.02,Tonnes of CO2-equivalent,Transport
Romania,1995,8.45,Tonnes of CO2-equivalent,Transport
Russian Federation,1995,194.98,Tonnes of CO2-equivalent,Transport
Rwanda,1995,0.36,Tonnes of CO2-equivalent,Transport
Saudi Arabia,1995,55.52,Tonnes of CO2-equivalent,Transport
Sudan,1995,2.85,Tonnes of CO2-equivalent,Transport
Senegal,1995,0.8,Tonnes of CO2-equivalent,Transport
Singapore,1995,5.78,Tonnes of CO2-equivalent,Transport
Solomon Islands,1995,0.14,Tonnes of CO2-equivalent,Transport
Sierra Leone,1995,0.1,Tonnes of CO2-equivalent,Transport
El Salvador,1995,2.17,Tonnes of CO2-equivalent,Transport
Somalia,1995,0.22,Tonnes of CO2-equivalent,Transport
Serbia,1995,2.8,Tonnes of CO2-equivalent,Transport
Sao Tome and Principe,1995,0.03,Tonnes of CO2-equivalent,Transport
Slovak Republic,1995,3.89,Tonnes of CO2-equivalent,Transport
Slovenia,1995,3.96,Tonnes of CO2-equivalent,Transport
Sweden,1995,20.92,Tonnes of CO2-equivalent,Transport
Eswatini,1995,0.46,Tonnes of CO2-equivalent,Transport
Seychelles,1995,0.06,Tonnes of CO2-equivalent,Transport
Syrian Arab Republic,1995,7.69,Tonnes of CO2-equivalent,Transport
Chad,1995,0.31,Tonnes of CO2-equivalent,Transport
Togo,1995,0.4,Tonnes of CO2-equivalent,Transport
Thailand,1995,48.65,Tonnes of CO2-equivalent,Transport
Tajikistan,1995,0.19,Tonnes of CO2-equivalent,Transport
Turkmenistan,1995,4.06,Tonnes of CO2-equivalent,Transport
Timor-Leste,1995,0.0,Tonnes of CO2-equivalent,Transport
Tonga,1995,0.07,Tonnes of CO2-equivalent,Transport
Trinidad and Tobago,1995,1.38,Tonnes of CO2-equivalent,Transport
Tunisia,1995,3.27,Tonnes of CO2-equivalent,Transport
Turkiye,1995,36.08,Tonnes of CO2-equivalent,Transport
Tuvalu,1995,0.0,Tonnes of CO2-equivalent,Transport
Tanzania,1995,0.92,Tonnes of CO2-equivalent,Transport
Uganda,1995,0.74,Tonnes of CO2-equivalent,Transport
Ukraine,1995,34.11,Tonnes of CO2-equivalent,Transport
Uruguay,1995,2.23,Tonnes of CO2-equivalent,Transport
United States,1995,1583.18,Tonnes of CO2-equivalent,Transport
Uzbekistan,1995,7.0,Tonnes of CO2-equivalent,Transport
St. Vincent and the Grenadines,1995,0.08,Tonnes of CO2-equivalent,Transport
"Venezuela, RB",1995,34.54,Tonnes of CO2-equivalent,Transport
Viet Nam,1995,7.44,Tonnes of CO2-equivalent,Transport
Vanuatu,1995,0.03,Tonnes of CO2-equivalent,Transport
World,1995,5159.0,Tonnes of CO2-equivalent,Transport
Samoa,1995,0.08,Tonnes of CO2-equivalent,Transport
"Yemen, Rep.",1995,4.09,Tonnes of CO2-equivalent,Transport
South Africa,1995,36.25,Tonnes of CO2-equivalent,Transport
Zambia,1995,0.83,Tonnes of CO2-equivalent,Transport
Zimbabwe,1995,2.23,Tonnes of CO2-equivalent,Transport
Afghanistan,1995,0.73,Tonnes of CO2-equivalent,Transport
Angola,1995,1.1,Tonnes of CO2-equivalent,Transport
Albania,1995,0.65,Tonnes of CO2-equivalent,Transport
United Arab Emirates,1995,13.41,Tonnes of CO2-equivalent,Transport
Argentina,1995,36.06,Tonnes of CO2-equivalent,Transport
Armenia,1995,0.12,Tonnes of CO2-equivalent,Transport
Antigua and Barbuda,1995,0.14,Tonnes of CO2-equivalent,Transport
Australia,1995,69.51,Tonnes of CO2-equivalent,Transport
Austria,1995,15.91,Tonnes of CO2-equivalent,Transport
Azerbaijan,1995,3.44,Tonnes of CO2-equivalent,Transport
Burundi,1995,0.15,Tonnes of CO2-equivalent,Transport
Belgium,1995,23.0,Tonnes of CO2-equivalent,Transport
Benin,1995,0.12,Tonnes of CO2-equivalent,Transport
Burkina Faso,1995,0.35,Tonnes of CO2-equivalent,Transport
Bangladesh,1995,2.77,Tonnes of CO2-equivalent,Transport
Bulgaria,1995,4.34,Tonnes of CO2-equivalent,Transport
Bahrain,1995,1.26,Tonnes of CO2-equivalent,Transport
"Bahamas, The",1995,0.18,Tonnes of CO2-equivalent,Transport
Bosnia and Herzegovina,1995,1.02,Tonnes of CO2-equivalent,Transport
Belarus,1995,6.96,Tonnes of CO2-equivalent,Transport
Belize,1995,0.24,Tonnes of CO2-equivalent,Transport
Bolivia,1995,3.21,Tonnes of CO2-equivalent,Transport
Brazil,1995,107.21,Tonnes of CO2-equivalent,Transport
Barbados,1995,0.28,Tonnes of CO2-equivalent,Transport
Brunei Darussalam,1995,0.8,Tonnes of CO2-equivalent,Transport
Bhutan,1995,0.07,Tonnes of CO2-equivalent,Transport
Botswana,1995,0.92,Tonnes of CO2-equivalent,Transport
Central African Republic,1995,0.1,Tonnes of CO2-equivalent,Transport
Canada,1995,141.11,Tonnes of CO2-equivalent,Transport
Switzerland,1995,14.81,Tonnes of CO2-equivalent,Transport
Chile,1995,13.98,Tonnes of CO2-equivalent,Transport
China,1995,130.65,Tonnes of CO2-equivalent,Transport
Cote d'Ivoire,1995,1.26,Tonnes of CO2-equivalent,Transport
Cameroon,1995,1.75,Tonnes of CO2-equivalent,Transport
"Congo, Dem. Rep.",1995,0.47,Tonnes of CO2-equivalent,Transport
"Congo, Rep.",1995,0.43,Tonnes of CO2-equivalent,Transport
Cook Islands,1995,0.03,Tonnes of CO2-equivalent,Transport
Colombia,1995,20.96,Tonnes of CO2-equivalent,Transport
Comoros,1995,0.05,Tonnes of CO2-equivalent,Transport
Cabo Verde,1995,0.11,Tonnes of CO2-equivalent,Transport
Costa Rica,1995,2.65,Tonnes of CO2-equivalent,Transport
Cuba,1995,2.02,Tonnes of CO2-equivalent,Transport
Cyprus,1995,1.5,Tonnes of CO2-equivalent,Transport
Czechia,1995,7.47,Tonnes of CO2-equivalent,Transport
Germany,1995,172.59,Tonnes of CO2-equivalent,Transport
Djibouti,1995,0.06,Tonnes of CO2-equivalent,Transport
Dominica,1995,0.05,Tonnes of CO2-equivalent,Transport
Denmark,1995,11.92,Tonnes of CO2-equivalent,Transport
Dominican Republic,1995,3.61,Tonnes of CO2-equivalent,Transport
Algeria,1995,15.46,Tonnes of CO2-equivalent,Transport
Ecuador,1995,8.46,Tonnes of CO2-equivalent,Transport
"Egypt, Arab Rep.",1995,21.69,Tonnes of CO2-equivalent,Transport
Eritrea,1995,0.34,Tonnes of CO2-equivalent,Transport
Spain,1995,73.66,Tonnes of CO2-equivalent,Transport
Estonia,1995,1.59,Tonnes of CO2-equivalent,Transport
Ethiopia,1995,1.12,Tonnes of CO2-equivalent,Transport
European Union,1995,705.58,Tonnes of CO2-equivalent,Transport
Finland,1995,11.66,Tonnes of CO2-equivalent,Transport
Fiji,1995,0.43,Tonnes of CO2-equivalent,Transport
France,1995,125.35,Tonnes of CO2-equivalent,Transport
"Micronesia, Fed. Sts.",1995,0.11,Tonnes of CO2-equivalent,Transport
Gabon,1995,0.35,Tonnes of CO2-equivalent,Transport
United Kingdom,1995,119.64,Tonnes of CO2-equivalent,Transport
Georgia,1995,1.07,Tonnes of CO2-equivalent,Transport
Ghana,1995,2.1,Tonnes of CO2-equivalent,Transport
Guinea,1995,0.3,Tonnes of CO2-equivalent,Transport
"Gambia, The",1995,0.08,Tonnes of CO2-equivalent,Transport
Guinea-Bissau,1995,0.05,Tonnes of CO2-equivalent,Transport
Equatorial Guinea,1995,0.02,Tonnes of CO2-equivalent,Transport
Greece,1995,17.13,Tonnes of CO2-equivalent,Transport
Grenada,1995,0.05,Tonnes of CO2-equivalent,Transport
Guatemala,1995,2.8,Tonnes of CO2-equivalent,Transport
Guyana,1995,0.44,Tonnes of CO2-equivalent,Transport
Honduras,1995,1.59,Tonnes of CO2-equivalent,Transport
Croatia,1995,3.31,Tonnes of CO2-equivalent,Transport
Haiti,1995,0.52,Tonnes of CO2-equivalent,Transport
Hungary,1995,7.34,Tonnes of CO2-equivalent,Transport
Indonesia,1995,50.41,Tonnes of CO2-equivalent,Transport
India,1995,80.3,Tonnes of CO2-equivalent,Transport
Ireland,1995,6.02,Tonnes of CO2-equivalent,Transport
"Iran, Islamic Rep.",1995,57.11,Tonnes of CO2-equivalent,Transport
Iraq,1995,25.34,Tonnes of CO2-equivalent,Transport
Iceland,1995,0.63,Tonnes of CO2-equivalent,Transport
Israel,1995,11.56,Tonnes of CO2-equivalent,Transport
Italy,1995,109.72,Tonnes of CO2-equivalent,Transport
Jamaica,1995,1.44,Tonnes of CO2-equivalent,Transport
Jordan,1995,3.08,Tonnes of CO2-equivalent,Transport
Japan,1995,258.74,Tonnes of CO2-equivalent,Transport
Kazakhstan,1995,9.52,Tonnes of CO2-equivalent,Transport
Kenya,1995,2.63,Tonnes of CO2-equivalent,Transport
Kyrgyz Republic,1995,1.15,Tonnes of CO2-equivalent,Transport
Cambodia,1995,1.19,Tonnes of CO2-equivalent,Transport
Kiribati,1995,0.02,Tonnes of CO2-equivalent,Transport
St. Kitts and Nevis,1995,0.04,Tonnes of CO2-equivalent,Transport
"Korea, Rep.",1995,74.13,Tonnes of CO2-equivalent,Transport
Kuwait,1995,5.51,Tonnes of CO2-equivalent,Transport
Lebanon,1995,4.32,Tonnes of CO2-equivalent,Transport
Liberia,1995,0.1,Tonnes of CO2-equivalent,Transport
Libya,1995,9.76,Tonnes of CO2-equivalent,Transport
St. Lucia,1995,0.14,Tonnes of CO2-equivalent,Transport
Sri Lanka,1995,3.77,Tonnes of CO2-equivalent,Transport
Lesotho,1995,0.26,Tonnes of CO2-equivalent,Transport
Lithuania,1995,3.05,Tonnes of CO2-equivalent,Transport
Luxembourg,1995,3.44,Tonnes of CO2-equivalent,Transport
Latvia,1995,2.09,Tonnes of CO2-equivalent,Transport
Morocco,1995,6.11,Tonnes of CO2-equivalent,Transport
Moldova,1995,1.34,Tonnes of CO2-equivalent,Transport
Madagascar,1995,0.69,Tonnes of CO2-equivalent,Transport
Maldives,1995,0.19,Tonnes of CO2-equivalent,Transport
Mexico,1995,92.17,Tonnes of CO2-equivalent,Transport
Marshall Islands,1995,0.03,Tonnes of CO2-equivalent,Transport
North Macedonia,1995,0.9,Tonnes of CO2-equivalent,Transport
Malta,1995,0.71,Tonnes of CO2-equivalent,Transport
Myanmar,1995,2.78,Tonnes of CO2-equivalent,Transport
Mongolia,1995,0.86,Tonnes of CO2-equivalent,Transport
Mozambique,1995,0.74,Tonnes of CO2-equivalent,Transport
Mauritania,1995,0.0,Tonnes of CO2-equivalent,Transport
Mauritius,1995,0.55,Tonnes of CO2-equivalent,Transport
Malawi,1995,0.47,Tonnes of CO2-equivalent,Transport
Malaysia,1995,21.05,Tonnes of CO2-equivalent,Transport
Namibia,1995,0.64,Tonnes of CO2-equivalent,Transport
Niger,1995,0.19,Tonnes of CO2-equivalent,Transport
Nigeria,1995,15.37,Tonnes of CO2-equivalent,Transport
Nicaragua,1995,1.14,Tonnes of CO2-equivalent,Transport
Niue,1995,0.0,Tonnes of CO2-equivalent,Transport
Netherlands,1995,30.31,Tonnes of CO2-equivalent,Transport
Norway,1995,11.8,Tonnes of CO2-equivalent,Transport
Nepal,1995,0.64,Tonnes of CO2-equivalent,Transport
Nauru,1995,0.03,Tonnes of CO2-equivalent,Transport
New Zealand,1995,11.08,Tonnes of CO2-equivalent,Transport
Oman,1995,2.26,Tonnes of CO2-equivalent,Transport
Pakistan,1995,20.72,Tonnes of CO2-equivalent,Transport
Panama,1995,1.78,Tonnes of CO2-equivalent,Transport
Peru,1995,8.91,Tonnes of CO2-equivalent,Transport
Philippines,1995,21.71,Tonnes of CO2-equivalent,Transport
Palau,1995,0.1,Tonnes of CO2-equivalent,Transport
Papua New Guinea,1995,0.71,Tonnes of CO2-equivalent,Transport
Poland,1995,23.02,Tonnes of CO2-equivalent,Transport
"Korea, Dem. People's Rep.",1995,2.59,Tonnes of CO2-equivalent,Transport
Portugal,1995,13.25,Tonnes of CO2-equivalent,Transport
Paraguay,1995,3.0,Tonnes of CO2-equivalent,Transport
Qatar,1995,2.02,Tonnes of CO2-equivalent,Transport
Romania,1995,8.45,Tonnes of CO2-equivalent,Transport
Russian Federation,1995,194.98,Tonnes of CO2-equivalent,Transport
Rwanda,1995,0.36,Tonnes of CO2-equivalent,Transport
Saudi Arabia,1995,55.52,Tonnes of CO2-equivalent,Transport
Sudan,1995,2.85,Tonnes of CO2-equivalent,Transport
Senegal,1995,0.8,Tonnes of CO2-equivalent,Transport
Singapore,1995,5.78,Tonnes of CO2-equivalent,Transport
Solomon Islands,1995,0.14,Tonnes of CO2-equivalent,Transport
Sierra Leone,1995,0.1,Tonnes of CO2-equivalent,Transport
El Salvador,1995,2.17,Tonnes of CO2-equivalent,Transport
Somalia,1995,0.22,Tonnes of CO2-equivalent,Transport
Serbia,1995,2.8,Tonnes of CO2-equivalent,Transport
Sao Tome and Principe,1995,0.03,Tonnes of CO2-equivalent,Transport
Slovak Republic,1995,3.89,Tonnes of CO2-equivalent,Transport
Slovenia,1995,3.96,Tonnes of CO2-equivalent,Transport
Sweden,1995,20.92,Tonnes of CO2-equivalent,Transport
Eswatini,1995,0.46,Tonnes of CO2-equivalent,Transport
Seychelles,1995,0.06,Tonnes of CO2-equivalent,Transport
Syrian Arab Republic,1995,7.69,Tonnes of CO2-equivalent,Transport
Chad,1995,0.31,Tonnes of CO2-equivalent,Transport
Togo,1995,0.4,Tonnes of CO2-equivalent,Transport
Thailand,1995,48.65,Tonnes of CO2-equivalent,Transport
Tajikistan,1995,0.19,Tonnes of CO2-equivalent,Transport
Turkmenistan,1995,4.06,Tonnes of CO2-equivalent,Transport
Timor-Leste,1995,0.0,Tonnes of CO2-equivalent,Transport
Tonga,1995,0.07,Tonnes of CO2-equivalent,Transport
Trinidad and Tobago,1995,1.38,Tonnes of CO2-equivalent,Transport
Tunisia,1995,3.27,Tonnes of CO2-equivalent,Transport
Turkiye,1995,36.08,Tonnes of CO2-equivalent,Transport
Tuvalu,1995,0.0,Tonnes of CO2-equivalent,Transport
Tanzania,1995,0.92,Tonnes of CO2-equivalent,Transport
Uganda,1995,0.74,Tonnes of CO2-equivalent,Transport
Ukraine,1995,34.11,Tonnes of CO2-equivalent,Transport
Uruguay,1995,2.23,Tonnes of CO2-equivalent,Transport
United States,1995,1583.18,Tonnes of CO2-equivalent,Transport
Uzbekistan,1995,7.0,Tonnes of CO2-equivalent,Transport
St. Vincent and the Grenadines,1995,0.08,Tonnes of CO2-equivalent,Transport
"Venezuela, RB",1995,34.54,Tonnes of CO2-equivalent,Transport
Viet Nam,1995,7.44,Tonnes of CO2-equivalent,Transport
Vanuatu,1995,0.03,Tonnes of CO2-equivalent,Transport
World,1995,5159.0,Tonnes of CO2-equivalent,Transport
Samoa,1995,0.08,Tonnes of CO2-equivalent,Transport
"Yemen, Rep.",1995,4.09,Tonnes of CO2-equivalent,Transport
South Africa,1995,36.25,Tonnes of CO2-equivalent,Transport
Zambia,1995,0.83,Tonnes of CO2-equivalent,Transport
Zimbabwe,1995,2.23,Tonnes of CO2-equivalent,Transport
Afghanistan,1994,0.73,Tonnes of CO2-equivalent,Transport
Angola,1994,1.58,Tonnes of CO2-equivalent,Transport
Albania,1994,0.65,Tonnes of CO2-equivalent,Transport
United Arab Emirates,1994,12.76,Tonnes of CO2-equivalent,Transport
Argentina,1994,34.62,Tonnes of CO2-equivalent,Transport
Armenia,1994,0.16,Tonnes of CO2-equivalent,Transport
Antigua and Barbuda,1994,0.13,Tonnes of CO2-equivalent,Transport
Australia,1994,66.75,Tonnes of CO2-equivalent,Transport
Austria,1994,15.69,Tonnes of CO2-equivalent,Transport
Azerbaijan,1994,3.34,Tonnes of CO2-equivalent,Transport
Burundi,1994,0.14,Tonnes of CO2-equivalent,Transport
Belgium,1994,22.85,Tonnes of CO2-equivalent,Transport
Benin,1994,0.12,Tonnes of CO2-equivalent,Transport
Burkina Faso,1994,0.28,Tonnes of CO2-equivalent,Transport
Bangladesh,1994,2.3,Tonnes of CO2-equivalent,Transport
Bulgaria,1994,4.08,Tonnes of CO2-equivalent,Transport
Bahrain,1994,1.21,Tonnes of CO2-equivalent,Transport
"Bahamas, The",1994,0.15,Tonnes of CO2-equivalent,Transport
Bosnia and Herzegovina,1994,0.99,Tonnes of CO2-equivalent,Transport
Belarus,1994,7.02,Tonnes of CO2-equivalent,Transport
Belize,1994,0.23,Tonnes of CO2-equivalent,Transport
Bolivia,1994,2.88,Tonnes of CO2-equivalent,Transport
Brazil,1994,96.94,Tonnes of CO2-equivalent,Transport
Barbados,1994,0.28,Tonnes of CO2-equivalent,Transport
Brunei Darussalam,1994,0.74,Tonnes of CO2-equivalent,Transport
Bhutan,1994,0.05,Tonnes of CO2-equivalent,Transport
Botswana,1994,0.79,Tonnes of CO2-equivalent,Transport
Central African Republic,1994,0.1,Tonnes of CO2-equivalent,Transport
Canada,1994,137.45,Tonnes of CO2-equivalent,Transport
Switzerland,1994,15.06,Tonnes of CO2-equivalent,Transport
Chile,1994,12.64,Tonnes of CO2-equivalent,Transport
China,1994,119.37,Tonnes of CO2-equivalent,Transport
Cote d'Ivoire,1994,1.13,Tonnes of CO2-equivalent,Transport
Cameroon,1994,1.8,Tonnes of CO2-equivalent,Transport
"Congo, Dem. Rep.",1994,0.47,Tonnes of CO2-equivalent,Transport
"Congo, Rep.",1994,0.3,Tonnes of CO2-equivalent,Transport
Cook Islands,1994,0.03,Tonnes of CO2-equivalent,Transport
Colombia,1994,17.56,Tonnes of CO2-equivalent,Transport
Comoros,1994,0.05,Tonnes of CO2-equivalent,Transport
Cabo Verde,1994,0.1,Tonnes of CO2-equivalent,Transport
Costa Rica,1994,2.66,Tonnes of CO2-equivalent,Transport
Cuba,1994,1.94,Tonnes of CO2-equivalent,Transport
Cyprus,1994,1.41,Tonnes of CO2-equivalent,Transport
Czechia,1994,8.77,Tonnes of CO2-equivalent,Transport
Germany,1994,170.65,Tonnes of CO2-equivalent,Transport
Djibouti,1994,0.05,Tonnes of CO2-equivalent,Transport
Dominica,1994,0.05,Tonnes of CO2-equivalent,Transport
Denmark,1994,11.71,Tonnes of CO2-equivalent,Transport
Dominican Republic,1994,3.24,Tonnes of CO2-equivalent,Transport
Algeria,1994,15.89,Tonnes of CO2-equivalent,Transport
Ecuador,1994,8.88,Tonnes of CO2-equivalent,Transport
"Egypt, Arab Rep.",1994,20.46,Tonnes of CO2-equivalent,Transport
Eritrea,1994,0.29,Tonnes of CO2-equivalent,Transport
Spain,1994,72.42,Tonnes of CO2-equivalent,Transport
Estonia,1994,1.62,Tonnes of CO2-equivalent,Transport
Ethiopia,1994,1.0,Tonnes of CO2-equivalent,Transport
European Union,1994,696.76,Tonnes of CO2-equivalent,Transport
Finland,1994,11.88,Tonnes of CO2-equivalent,Transport
Fiji,1994,0.42,Tonnes of CO2-equivalent,Transport
France,1994,124.4,Tonnes of CO2-equivalent,Transport
"Micronesia, Fed. Sts.",1994,0.09,Tonnes of CO2-equivalent,Transport
Gabon,1994,0.32,Tonnes of CO2-equivalent,Transport
United Kingdom,1994,120.75,Tonnes of CO2-equivalent,Transport
Georgia,1994,1.52,Tonnes of CO2-equivalent,Transport
Ghana,1994,1.93,Tonnes of CO2-equivalent,Transport
Guinea,1994,0.29,Tonnes of CO2-equivalent,Transport
"Gambia, The",1994,0.08,Tonnes of CO2-equivalent,Transport
Guinea-Bissau,1994,0.05,Tonnes of CO2-equivalent,Transport
Equatorial Guinea,1994,0.02,Tonnes of CO2-equivalent,Transport
Greece,1994,17.0,Tonnes of CO2-equivalent,Transport
Grenada,1994,0.05,Tonnes of CO2-equivalent,Transport
Guatemala,1994,2.24,Tonnes of CO2-equivalent,Transport
Guyana,1994,0.42,Tonnes of CO2-equivalent,Transport
Honduras,1994,1.57,Tonnes of CO2-equivalent,Transport
Croatia,1994,3.11,Tonnes of CO2-equivalent,Transport
Haiti,1994,0.12,Tonnes of CO2-equivalent,Transport
Hungary,1994,7.14,Tonnes of CO2-equivalent,Transport
Indonesia,1994,46.41,Tonnes of CO2-equivalent,Transport
India,1994,72.65,Tonnes of CO2-equivalent,Transport
Ireland,1994,5.86,Tonnes of CO2-equivalent,Transport
"Iran, Islamic Rep.",1994,58.17,Tonnes of CO2-equivalent,Transport
Iraq,1994,25.4,Tonnes of CO2-equivalent,Transport
Iceland,1994,0.68,Tonnes of CO2-equivalent,Transport
Israel,1994,10.53,Tonnes of CO2-equivalent,Transport
Italy,1994,107.37,Tonnes of CO2-equivalent,Transport
Jamaica,1994,1.2,Tonnes of CO2-equivalent,Transport
Jordan,1994,2.82,Tonnes of CO2-equivalent,Transport
Japan,1994,250.36,Tonnes of CO2-equivalent,Transport
Kazakhstan,1994,9.39,Tonnes of CO2-equivalent,Transport
Kenya,1994,2.38,Tonnes of CO2-equivalent,Transport
Kyrgyz Republic,1994,0.51,Tonnes of CO2-equivalent,Transport
Kiribati,1994,0.02,Tonnes of CO2-equivalent,Transport
St. Kitts and Nevis,1994,0.04,Tonnes of CO2-equivalent,Transport
"Korea, Rep.",1994,66.05,Tonnes of CO2-equivalent,Transport
Kuwait,1994,5.2,Tonnes of CO2-equivalent,Transport
Lebanon,1994,3.66,Tonnes of CO2-equivalent,Transport
Liberia,1994,0.1,Tonnes of CO2-equivalent,Transport
Libya,1994,9.07,Tonnes of CO2-equivalent,Transport
St. Lucia,1994,0.14,Tonnes of CO2-equivalent,Transport
Sri Lanka,1994,3.56,Tonnes of CO2-equivalent,Transport
Lesotho,1994,0.26,Tonnes of CO2-equivalent,Transport
Lithuania,1994,2.5,Tonnes of CO2-equivalent,Transport
Luxembourg,1994,3.61,Tonnes of CO2-equivalent,Transport
Latvia,1994,2.19,Tonnes of CO2-equivalent,Transport
Morocco,1994,5.76,Tonnes of CO2-equivalent,Transport
Moldova,1994,1.35,Tonnes of CO2-equivalent,Transport
Madagascar,1994,0.71,Tonnes of CO2-equivalent,Transport
Maldives,1994,0.15,Tonnes of CO2-equivalent,Transport
Mexico,1994,100.44,Tonnes of CO2-equivalent,Transport
Marshall Islands,1994,0.03,Tonnes of CO2-equivalent,Transport
North Macedonia,1994,0.96,Tonnes of CO2-equivalent,Transport
Malta,1994,0.61,Tonnes of CO2-equivalent,Transport
Myanmar,1994,1.87,Tonnes of CO2-equivalent,Transport
Mongolia,1994,0.7,Tonnes of CO2-equivalent,Transport
Mozambique,1994,0.71,Tonnes of CO2-equivalent,Transport
Mauritania,1994,0.0,Tonnes of CO2-equivalent,Transport
Mauritius,1994,0.56,Tonnes of CO2-equivalent,Transport
Malawi,1994,0.47,Tonnes of CO2-equivalent,Transport
Malaysia,1994,19.78,Tonnes of CO2-equivalent,Transport
Namibia,1994,0.59,Tonnes of CO2-equivalent,Transport
Niger,1994,0.21,Tonnes of CO2-equivalent,Transport
Nigeria,1994,13.28,Tonnes of CO2-equivalent,Transport
Nicaragua,1994,1.03,Tonnes of CO2-equivalent,Transport
Niue,1994,0.0,Tonnes of CO2-equivalent,Transport
Netherlands,1994,30.04,Tonnes of CO2-equivalent,Transport
Norway,1994,11.11,Tonnes of CO2-equivalent,Transport
Nepal,1994,0.57,Tonnes of CO2-equivalent,Transport
Nauru,1994,0.03,Tonnes of CO2-equivalent,Transport
New Zealand,1994,10.39,Tonnes of CO2-equivalent,Transport
Oman,1994,2.18,Tonnes of CO2-equivalent,Transport
Pakistan,1994,19.93,Tonnes of CO2-equivalent,Transport
Panama,1994,1.69,Tonnes of CO2-equivalent,Transport
Peru,1994,8.19,Tonnes of CO2-equivalent,Transport
Philippines,1994,18.37,Tonnes of CO2-equivalent,Transport
Palau,1994,0.1,Tonnes of CO2-equivalent,Transport
Papua New Guinea,1994,0.71,Tonnes of CO2-equivalent,Transport
Poland,1994,22.22,Tonnes of CO2-equivalent,Transport
"Korea, Dem. People's Rep.",1994,2.17,Tonnes of CO2-equivalent,Transport
Portugal,1994,12.75,Tonnes of CO2-equivalent,Transport
Paraguay,1994,2.63,Tonnes of CO2-equivalent,Transport
Qatar,1994,1.83,Tonnes of CO2-equivalent,Transport
Romania,1994,9.16,Tonnes of CO2-equivalent,Transport
Russian Federation,1994,211.38,Tonnes of CO2-equivalent,Transport
Rwanda,1994,0.37,Tonnes of CO2-equivalent,Transport
Saudi Arabia,1994,62.75,Tonnes of CO2-equivalent,Transport
Sudan,1994,3.04,Tonnes of CO2-equivalent,Transport
Senegal,1994,0.76,Tonnes of CO2-equivalent,Transport
Singapore,1994,5.25,Tonnes of CO2-equivalent,Transport
Solomon Islands,1994,0.14,Tonnes of CO2-equivalent,Transport
Sierra Leone,1994,0.1,Tonnes of CO2-equivalent,Transport
El Salvador,1994,1.91,Tonnes of CO2-equivalent,Transport
Somalia,1994,0.24,Tonnes of CO2-equivalent,Transport
Serbia,1994,2.69,Tonnes of CO2-equivalent,Transport
Sao Tome and Principe,1994,0.03,Tonnes of CO2-equivalent,Transport
Slovak Republic,1994,3.44,Tonnes of CO2-equivalent,Transport
Slovenia,1994,3.55,Tonnes of CO2-equivalent,Transport
Sweden,1994,20.72,Tonnes of CO2-equivalent,Transport
Eswatini,1994,0.46,Tonnes of CO2-equivalent,Transport
Seychelles,1994,0.07,Tonnes of CO2-equivalent,Transport
Syrian Arab Republic,1994,7.71,Tonnes of CO2-equivalent,Transport
Chad,1994,0.3,Tonnes of CO2-equivalent,Transport
Togo,1994,0.33,Tonnes of CO2-equivalent,Transport
Thailand,1994,40.85,Tonnes of CO2-equivalent,Transport
Tajikistan,1994,0.2,Tonnes of CO2-equivalent,Transport
Turkmenistan,1994,4.32,Tonnes of CO2-equivalent,Transport
Timor-Leste,1994,0.0,Tonnes of CO2-equivalent,Transport
Tonga,1994,0.07,Tonnes of CO2-equivalent,Transport
Trinidad and Tobago,1994,1.32,Tonnes of CO2-equivalent,Transport
Tunisia,1994,3.16,Tonnes of CO2-equivalent,Transport
Turkiye,1994,32.13,Tonnes of CO2-equivalent,Transport
Tuvalu,1994,0.0,Tonnes of CO2-equivalent,Transport
Tanzania,1994,0.73,Tonnes of CO2-equivalent,Transport
Uganda,1994,0.57,Tonnes of CO2-equivalent,Transport
Ukraine,1994,33.01,Tonnes of CO2-equivalent,Transport
Uruguay,1994,2.25,Tonnes of CO2-equivalent,Transport
United States,1994,1551.22,Tonnes of CO2-equivalent,Transport
Uzbekistan,1994,4.41,Tonnes of CO2-equivalent,Transport
St. Vincent and the Grenadines,1994,0.07,Tonnes of CO2-equivalent,Transport
"Venezuela, RB",1994,33.42,Tonnes of CO2-equivalent,Transport
Viet Nam,1994,7.78,Tonnes of CO2-equivalent,Transport
Vanuatu,1994,0.03,Tonnes of CO2-equivalent,Transport
World,1994,5021.4,Tonnes of CO2-equivalent,Transport
Samoa,1994,0.07,Tonnes of CO2-equivalent,Transport
"Yemen, Rep.",1994,4.57,Tonnes of CO2-equivalent,Transport
South Africa,1994,32.3,Tonnes of CO2-equivalent,Transport
Zambia,1994,0.84,Tonnes of CO2-equivalent,Transport
Zimbabwe,1994,1.8,Tonnes of CO2-equivalent,Transport
Afghanistan,1994,0.73,Tonnes of CO2-equivalent,Transport
Angola,1994,1.58,Tonnes of CO2-equivalent,Transport
Albania,1994,0.65,Tonnes of CO2-equivalent,Transport
United Arab Emirates,1994,12.76,Tonnes of CO2-equivalent,Transport
Argentina,1994,34.62,Tonnes of CO2-equivalent,Transport
Armenia,1994,0.16,Tonnes of CO2-equivalent,Transport
Antigua and Barbuda,1994,0.13,Tonnes of CO2-equivalent,Transport
Australia,1994,66.75,Tonnes of CO2-equivalent,Transport
Austria,1994,15.69,Tonnes of CO2-equivalent,Transport
Azerbaijan,1994,3.34,Tonnes of CO2-equivalent,Transport
Burundi,1994,0.14,Tonnes of CO2-equivalent,Transport
Belgium,1994,22.85,Tonnes of CO2-equivalent,Transport
Benin,1994,0.12,Tonnes of CO2-equivalent,Transport
Burkina Faso,1994,0.28,Tonnes of CO2-equivalent,Transport
Bangladesh,1994,2.3,Tonnes of CO2-equivalent,Transport
Bulgaria,1994,4.08,Tonnes of CO2-equivalent,Transport
Bahrain,1994,1.21,Tonnes of CO2-equivalent,Transport
"Bahamas, The",1994,0.15,Tonnes of CO2-equivalent,Transport
Bosnia and Herzegovina,1994,0.99,Tonnes of CO2-equivalent,Transport
Belarus,1994,7.02,Tonnes of CO2-equivalent,Transport
Belize,1994,0.23,Tonnes of CO2-equivalent,Transport
Bolivia,1994,2.88,Tonnes of CO2-equivalent,Transport
Brazil,1994,96.94,Tonnes of CO2-equivalent,Transport
Barbados,1994,0.28,Tonnes of CO2-equivalent,Transport
Brunei Darussalam,1994,0.74,Tonnes of CO2-equivalent,Transport
Bhutan,1994,0.05,Tonnes of CO2-equivalent,Transport
Botswana,1994,0.79,Tonnes of CO2-equivalent,Transport
Central African Republic,1994,0.1,Tonnes of CO2-equivalent,Transport
Canada,1994,137.45,Tonnes of CO2-equivalent,Transport
Switzerland,1994,15.06,Tonnes of CO2-equivalent,Transport
Chile,1994,12.64,Tonnes of CO2-equivalent,Transport
China,1994,119.37,Tonnes of CO2-equivalent,Transport
Cote d'Ivoire,1994,1.13,Tonnes of CO2-equivalent,Transport
Cameroon,1994,1.8,Tonnes of CO2-equivalent,Transport
"Congo, Dem. Rep.",1994,0.47,Tonnes of CO2-equivalent,Transport
"Congo, Rep.",1994,0.3,Tonnes of CO2-equivalent,Transport
Cook Islands,1994,0.03,Tonnes of CO2-equivalent,Transport
Colombia,1994,17.56,Tonnes of CO2-equivalent,Transport
Comoros,1994,0.05,Tonnes of CO2-equivalent,Transport
Cabo Verde,1994,0.1,Tonnes of CO2-equivalent,Transport
Costa Rica,1994,2.66,Tonnes of CO2-equivalent,Transport
Cuba,1994,1.94,Tonnes of CO2-equivalent,Transport
Cyprus,1994,1.41,Tonnes of CO2-equivalent,Transport
Czechia,1994,8.77,Tonnes of CO2-equivalent,Transport
Germany,1994,170.65,Tonnes of CO2-equivalent,Transport
Djibouti,1994,0.05,Tonnes of CO2-equivalent,Transport
Dominica,1994,0.05,Tonnes of CO2-equivalent,Transport
Denmark,1994,11.71,Tonnes of CO2-equivalent,Transport
Dominican Republic,1994,3.24,Tonnes of CO2-equivalent,Transport
Algeria,1994,15.89,Tonnes of CO2-equivalent,Transport
Ecuador,1994,8.88,Tonnes of CO2-equivalent,Transport
"Egypt, Arab Rep.",1994,20.46,Tonnes of CO2-equivalent,Transport
Eritrea,1994,0.29,Tonnes of CO2-equivalent,Transport
Spain,1994,72.42,Tonnes of CO2-equivalent,Transport
Estonia,1994,1.62,Tonnes of CO2-equivalent,Transport
Ethiopia,1994,1.0,Tonnes of CO2-equivalent,Transport
European Union,1994,696.76,Tonnes of CO2-equivalent,Transport
Finland,1994,11.88,Tonnes of CO2-equivalent,Transport
Fiji,1994,0.42,Tonnes of CO2-equivalent,Transport
France,1994,124.4,Tonnes of CO2-equivalent,Transport
"Micronesia, Fed. Sts.",1994,0.09,Tonnes of CO2-equivalent,Transport
Gabon,1994,0.32,Tonnes of CO2-equivalent,Transport
United Kingdom,1994,120.75,Tonnes of CO2-equivalent,Transport
Georgia,1994,1.52,Tonnes of CO2-equivalent,Transport
Ghana,1994,1.93,Tonnes of CO2-equivalent,Transport
Guinea,1994,0.29,Tonnes of CO2-equivalent,Transport
"Gambia, The",1994,0.08,Tonnes of CO2-equivalent,Transport
Guinea-Bissau,1994,0.05,Tonnes of CO2-equivalent,Transport
Equatorial Guinea,1994,0.02,Tonnes of CO2-equivalent,Transport
Greece,1994,17.0,Tonnes of CO2-equivalent,Transport
Grenada,1994,0.05,Tonnes of CO2-equivalent,Transport
Guatemala,1994,2.24,Tonnes of CO2-equivalent,Transport
Guyana,1994,0.42,Tonnes of CO2-equivalent,Transport
Honduras,1994,1.57,Tonnes of CO2-equivalent,Transport
Croatia,1994,3.11,Tonnes of CO2-equivalent,Transport
Haiti,1994,0.12,Tonnes of CO2-equivalent,Transport
Hungary,1994,7.14,Tonnes of CO2-equivalent,Transport
Indonesia,1994,46.41,Tonnes of CO2-equivalent,Transport
India,1994,72.65,Tonnes of CO2-equivalent,Transport
Ireland,1994,5.86,Tonnes of CO2-equivalent,Transport
"Iran, Islamic Rep.",1994,58.17,Tonnes of CO2-equivalent,Transport
Iraq,1994,25.4,Tonnes of CO2-equivalent,Transport
Iceland,1994,0.68,Tonnes of CO2-equivalent,Transport
Israel,1994,10.53,Tonnes of CO2-equivalent,Transport
Italy,1994,107.37,Tonnes of CO2-equivalent,Transport
Jamaica,1994,1.2,Tonnes of CO2-equivalent,Transport
Jordan,1994,2.82,Tonnes of CO2-equivalent,Transport
Japan,1994,250.36,Tonnes of CO2-equivalent,Transport
Kazakhstan,1994,9.39,Tonnes of CO2-equivalent,Transport
Kenya,1994,2.38,Tonnes of CO2-equivalent,Transport
Kyrgyz Republic,1994,0.51,Tonnes of CO2-equivalent,Transport
Kiribati,1994,0.02,Tonnes of CO2-equivalent,Transport
St. Kitts and Nevis,1994,0.04,Tonnes of CO2-equivalent,Transport
"Korea, Rep.",1994,66.05,Tonnes of CO2-equivalent,Transport
Kuwait,1994,5.2,Tonnes of CO2-equivalent,Transport
Lebanon,1994,3.66,Tonnes of CO2-equivalent,Transport
Liberia,1994,0.1,Tonnes of CO2-equivalent,Transport
Libya,1994,9.07,Tonnes of CO2-equivalent,Transport
St. Lucia,1994,0.14,Tonnes of CO2-equivalent,Transport
Sri Lanka,1994,3.56,Tonnes of CO2-equivalent,Transport
Lesotho,1994,0.26,Tonnes of CO2-equivalent,Transport
Lithuania,1994,2.5,Tonnes of CO2-equivalent,Transport
Luxembourg,1994,3.61,Tonnes of CO2-equivalent,Transport
Latvia,1994,2.19,Tonnes of CO2-equivalent,Transport
Morocco,1994,5.76,Tonnes of CO2-equivalent,Transport
Moldova,1994,1.35,Tonnes of CO2-equivalent,Transport
Madagascar,1994,0.71,Tonnes of CO2-equivalent,Transport
Maldives,1994,0.15,Tonnes of CO2-equivalent,Transport
Mexico,1994,100.44,Tonnes of CO2-equivalent,Transport
Marshall Islands,1994,0.03,Tonnes of CO2-equivalent,Transport
North Macedonia,1994,0.96,Tonnes of CO2-equivalent,Transport
Malta,1994,0.61,Tonnes of CO2-equivalent,Transport
Myanmar,1994,1.87,Tonnes of CO2-equivalent,Transport
Mongolia,1994,0.7,Tonnes of CO2-equivalent,Transport
Mozambique,1994,0.71,Tonnes of CO2-equivalent,Transport
Mauritania,1994,0.0,Tonnes of CO2-equivalent,Transport
Mauritius,1994,0.56,Tonnes of CO2-equivalent,Transport
Malawi,1994,0.47,Tonnes of CO2-equivalent,Transport
Malaysia,1994,19.78,Tonnes of CO2-equivalent,Transport
Namibia,1994,0.59,Tonnes of CO2-equivalent,Transport
Niger,1994,0.21,Tonnes of CO2-equivalent,Transport
Nigeria,1994,13.28,Tonnes of CO2-equivalent,Transport
Nicaragua,1994,1.03,Tonnes of CO2-equivalent,Transport
Niue,1994,0.0,Tonnes of CO2-equivalent,Transport
Netherlands,1994,30.04,Tonnes of CO2-equivalent,Transport
Norway,1994,11.11,Tonnes of CO2-equivalent,Transport
Nepal,1994,0.57,Tonnes of CO2-equivalent,Transport
Nauru,1994,0.03,Tonnes of CO2-equivalent,Transport
New Zealand,1994,10.39,Tonnes of CO2-equivalent,Transport
Oman,1994,2.18,Tonnes of CO2-equivalent,Transport
Pakistan,1994,19.93,Tonnes of CO2-equivalent,Transport
Panama,1994,1.69,Tonnes of CO2-equivalent,Transport
Peru,1994,8.19,Tonnes of CO2-equivalent,Transport
Philippines,1994,18.37,Tonnes of CO2-equivalent,Transport
Palau,1994,0.1,Tonnes of CO2-equivalent,Transport
Papua New Guinea,1994,0.71,Tonnes of CO2-equivalent,Transport
Poland,1994,22.22,Tonnes of CO2-equivalent,Transport
"Korea, Dem. People's Rep.",1994,2.17,Tonnes of CO2-equivalent,Transport
Portugal,1994,12.75,Tonnes of CO2-equivalent,Transport
Paraguay,1994,2.63,Tonnes of CO2-equivalent,Transport
Qatar,1994,1.83,Tonnes of CO2-equivalent,Transport
Romania,1994,9.16,Tonnes of CO2-equivalent,Transport
Russian Federation,1994,211.38,Tonnes of CO2-equivalent,Transport
Rwanda,1994,0.37,Tonnes of CO2-equivalent,Transport
Saudi Arabia,1994,62.75,Tonnes of CO2-equivalent,Transport
Sudan,1994,3.04,Tonnes of CO2-equivalent,Transport
Senegal,1994,0.76,Tonnes of CO2-equivalent,Transport
Singapore,1994,5.25,Tonnes of CO2-equivalent,Transport
Solomon Islands,1994,0.14,Tonnes of CO2-equivalent,Transport
Sierra Leone,1994,0.1,Tonnes of CO2-equivalent,Transport
El Salvador,1994,1.91,Tonnes of CO2-equivalent,Transport
Somalia,1994,0.24,Tonnes of CO2-equivalent,Transport
Serbia,1994,2.69,Tonnes of CO2-equivalent,Transport
Sao Tome and Principe,1994,0.03,Tonnes of CO2-equivalent,Transport
Slovak Republic,1994,3.44,Tonnes of CO2-equivalent,Transport
Slovenia,1994,3.55,Tonnes of CO2-equivalent,Transport
Sweden,1994,20.72,Tonnes of CO2-equivalent,Transport
Eswatini,1994,0.46,Tonnes of CO2-equivalent,Transport
Seychelles,1994,0.07,Tonnes of CO2-equivalent,Transport
Syrian Arab Republic,1994,7.71,Tonnes of CO2-equivalent,Transport
Chad,1994,0.3,Tonnes of CO2-equivalent,Transport
Togo,1994,0.33,Tonnes of CO2-equivalent,Transport
Thailand,1994,40.85,Tonnes of CO2-equivalent,Transport
Tajikistan,1994,0.2,Tonnes of CO2-equivalent,Transport
Turkmenistan,1994,4.32,Tonnes of CO2-equivalent,Transport
Timor-Leste,1994,0.0,Tonnes of CO2-equivalent,Transport
Tonga,1994,0.07,Tonnes of CO2-equivalent,Transport
Trinidad and Tobago,1994,1.32,Tonnes of CO2-equivalent,Transport
Tunisia,1994,3.16,Tonnes of CO2-equivalent,Transport
Turkiye,1994,32.13,Tonnes of CO2-equivalent,Transport
Tuvalu,1994,0.0,Tonnes of CO2-equivalent,Transport
Tanzania,1994,0.73,Tonnes of CO2-equivalent,Transport
Uganda,1994,0.57,Tonnes of CO2-equivalent,Transport
Ukraine,1994,33.01,Tonnes of CO2-equivalent,Transport
Uruguay,1994,2.25,Tonnes of CO2-equivalent,Transport
United States,1994,1551.22,Tonnes of CO2-equivalent,Transport
Uzbekistan,1994,4.41,Tonnes of CO2-equivalent,Transport
St. Vincent and the Grenadines,1994,0.07,Tonnes of CO2-equivalent,Transport
"Venezuela, RB",1994,33.42,Tonnes of CO2-equivalent,Transport
Viet Nam,1994,7.78,Tonnes of CO2-equivalent,Transport
Vanuatu,1994,0.03,Tonnes of CO2-equivalent,Transport
World,1994,5021.4,Tonnes of CO2-equivalent,Transport
Samoa,1994,0.07,Tonnes of CO2-equivalent,Transport
"Yemen, Rep.",1994,4.57,Tonnes of CO2-equivalent,Transport
South Africa,1994,32.3,Tonnes of CO2-equivalent,Transport
Zambia,1994,0.84,Tonnes of CO2-equivalent,Transport
Zimbabwe,1994,1.8,Tonnes of CO2-equivalent,Transport
Afghanistan,1993,0.74,Tonnes of CO2-equivalent,Transport
Angola,1993,1.24,Tonnes of CO2-equivalent,Transport
Albania,1993,0.52,Tonnes of CO2-equivalent,Transport
United Arab Emirates,1993,12.88,Tonnes of CO2-equivalent,Transport
Argentina,1993,35.14,Tonnes of CO2-equivalent,Transport
Armenia,1993,1.23,Tonnes of CO2-equivalent,Transport
Antigua and Barbuda,1993,0.13,Tonnes of CO2-equivalent,Transport
Australia,1993,65.07,Tonnes of CO2-equivalent,Transport
Austria,1993,15.64,Tonnes of CO2-equivalent,Transport
Azerbaijan,1993,3.81,Tonnes of CO2-equivalent,Transport
Burundi,1993,0.14,Tonnes of CO2-equivalent,Transport
Belgium,1993,22.27,Tonnes of CO2-equivalent,Transport
Benin,1993,0.12,Tonnes of CO2-equivalent,Transport
Burkina Faso,1993,0.29,Tonnes of CO2-equivalent,Transport
Bangladesh,1993,2.25,Tonnes of CO2-equivalent,Transport
Bulgaria,1993,4.47,Tonnes of CO2-equivalent,Transport
Bahrain,1993,1.19,Tonnes of CO2-equivalent,Transport
"Bahamas, The",1993,0.15,Tonnes of CO2-equivalent,Transport
Bosnia and Herzegovina,1993,0.87,Tonnes of CO2-equivalent,Transport
Belarus,1993,9.93,Tonnes of CO2-equivalent,Transport
Belize,1993,0.23,Tonnes of CO2-equivalent,Transport
Bolivia,1993,2.77,Tonnes of CO2-equivalent,Transport
Brazil,1993,92.65,Tonnes of CO2-equivalent,Transport
Barbados,1993,0.27,Tonnes of CO2-equivalent,Transport
Brunei Darussalam,1993,0.7,Tonnes of CO2-equivalent,Transport
Bhutan,1993,0.05,Tonnes of CO2-equivalent,Transport
Botswana,1993,0.82,Tonnes of CO2-equivalent,Transport
Central African Republic,1993,0.1,Tonnes of CO2-equivalent,Transport
Canada,1993,131.06,Tonnes of CO2-equivalent,Transport
Switzerland,1993,14.71,Tonnes of CO2-equivalent,Transport
Chile,1993,11.69,Tonnes of CO2-equivalent,Transport
China,1993,128.96,Tonnes of CO2-equivalent,Transport
Cote d'Ivoire,1993,1.13,Tonnes of CO2-equivalent,Transport
Cameroon,1993,1.73,Tonnes of CO2-equivalent,Transport
"Congo, Dem. Rep.",1993,0.46,Tonnes of CO2-equivalent,Transport
"Congo, Rep.",1993,0.48,Tonnes of CO2-equivalent,Transport
Cook Islands,1993,0.03,Tonnes of CO2-equivalent,Transport
Colombia,1993,18.85,Tonnes of CO2-equivalent,Transport
Comoros,1993,0.05,Tonnes of CO2-equivalent,Transport
Cabo Verde,1993,0.1,Tonnes of CO2-equivalent,Transport
Costa Rica,1993,2.53,Tonnes of CO2-equivalent,Transport
Cuba,1993,2.0,Tonnes of CO2-equivalent,Transport
Cyprus,1993,1.36,Tonnes of CO2-equivalent,Transport
Czechia,1993,8.17,Tonnes of CO2-equivalent,Transport
Germany,1993,173.43,Tonnes of CO2-equivalent,Transport
Djibouti,1993,0.05,Tonnes of CO2-equivalent,Transport
Dominica,1993,0.04,Tonnes of CO2-equivalent,Transport
Denmark,1993,11.28,Tonnes of CO2-equivalent,Transport
Dominican Republic,1993,2.73,Tonnes of CO2-equivalent,Transport
Algeria,1993,17.36,Tonnes of CO2-equivalent,Transport
Ecuador,1993,8.36,Tonnes of CO2-equivalent,Transport
"Egypt, Arab Rep.",1993,18.68,Tonnes of CO2-equivalent,Transport
Eritrea,1993,0.21,Tonnes of CO2-equivalent,Transport
Spain,1993,70.03,Tonnes of CO2-equivalent,Transport
Estonia,1993,1.31,Tonnes of CO2-equivalent,Transport
Ethiopia,1993,0.9,Tonnes of CO2-equivalent,Transport
European Union,1993,692.1,Tonnes of CO2-equivalent,Transport
Finland,1993,11.42,Tonnes of CO2-equivalent,Transport
Fiji,1993,0.43,Tonnes of CO2-equivalent,Transport
France,1993,123.55,Tonnes of CO2-equivalent,Transport
"Micronesia, Fed. Sts.",1993,0.09,Tonnes of CO2-equivalent,Transport
Gabon,1993,0.4,Tonnes of CO2-equivalent,Transport
United Kingdom,1993,120.42,Tonnes of CO2-equivalent,Transport
Georgia,1993,2.05,Tonnes of CO2-equivalent,Transport
Ghana,1993,1.86,Tonnes of CO2-equivalent,Transport
Guinea,1993,0.29,Tonnes of CO2-equivalent,Transport
"Gambia, The",1993,0.08,Tonnes of CO2-equivalent,Transport
Guinea-Bissau,1993,0.06,Tonnes of CO2-equivalent,Transport
Equatorial Guinea,1993,0.02,Tonnes of CO2-equivalent,Transport
Greece,1993,16.9,Tonnes of CO2-equivalent,Transport
Grenada,1993,0.04,Tonnes of CO2-equivalent,Transport
Guatemala,1993,2.11,Tonnes of CO2-equivalent,Transport
Guyana,1993,0.24,Tonnes of CO2-equivalent,Transport
Honduras,1993,1.35,Tonnes of CO2-equivalent,Transport
Croatia,1993,2.91,Tonnes of CO2-equivalent,Transport
Haiti,1993,0.39,Tonnes of CO2-equivalent,Transport
Hungary,1993,7.33,Tonnes of CO2-equivalent,Transport
Indonesia,1993,41.43,Tonnes of CO2-equivalent,Transport
India,1993,70.33,Tonnes of CO2-equivalent,Transport
Ireland,1993,5.64,Tonnes of CO2-equivalent,Transport
"Iran, Islamic Rep.",1993,51.08,Tonnes of CO2-equivalent,Transport
Iraq,1993,25.12,Tonnes of CO2-equivalent,Transport
Iceland,1993,0.65,Tonnes of CO2-equivalent,Transport
Israel,1993,9.8,Tonnes of CO2-equivalent,Transport
Italy,1993,107.59,Tonnes of CO2-equivalent,Transport
Jamaica,1993,1.2,Tonnes of CO2-equivalent,Transport
Jordan,1993,2.82,Tonnes of CO2-equivalent,Transport
Japan,1993,237.95,Tonnes of CO2-equivalent,Transport
Kazakhstan,1993,13.72,Tonnes of CO2-equivalent,Transport
Kenya,1993,2.45,Tonnes of CO2-equivalent,Transport
Kyrgyz Republic,1993,1.62,Tonnes of CO2-equivalent,Transport
Kiribati,1993,0.02,Tonnes of CO2-equivalent,Transport
St. Kitts and Nevis,1993,0.04,Tonnes of CO2-equivalent,Transport
"Korea, Rep.",1993,62.84,Tonnes of CO2-equivalent,Transport
Kuwait,1993,4.93,Tonnes of CO2-equivalent,Transport
Lebanon,1993,3.9,Tonnes of CO2-equivalent,Transport
Liberia,1993,0.1,Tonnes of CO2-equivalent,Transport
Libya,1993,7.63,Tonnes of CO2-equivalent,Transport
St. Lucia,1993,0.12,Tonnes of CO2-equivalent,Transport
Sri Lanka,1993,3.06,Tonnes of CO2-equivalent,Transport
Lesotho,1993,0.25,Tonnes of CO2-equivalent,Transport
Lithuania,1993,3.18,Tonnes of CO2-equivalent,Transport
Luxembourg,1993,3.56,Tonnes of CO2-equivalent,Transport
Latvia,1993,2.37,Tonnes of CO2-equivalent,Transport
Morocco,1993,5.33,Tonnes of CO2-equivalent,Transport
Moldova,1993,1.49,Tonnes of CO2-equivalent,Transport
Madagascar,1993,0.63,Tonnes of CO2-equivalent,Transport
Maldives,1993,0.16,Tonnes of CO2-equivalent,Transport
Mexico,1993,94.61,Tonnes of CO2-equivalent,Transport
Marshall Islands,1993,0.03,Tonnes of CO2-equivalent,Transport
North Macedonia,1993,1.5,Tonnes of CO2-equivalent,Transport
Malta,1993,0.61,Tonnes of CO2-equivalent,Transport
Myanmar,1993,1.62,Tonnes of CO2-equivalent,Transport
Mongolia,1993,1.03,Tonnes of CO2-equivalent,Transport
Mozambique,1993,0.87,Tonnes of CO2-equivalent,Transport
Mauritania,1993,0.0,Tonnes of CO2-equivalent,Transport
Mauritius,1993,0.55,Tonnes of CO2-equivalent,Transport
Malawi,1993,0.46,Tonnes of CO2-equivalent,Transport
Malaysia,1993,17.91,Tonnes of CO2-equivalent,Transport
Namibia,1993,0.55,Tonnes of CO2-equivalent,Transport
Niger,1993,0.21,Tonnes of CO2-equivalent,Transport
Nigeria,1993,16.54,Tonnes of CO2-equivalent,Transport
Nicaragua,1993,0.97,Tonnes of CO2-equivalent,Transport
Niue,1993,0.0,Tonnes of CO2-equivalent,Transport
Netherlands,1993,30.62,Tonnes of CO2-equivalent,Transport
Norway,1993,11.28,Tonnes of CO2-equivalent,Transport
Nepal,1993,0.49,Tonnes of CO2-equivalent,Transport
Nauru,1993,0.03,Tonnes of CO2-equivalent,Transport
New Zealand,1993,9.71,Tonnes of CO2-equivalent,Transport
Oman,1993,2.15,Tonnes of CO2-equivalent,Transport
Pakistan,1993,18.86,Tonnes of CO2-equivalent,Transport
Panama,1993,1.58,Tonnes of CO2-equivalent,Transport
Peru,1993,7.23,Tonnes of CO2-equivalent,Transport
Philippines,1993,17.46,Tonnes of CO2-equivalent,Transport
Palau,1993,0.1,Tonnes of CO2-equivalent,Transport
Papua New Guinea,1993,0.7,Tonnes of CO2-equivalent,Transport
Poland,1993,21.52,Tonnes of CO2-equivalent,Transport
"Korea, Dem. People's Rep.",1993,3.21,Tonnes of CO2-equivalent,Transport
Portugal,1993,12.13,Tonnes of CO2-equivalent,Transport
Paraguay,1993,2.33,Tonnes of CO2-equivalent,Transport
Qatar,1993,1.72,Tonnes of CO2-equivalent,Transport
Romania,1993,8.64,Tonnes of CO2-equivalent,Transport
Russian Federation,1993,240.84,Tonnes of CO2-equivalent,Transport
Rwanda,1993,0.36,Tonnes of CO2-equivalent,Transport
Saudi Arabia,1993,58.86,Tonnes of CO2-equivalent,Transport
Sudan,1993,2.09,Tonnes of CO2-equivalent,Transport
Senegal,1993,0.77,Tonnes of CO2-equivalent,Transport
Singapore,1993,4.83,Tonnes of CO2-equivalent,Transport
Solomon Islands,1993,0.12,Tonnes of CO2-equivalent,Transport
Sierra Leone,1993,0.11,Tonnes of CO2-equivalent,Transport
El Salvador,1993,1.79,Tonnes of CO2-equivalent,Transport
Somalia,1993,0.26,Tonnes of CO2-equivalent,Transport
Serbia,1993,2.76,Tonnes of CO2-equivalent,Transport
Sao Tome and Principe,1993,0.03,Tonnes of CO2-equivalent,Transport
Slovak Republic,1993,3.01,Tonnes of CO2-equivalent,Transport
Slovenia,1993,3.18,Tonnes of CO2-equivalent,Transport
Sweden,1993,19.99,Tonnes of CO2-equivalent,Transport
Eswatini,1993,0.45,Tonnes of CO2-equivalent,Transport
Seychelles,1993,0.06,Tonnes of CO2-equivalent,Transport
Syrian Arab Republic,1993,7.69,Tonnes of CO2-equivalent,Transport
Chad,1993,0.29,Tonnes of CO2-equivalent,Transport
Togo,1993,0.17,Tonnes of CO2-equivalent,Transport
Thailand,1993,36.73,Tonnes of CO2-equivalent,Transport
Tajikistan,1993,0.3,Tonnes of CO2-equivalent,Transport
Turkmenistan,1993,7.17,Tonnes of CO2-equivalent,Transport
Timor-Leste,1993,0.0,Tonnes of CO2-equivalent,Transport
Tonga,1993,0.06,Tonnes of CO2-equivalent,Transport
Trinidad and Tobago,1993,1.26,Tonnes of CO2-equivalent,Transport
Tunisia,1993,3.03,Tonnes of CO2-equivalent,Transport
Turkiye,1993,33.08,Tonnes of CO2-equivalent,Transport
Tuvalu,1993,0.0,Tonnes of CO2-equivalent,Transport
Tanzania,1993,0.73,Tonnes of CO2-equivalent,Transport
Uganda,1993,0.62,Tonnes of CO2-equivalent,Transport
Ukraine,1993,36.29,Tonnes of CO2-equivalent,Transport
Uruguay,1993,2.0,Tonnes of CO2-equivalent,Transport
United States,1993,1497.04,Tonnes of CO2-equivalent,Transport
Uzbekistan,1993,4.93,Tonnes of CO2-equivalent,Transport
St. Vincent and the Grenadines,1993,0.06,Tonnes of CO2-equivalent,Transport
"Venezuela, RB",1993,32.92,Tonnes of CO2-equivalent,Transport
Viet Nam,1993,7.06,Tonnes of CO2-equivalent,Transport
Vanuatu,1993,0.03,Tonnes of CO2-equivalent,Transport
World,1993,4923.08,Tonnes of CO2-equivalent,Transport
Samoa,1993,0.07,Tonnes of CO2-equivalent,Transport
"Yemen, Rep.",1993,4.53,Tonnes of CO2-equivalent,Transport
South Africa,1993,31.15,Tonnes of CO2-equivalent,Transport
Zambia,1993,0.68,Tonnes of CO2-equivalent,Transport
Zimbabwe,1993,2.03,Tonnes of CO2-equivalent,Transport
Afghanistan,1993,0.74,Tonnes of CO2-equivalent,Transport
Angola,1993,1.24,Tonnes of CO2-equivalent,Transport
Albania,1993,0.52,Tonnes of CO2-equivalent,Transport
United Arab Emirates,1993,12.88,Tonnes of CO2-equivalent,Transport
Argentina,1993,35.14,Tonnes of CO2-equivalent,Transport
Armenia,1993,1.23,Tonnes of CO2-equivalent,Transport
Antigua and Barbuda,1993,0.13,Tonnes of CO2-equivalent,Transport
Australia,1993,65.07,Tonnes of CO2-equivalent,Transport
Austria,1993,15.64,Tonnes of CO2-equivalent,Transport
Azerbaijan,1993,3.81,Tonnes of CO2-equivalent,Transport
Burundi,1993,0.14,Tonnes of CO2-equivalent,Transport
Belgium,1993,22.27,Tonnes of CO2-equivalent,Transport
Benin,1993,0.12,Tonnes of CO2-equivalent,Transport
Burkina Faso,1993,0.29,Tonnes of CO2-equivalent,Transport
Bangladesh,1993,2.25,Tonnes of CO2-equivalent,Transport
Bulgaria,1993,4.47,Tonnes of CO2-equivalent,Transport
Bahrain,1993,1.19,Tonnes of CO2-equivalent,Transport
"Bahamas, The",1993,0.15,Tonnes of CO2-equivalent,Transport
Bosnia and Herzegovina,1993,0.87,Tonnes of CO2-equivalent,Transport
Belarus,1993,9.93,Tonnes of CO2-equivalent,Transport
Belize,1993,0.23,Tonnes of CO2-equivalent,Transport
Bolivia,1993,2.77,Tonnes of CO2-equivalent,Transport
Brazil,1993,92.65,Tonnes of CO2-equivalent,Transport
Barbados,1993,0.27,Tonnes of CO2-equivalent,Transport
Brunei Darussalam,1993,0.7,Tonnes of CO2-equivalent,Transport
Bhutan,1993,0.05,Tonnes of CO2-equivalent,Transport
Botswana,1993,0.82,Tonnes of CO2-equivalent,Transport
Central African Republic,1993,0.1,Tonnes of CO2-equivalent,Transport
Canada,1993,131.06,Tonnes of CO2-equivalent,Transport
Switzerland,1993,14.71,Tonnes of CO2-equivalent,Transport
Chile,1993,11.69,Tonnes of CO2-equivalent,Transport
China,1993,128.96,Tonnes of CO2-equivalent,Transport
Cote d'Ivoire,1993,1.13,Tonnes of CO2-equivalent,Transport
Cameroon,1993,1.73,Tonnes of CO2-equivalent,Transport
"Congo, Dem. Rep.",1993,0.46,Tonnes of CO2-equivalent,Transport
"Congo, Rep.",1993,0.48,Tonnes of CO2-equivalent,Transport
Cook Islands,1993,0.03,Tonnes of CO2-equivalent,Transport
Colombia,1993,18.85,Tonnes of CO2-equivalent,Transport
Comoros,1993,0.05,Tonnes of CO2-equivalent,Transport
Cabo Verde,1993,0.1,Tonnes of CO2-equivalent,Transport
Costa Rica,1993,2.53,Tonnes of CO2-equivalent,Transport
Cuba,1993,2.0,Tonnes of CO2-equivalent,Transport
Cyprus,1993,1.36,Tonnes of CO2-equivalent,Transport
Czechia,1993,8.17,Tonnes of CO2-equivalent,Transport
Germany,1993,173.43,Tonnes of CO2-equivalent,Transport
Djibouti,1993,0.05,Tonnes of CO2-equivalent,Transport
Dominica,1993,0.04,Tonnes of CO2-equivalent,Transport
Denmark,1993,11.28,Tonnes of CO2-equivalent,Transport
Dominican Republic,1993,2.73,Tonnes of CO2-equivalent,Transport
Algeria,1993,17.36,Tonnes of CO2-equivalent,Transport
Ecuador,1993,8.36,Tonnes of CO2-equivalent,Transport
"Egypt, Arab Rep.",1993,18.68,Tonnes of CO2-equivalent,Transport
Eritrea,1993,0.21,Tonnes of CO2-equivalent,Transport
Spain,1993,70.03,Tonnes of CO2-equivalent,Transport
Estonia,1993,1.31,Tonnes of CO2-equivalent,Transport
Ethiopia,1993,0.9,Tonnes of CO2-equivalent,Transport
European Union,1993,692.1,Tonnes of CO2-equivalent,Transport
Finland,1993,11.42,Tonnes of CO2-equivalent,Transport
Fiji,1993,0.43,Tonnes of CO2-equivalent,Transport
France,1993,123.55,Tonnes of CO2-equivalent,Transport
"Micronesia, Fed. Sts.",1993,0.09,Tonnes of CO2-equivalent,Transport
Gabon,1993,0.4,Tonnes of CO2-equivalent,Transport
United Kingdom,1993,120.42,Tonnes of CO2-equivalent,Transport
Georgia,1993,2.05,Tonnes of CO2-equivalent,Transport
Ghana,1993,1.86,Tonnes of CO2-equivalent,Transport
Guinea,1993,0.29,Tonnes of CO2-equivalent,Transport
"Gambia, The",1993,0.08,Tonnes of CO2-equivalent,Transport
Guinea-Bissau,1993,0.06,Tonnes of CO2-equivalent,Transport
Equatorial Guinea,1993,0.02,Tonnes of CO2-equivalent,Transport
Greece,1993,16.9,Tonnes of CO2-equivalent,Transport
Grenada,1993,0.04,Tonnes of CO2-equivalent,Transport
Guatemala,1993,2.11,Tonnes of CO2-equivalent,Transport
Guyana,1993,0.24,Tonnes of CO2-equivalent,Transport
Honduras,1993,1.35,Tonnes of CO2-equivalent,Transport
Croatia,1993,2.91,Tonnes of CO2-equivalent,Transport
Haiti,1993,0.39,Tonnes of CO2-equivalent,Transport
Hungary,1993,7.33,Tonnes of CO2-equivalent,Transport
Indonesia,1993,41.43,Tonnes of CO2-equivalent,Transport
India,1993,70.33,Tonnes of CO2-equivalent,Transport
Ireland,1993,5.64,Tonnes of CO2-equivalent,Transport
"Iran, Islamic Rep.",1993,51.08,Tonnes of CO2-equivalent,Transport
Iraq,1993,25.12,Tonnes of CO2-equivalent,Transport
Iceland,1993,0.65,Tonnes of CO2-equivalent,Transport
Israel,1993,9.8,Tonnes of CO2-equivalent,Transport
Italy,1993,107.59,Tonnes of CO2-equivalent,Transport
Jamaica,1993,1.2,Tonnes of CO2-equivalent,Transport
Jordan,1993,2.82,Tonnes of CO2-equivalent,Transport
Japan,1993,237.95,Tonnes of CO2-equivalent,Transport
Kazakhstan,1993,13.72,Tonnes of CO2-equivalent,Transport
Kenya,1993,2.45,Tonnes of CO2-equivalent,Transport
Kyrgyz Republic,1993,1.62,Tonnes of CO2-equivalent,Transport
Kiribati,1993,0.02,Tonnes of CO2-equivalent,Transport
St. Kitts and Nevis,1993,0.04,Tonnes of CO2-equivalent,Transport
"Korea, Rep.",1993,62.84,Tonnes of CO2-equivalent,Transport
Kuwait,1993,4.93,Tonnes of CO2-equivalent,Transport
Lebanon,1993,3.9,Tonnes of CO2-equivalent,Transport
Liberia,1993,0.1,Tonnes of CO2-equivalent,Transport
Libya,1993,7.63,Tonnes of CO2-equivalent,Transport
St. Lucia,1993,0.12,Tonnes of CO2-equivalent,Transport
Sri Lanka,1993,3.06,Tonnes of CO2-equivalent,Transport
Lesotho,1993,0.25,Tonnes of CO2-equivalent,Transport
Lithuania,1993,3.18,Tonnes of CO2-equivalent,Transport
Luxembourg,1993,3.56,Tonnes of CO2-equivalent,Transport
Latvia,1993,2.37,Tonnes of CO2-equivalent,Transport
Morocco,1993,5.33,Tonnes of CO2-equivalent,Transport
Moldova,1993,1.49,Tonnes of CO2-equivalent,Transport
Madagascar,1993,0.63,Tonnes of CO2-equivalent,Transport
Maldives,1993,0.16,Tonnes of CO2-equivalent,Transport
Mexico,1993,94.61,Tonnes of CO2-equivalent,Transport
Marshall Islands,1993,0.03,Tonnes of CO2-equivalent,Transport
North Macedonia,1993,1.5,Tonnes of CO2-equivalent,Transport
Malta,1993,0.61,Tonnes of CO2-equivalent,Transport
Myanmar,1993,1.62,Tonnes of CO2-equivalent,Transport
Mongolia,1993,1.03,Tonnes of CO2-equivalent,Transport
Mozambique,1993,0.87,Tonnes of CO2-equivalent,Transport
Mauritania,1993,0.0,Tonnes of CO2-equivalent,Transport
Mauritius,1993,0.55,Tonnes of CO2-equivalent,Transport
Malawi,1993,0.46,Tonnes of CO2-equivalent,Transport
Malaysia,1993,17.91,Tonnes of CO2-equivalent,Transport
Namibia,1993,0.55,Tonnes of CO2-equivalent,Transport
Niger,1993,0.21,Tonnes of CO2-equivalent,Transport
Nigeria,1993,16.54,Tonnes of CO2-equivalent,Transport
Nicaragua,1993,0.97,Tonnes of CO2-equivalent,Transport
Niue,1993,0.0,Tonnes of CO2-equivalent,Transport
Netherlands,1993,30.62,Tonnes of CO2-equivalent,Transport
Norway,1993,11.28,Tonnes of CO2-equivalent,Transport
Nepal,1993,0.49,Tonnes of CO2-equivalent,Transport
Nauru,1993,0.03,Tonnes of CO2-equivalent,Transport
New Zealand,1993,9.71,Tonnes of CO2-equivalent,Transport
Oman,1993,2.15,Tonnes of CO2-equivalent,Transport
Pakistan,1993,18.86,Tonnes of CO2-equivalent,Transport
Panama,1993,1.58,Tonnes of CO2-equivalent,Transport
Peru,1993,7.23,Tonnes of CO2-equivalent,Transport
Philippines,1993,17.46,Tonnes of CO2-equivalent,Transport
Palau,1993,0.1,Tonnes of CO2-equivalent,Transport
Papua New Guinea,1993,0.7,Tonnes of CO2-equivalent,Transport
Poland,1993,21.52,Tonnes of CO2-equivalent,Transport
"Korea, Dem. People's Rep.",1993,3.21,Tonnes of CO2-equivalent,Transport
Portugal,1993,12.13,Tonnes of CO2-equivalent,Transport
Paraguay,1993,2.33,Tonnes of CO2-equivalent,Transport
Qatar,1993,1.72,Tonnes of CO2-equivalent,Transport
Romania,1993,8.64,Tonnes of CO2-equivalent,Transport
Russian Federation,1993,240.84,Tonnes of CO2-equivalent,Transport
Rwanda,1993,0.36,Tonnes of CO2-equivalent,Transport
Saudi Arabia,1993,58.86,Tonnes of CO2-equivalent,Transport
Sudan,1993,2.09,Tonnes of CO2-equivalent,Transport
Senegal,1993,0.77,Tonnes of CO2-equivalent,Transport
Singapore,1993,4.83,Tonnes of CO2-equivalent,Transport
Solomon Islands,1993,0.12,Tonnes of CO2-equivalent,Transport
Sierra Leone,1993,0.11,Tonnes of CO2-equivalent,Transport
El Salvador,1993,1.79,Tonnes of CO2-equivalent,Transport
Somalia,1993,0.26,Tonnes of CO2-equivalent,Transport
Serbia,1993,2.76,Tonnes of CO2-equivalent,Transport
Sao Tome and Principe,1993,0.03,Tonnes of CO2-equivalent,Transport
Slovak Republic,1993,3.01,Tonnes of CO2-equivalent,Transport
Slovenia,1993,3.18,Tonnes of CO2-equivalent,Transport
Sweden,1993,19.99,Tonnes of CO2-equivalent,Transport
Eswatini,1993,0.45,Tonnes of CO2-equivalent,Transport
Seychelles,1993,0.06,Tonnes of CO2-equivalent,Transport
Syrian Arab Republic,1993,7.69,Tonnes of CO2-equivalent,Transport
Chad,1993,0.29,Tonnes of CO2-equivalent,Transport
Togo,1993,0.17,Tonnes of CO2-equivalent,Transport
Thailand,1993,36.73,Tonnes of CO2-equivalent,Transport
Tajikistan,1993,0.3,Tonnes of CO2-equivalent,Transport
Turkmenistan,1993,7.17,Tonnes of CO2-equivalent,Transport
Timor-Leste,1993,0.0,Tonnes of CO2-equivalent,Transport
Tonga,1993,0.06,Tonnes of CO2-equivalent,Transport
Trinidad and Tobago,1993,1.26,Tonnes of CO2-equivalent,Transport
Tunisia,1993,3.03,Tonnes of CO2-equivalent,Transport
Turkiye,1993,33.08,Tonnes of CO2-equivalent,Transport
Tuvalu,1993,0.0,Tonnes of CO2-equivalent,Transport
Tanzania,1993,0.73,Tonnes of CO2-equivalent,Transport
Uganda,1993,0.62,Tonnes of CO2-equivalent,Transport
Ukraine,1993,36.29,Tonnes of CO2-equivalent,Transport
Uruguay,1993,2.0,Tonnes of CO2-equivalent,Transport
United States,1993,1497.04,Tonnes of CO2-equivalent,Transport
Uzbekistan,1993,4.93,Tonnes of CO2-equivalent,Transport
St. Vincent and the Grenadines,1993,0.06,Tonnes of CO2-equivalent,Transport
"Venezuela, RB",1993,32.92,Tonnes of CO2-equivalent,Transport
Viet Nam,1993,7.06,Tonnes of CO2-equivalent,Transport
Vanuatu,1993,0.03,Tonnes of CO2-equivalent,Transport
World,1993,4923.08,Tonnes of CO2-equivalent,Transport
Samoa,1993,0.07,Tonnes of CO2-equivalent,Transport
"Yemen, Rep.",1993,4.53,Tonnes of CO2-equivalent,Transport
South Africa,1993,31.15,Tonnes of CO2-equivalent,Transport
Zambia,1993,0.68,Tonnes of CO2-equivalent,Transport
Zimbabwe,1993,2.03,Tonnes of CO2-equivalent,Transport
Afghanistan,1992,0.74,Tonnes of CO2-equivalent,Transport
Angola,1992,1.21,Tonnes of CO2-equivalent,Transport
Albania,1992,0.42,Tonnes of CO2-equivalent,Transport
United Arab Emirates,1992,12.07,Tonnes of CO2-equivalent,Transport
Argentina,1992,32.81,Tonnes of CO2-equivalent,Transport
Armenia,1992,1.89,Tonnes of CO2-equivalent,Transport
Antigua and Barbuda,1992,0.12,Tonnes of CO2-equivalent,Transport
Australia,1992,63.94,Tonnes of CO2-equivalent,Transport
Austria,1992,15.49,Tonnes of CO2-equivalent,Transport
Azerbaijan,1992,4.13,Tonnes of CO2-equivalent,Transport
Burundi,1992,0.13,Tonnes of CO2-equivalent,Transport
Belgium,1992,21.74,Tonnes of CO2-equivalent,Transport
Benin,1992,0.12,Tonnes of CO2-equivalent,Transport
Burkina Faso,1992,0.28,Tonnes of CO2-equivalent,Transport
Bangladesh,1992,2.19,Tonnes of CO2-equivalent,Transport
Bulgaria,1992,3.95,Tonnes of CO2-equivalent,Transport
Bahrain,1992,1.15,Tonnes of CO2-equivalent,Transport
"Bahamas, The",1992,0.17,Tonnes of CO2-equivalent,Transport
Bosnia and Herzegovina,1992,1.09,Tonnes of CO2-equivalent,Transport
Belarus,1992,11.77,Tonnes of CO2-equivalent,Transport
Belize,1992,0.22,Tonnes of CO2-equivalent,Transport
Bolivia,1992,2.4,Tonnes of CO2-equivalent,Transport
Brazil,1992,89.08,Tonnes of CO2-equivalent,Transport
Barbados,1992,0.27,Tonnes of CO2-equivalent,Transport
Brunei Darussalam,1992,0.67,Tonnes of CO2-equivalent,Transport
Bhutan,1992,0.05,Tonnes of CO2-equivalent,Transport
Botswana,1992,0.84,Tonnes of CO2-equivalent,Transport
Central African Republic,1992,0.09,Tonnes of CO2-equivalent,Transport
Canada,1992,129.03,Tonnes of CO2-equivalent,Transport
Switzerland,1992,15.76,Tonnes of CO2-equivalent,Transport
Chile,1992,10.55,Tonnes of CO2-equivalent,Transport
China,1992,113.87,Tonnes of CO2-equivalent,Transport
Cote d'Ivoire,1992,1.17,Tonnes of CO2-equivalent,Transport
Cameroon,1992,1.61,Tonnes of CO2-equivalent,Transport
"Congo, Dem. Rep.",1992,0.45,Tonnes of CO2-equivalent,Transport
"Congo, Rep.",1992,0.48,Tonnes of CO2-equivalent,Transport
Cook Islands,1992,0.03,Tonnes of CO2-equivalent,Transport
Colombia,1992,18.58,Tonnes of CO2-equivalent,Transport
Comoros,1992,0.05,Tonnes of CO2-equivalent,Transport
Cabo Verde,1992,0.11,Tonnes of CO2-equivalent,Transport
Costa Rica,1992,2.45,Tonnes of CO2-equivalent,Transport
Cuba,1992,2.66,Tonnes of CO2-equivalent,Transport
Cyprus,1992,1.34,Tonnes of CO2-equivalent,Transport
Czechia,1992,8.13,Tonnes of CO2-equivalent,Transport
Germany,1992,168.74,Tonnes of CO2-equivalent,Transport
Djibouti,1992,0.05,Tonnes of CO2-equivalent,Transport
Dominica,1992,0.04,Tonnes of CO2-equivalent,Transport
Denmark,1992,11.11,Tonnes of CO2-equivalent,Transport
Dominican Republic,1992,2.52,Tonnes of CO2-equivalent,Transport
Algeria,1992,17.2,Tonnes of CO2-equivalent,Transport
Ecuador,1992,8.33,Tonnes of CO2-equivalent,Transport
"Egypt, Arab Rep.",1992,17.96,Tonnes of CO2-equivalent,Transport
Eritrea,1992,0.12,Tonnes of CO2-equivalent,Transport
Spain,1992,71.06,Tonnes of CO2-equivalent,Transport
Estonia,1992,1.17,Tonnes of CO2-equivalent,Transport
Ethiopia,1992,0.74,Tonnes of CO2-equivalent,Transport
European Union,1992,686.95,Tonnes of CO2-equivalent,Transport
Finland,1992,11.66,Tonnes of CO2-equivalent,Transport
Fiji,1992,0.45,Tonnes of CO2-equivalent,Transport
France,1992,122.42,Tonnes of CO2-equivalent,Transport
"Micronesia, Fed. Sts.",1992,0.08,Tonnes of CO2-equivalent,Transport
Gabon,1992,0.38,Tonnes of CO2-equivalent,Transport
United Kingdom,1992,119.25,Tonnes of CO2-equivalent,Transport
Georgia,1992,2.39,Tonnes of CO2-equivalent,Transport
Ghana,1992,1.84,Tonnes of CO2-equivalent,Transport
Guinea,1992,0.29,Tonnes of CO2-equivalent,Transport
"Gambia, The",1992,0.08,Tonnes of CO2-equivalent,Transport
Guinea-Bissau,1992,0.05,Tonnes of CO2-equivalent,Transport
Equatorial Guinea,1992,0.01,Tonnes of CO2-equivalent,Transport
Greece,1992,16.68,Tonnes of CO2-equivalent,Transport
Grenada,1992,0.04,Tonnes of CO2-equivalent,Transport
Guatemala,1992,1.92,Tonnes of CO2-equivalent,Transport
Guyana,1992,0.24,Tonnes of CO2-equivalent,Transport
Honduras,1992,1.19,Tonnes of CO2-equivalent,Transport
Croatia,1992,2.77,Tonnes of CO2-equivalent,Transport
Haiti,1992,0.42,Tonnes of CO2-equivalent,Transport
Hungary,1992,7.35,Tonnes of CO2-equivalent,Transport
Indonesia,1992,38.81,Tonnes of CO2-equivalent,Transport
India,1992,70.26,Tonnes of CO2-equivalent,Transport
Ireland,1992,5.6,Tonnes of CO2-equivalent,Transport
"Iran, Islamic Rep.",1992,45.29,Tonnes of CO2-equivalent,Transport
Iraq,1992,23.86,Tonnes of CO2-equivalent,Transport
Iceland,1992,0.65,Tonnes of CO2-equivalent,Transport
Israel,1992,9.32,Tonnes of CO2-equivalent,Transport
Italy,1992,105.63,Tonnes of CO2-equivalent,Transport
Jamaica,1992,1.11,Tonnes of CO2-equivalent,Transport
Jordan,1992,2.74,Tonnes of CO2-equivalent,Transport
Japan,1992,232.73,Tonnes of CO2-equivalent,Transport
Kazakhstan,1992,16.46,Tonnes of CO2-equivalent,Transport
Kenya,1992,2.63,Tonnes of CO2-equivalent,Transport
Kyrgyz Republic,1992,2.78,Tonnes of CO2-equivalent,Transport
Kiribati,1992,0.01,Tonnes of CO2-equivalent,Transport
St. Kitts and Nevis,1992,0.04,Tonnes of CO2-equivalent,Transport
"Korea, Rep.",1992,55.7,Tonnes of CO2-equivalent,Transport
Kuwait,1992,4.68,Tonnes of CO2-equivalent,Transport
Lebanon,1992,3.34,Tonnes of CO2-equivalent,Transport
Liberia,1992,0.09,Tonnes of CO2-equivalent,Transport
Libya,1992,6.49,Tonnes of CO2-equivalent,Transport
St. Lucia,1992,0.11,Tonnes of CO2-equivalent,Transport
Sri Lanka,1992,2.86,Tonnes of CO2-equivalent,Transport
Lesotho,1992,0.25,Tonnes of CO2-equivalent,Transport
Lithuania,1992,4.15,Tonnes of CO2-equivalent,Transport
Luxembourg,1992,3.53,Tonnes of CO2-equivalent,Transport
Latvia,1992,2.56,Tonnes of CO2-equivalent,Transport
Morocco,1992,4.9,Tonnes of CO2-equivalent,Transport
Moldova,1992,2.3,Tonnes of CO2-equivalent,Transport
Madagascar,1992,0.61,Tonnes of CO2-equivalent,Transport
Maldives,1992,0.19,Tonnes of CO2-equivalent,Transport
Mexico,1992,92.47,Tonnes of CO2-equivalent,Transport
Marshall Islands,1992,0.03,Tonnes of CO2-equivalent,Transport
North Macedonia,1992,0.8,Tonnes of CO2-equivalent,Transport
Malta,1992,0.54,Tonnes of CO2-equivalent,Transport
Myanmar,1992,1.06,Tonnes of CO2-equivalent,Transport
Mongolia,1992,0.93,Tonnes of CO2-equivalent,Transport
Mozambique,1992,0.7,Tonnes of CO2-equivalent,Transport
Mauritania,1992,0.0,Tonnes of CO2-equivalent,Transport
Mauritius,1992,0.51,Tonnes of CO2-equivalent,Transport
Malawi,1992,0.45,Tonnes of CO2-equivalent,Transport
Malaysia,1992,17.2,Tonnes of CO2-equivalent,Transport
Namibia,1992,0.53,Tonnes of CO2-equivalent,Transport
Niger,1992,0.2,Tonnes of CO2-equivalent,Transport
Nigeria,1992,19.26,Tonnes of CO2-equivalent,Transport
Nicaragua,1992,0.95,Tonnes of CO2-equivalent,Transport
Niue,1992,0.0,Tonnes of CO2-equivalent,Transport
Netherlands,1992,29.73,Tonnes of CO2-equivalent,Transport
Norway,1992,10.67,Tonnes of CO2-equivalent,Transport
Nepal,1992,0.45,Tonnes of CO2-equivalent,Transport
Nauru,1992,0.03,Tonnes of CO2-equivalent,Transport
New Zealand,1992,9.31,Tonnes of CO2-equivalent,Transport
Oman,1992,2.01,Tonnes of CO2-equivalent,Transport
Pakistan,1992,16.51,Tonnes of CO2-equivalent,Transport
Panama,1992,1.47,Tonnes of CO2-equivalent,Transport
Peru,1992,7.07,Tonnes of CO2-equivalent,Transport
Philippines,1992,15.4,Tonnes of CO2-equivalent,Transport
Palau,1992,0.1,Tonnes of CO2-equivalent,Transport
Papua New Guinea,1992,0.65,Tonnes of CO2-equivalent,Transport
Poland,1992,22.11,Tonnes of CO2-equivalent,Transport
"Korea, Dem. People's Rep.",1992,3.58,Tonnes of CO2-equivalent,Transport
Portugal,1992,11.56,Tonnes of CO2-equivalent,Transport
Paraguay,1992,1.87,Tonnes of CO2-equivalent,Transport
Qatar,1992,1.63,Tonnes of CO2-equivalent,Transport
Romania,1992,10.76,Tonnes of CO2-equivalent,Transport
Russian Federation,1992,287.08,Tonnes of CO2-equivalent,Transport
Rwanda,1992,0.35,Tonnes of CO2-equivalent,Transport
Saudi Arabia,1992,55.86,Tonnes of CO2-equivalent,Transport
Sudan,1992,3.19,Tonnes of CO2-equivalent,Transport
Senegal,1992,0.8,Tonnes of CO2-equivalent,Transport
Singapore,1992,4.87,Tonnes of CO2-equivalent,Transport
Solomon Islands,1992,0.11,Tonnes of CO2-equivalent,Transport
Sierra Leone,1992,0.12,Tonnes of CO2-equivalent,Transport
El Salvador,1992,1.64,Tonnes of CO2-equivalent,Transport
Somalia,1992,0.27,Tonnes of CO2-equivalent,Transport
Serbia,1992,2.32,Tonnes of CO2-equivalent,Transport
Sao Tome and Principe,1992,0.03,Tonnes of CO2-equivalent,Transport
Slovak Republic,1992,3.63,Tonnes of CO2-equivalent,Transport
Slovenia,1992,2.63,Tonnes of CO2-equivalent,Transport
Sweden,1992,20.92,Tonnes of CO2-equivalent,Transport
Eswatini,1992,0.45,Tonnes of CO2-equivalent,Transport
Seychelles,1992,0.07,Tonnes of CO2-equivalent,Transport
Syrian Arab Republic,1992,7.33,Tonnes of CO2-equivalent,Transport
Chad,1992,0.29,Tonnes of CO2-equivalent,Transport
Togo,1992,0.28,Tonnes of CO2-equivalent,Transport
Thailand,1992,31.24,Tonnes of CO2-equivalent,Transport
Tajikistan,1992,0.38,Tonnes of CO2-equivalent,Transport
Turkmenistan,1992,6.97,Tonnes of CO2-equivalent,Transport
Timor-Leste,1992,0.0,Tonnes of CO2-equivalent,Transport
Tonga,1992,0.05,Tonnes of CO2-equivalent,Transport
Trinidad and Tobago,1992,1.4,Tonnes of CO2-equivalent,Transport
Tunisia,1992,2.7,Tonnes of CO2-equivalent,Transport
Turkiye,1992,27.8,Tonnes of CO2-equivalent,Transport
Tuvalu,1992,0.0,Tonnes of CO2-equivalent,Transport
Tanzania,1992,0.7,Tonnes of CO2-equivalent,Transport
Uganda,1992,0.63,Tonnes of CO2-equivalent,Transport
Ukraine,1992,41.97,Tonnes of CO2-equivalent,Transport
Uruguay,1992,1.78,Tonnes of CO2-equivalent,Transport
United States,1992,1472.86,Tonnes of CO2-equivalent,Transport
Uzbekistan,1992,5.61,Tonnes of CO2-equivalent,Transport
St. Vincent and the Grenadines,1992,0.05,Tonnes of CO2-equivalent,Transport
"Venezuela, RB",1992,30.71,Tonnes of CO2-equivalent,Transport
Viet Nam,1992,4.52,Tonnes of CO2-equivalent,Transport
Vanuatu,1992,0.03,Tonnes of CO2-equivalent,Transport
World,1992,4880.1,Tonnes of CO2-equivalent,Transport
Samoa,1992,0.06,Tonnes of CO2-equivalent,Transport
"Yemen, Rep.",1992,5.55,Tonnes of CO2-equivalent,Transport
South Africa,1992,30.91,Tonnes of CO2-equivalent,Transport
Zambia,1992,0.96,Tonnes of CO2-equivalent,Transport
Zimbabwe,1992,2.28,Tonnes of CO2-equivalent,Transport
Afghanistan,1992,0.74,Tonnes of CO2-equivalent,Transport
Angola,1992,1.21,Tonnes of CO2-equivalent,Transport
Albania,1992,0.42,Tonnes of CO2-equivalent,Transport
United Arab Emirates,1992,12.07,Tonnes of CO2-equivalent,Transport
Argentina,1992,32.81,Tonnes of CO2-equivalent,Transport
Armenia,1992,1.89,Tonnes of CO2-equivalent,Transport
Antigua and Barbuda,1992,0.12,Tonnes of CO2-equivalent,Transport
Australia,1992,63.94,Tonnes of CO2-equivalent,Transport
Austria,1992,15.49,Tonnes of CO2-equivalent,Transport
Azerbaijan,1992,4.13,Tonnes of CO2-equivalent,Transport
Burundi,1992,0.13,Tonnes of CO2-equivalent,Transport
Belgium,1992,21.74,Tonnes of CO2-equivalent,Transport
Benin,1992,0.12,Tonnes of CO2-equivalent,Transport
Burkina Faso,1992,0.28,Tonnes of CO2-equivalent,Transport
Bangladesh,1992,2.19,Tonnes of CO2-equivalent,Transport
Bulgaria,1992,3.95,Tonnes of CO2-equivalent,Transport
Bahrain,1992,1.15,Tonnes of CO2-equivalent,Transport
"Bahamas, The",1992,0.17,Tonnes of CO2-equivalent,Transport
Bosnia and Herzegovina,1992,1.09,Tonnes of CO2-equivalent,Transport
Belarus,1992,11.77,Tonnes of CO2-equivalent,Transport
Belize,1992,0.22,Tonnes of CO2-equivalent,Transport
Bolivia,1992,2.4,Tonnes of CO2-equivalent,Transport
Brazil,1992,89.08,Tonnes of CO2-equivalent,Transport
Barbados,1992,0.27,Tonnes of CO2-equivalent,Transport
Brunei Darussalam,1992,0.67,Tonnes of CO2-equivalent,Transport
Bhutan,1992,0.05,Tonnes of CO2-equivalent,Transport
Botswana,1992,0.84,Tonnes of CO2-equivalent,Transport
Central African Republic,1992,0.09,Tonnes of CO2-equivalent,Transport
Canada,1992,129.03,Tonnes of CO2-equivalent,Transport
Switzerland,1992,15.76,Tonnes of CO2-equivalent,Transport
Chile,1992,10.55,Tonnes of CO2-equivalent,Transport
China,1992,113.87,Tonnes of CO2-equivalent,Transport
Cote d'Ivoire,1992,1.17,Tonnes of CO2-equivalent,Transport
Cameroon,1992,1.61,Tonnes of CO2-equivalent,Transport
"Congo, Dem. Rep.",1992,0.45,Tonnes of CO2-equivalent,Transport
"Congo, Rep.",1992,0.48,Tonnes of CO2-equivalent,Transport
Cook Islands,1992,0.03,Tonnes of CO2-equivalent,Transport
Colombia,1992,18.58,Tonnes of CO2-equivalent,Transport
Comoros,1992,0.05,Tonnes of CO2-equivalent,Transport
Cabo Verde,1992,0.11,Tonnes of CO2-equivalent,Transport
Costa Rica,1992,2.45,Tonnes of CO2-equivalent,Transport
Cuba,1992,2.66,Tonnes of CO2-equivalent,Transport
Cyprus,1992,1.34,Tonnes of CO2-equivalent,Transport
Czechia,1992,8.13,Tonnes of CO2-equivalent,Transport
Germany,1992,168.74,Tonnes of CO2-equivalent,Transport
Djibouti,1992,0.05,Tonnes of CO2-equivalent,Transport
Dominica,1992,0.04,Tonnes of CO2-equivalent,Transport
Denmark,1992,11.11,Tonnes of CO2-equivalent,Transport
Dominican Republic,1992,2.52,Tonnes of CO2-equivalent,Transport
Algeria,1992,17.2,Tonnes of CO2-equivalent,Transport
Ecuador,1992,8.33,Tonnes of CO2-equivalent,Transport
"Egypt, Arab Rep.",1992,17.96,Tonnes of CO2-equivalent,Transport
Eritrea,1992,0.12,Tonnes of CO2-equivalent,Transport
Spain,1992,71.06,Tonnes of CO2-equivalent,Transport
Estonia,1992,1.17,Tonnes of CO2-equivalent,Transport
Ethiopia,1992,0.74,Tonnes of CO2-equivalent,Transport
European Union,1992,686.95,Tonnes of CO2-equivalent,Transport
Finland,1992,11.66,Tonnes of CO2-equivalent,Transport
Fiji,1992,0.45,Tonnes of CO2-equivalent,Transport
France,1992,122.42,Tonnes of CO2-equivalent,Transport
"Micronesia, Fed. Sts.",1992,0.08,Tonnes of CO2-equivalent,Transport
Gabon,1992,0.38,Tonnes of CO2-equivalent,Transport
United Kingdom,1992,119.25,Tonnes of CO2-equivalent,Transport
Georgia,1992,2.39,Tonnes of CO2-equivalent,Transport
Ghana,1992,1.84,Tonnes of CO2-equivalent,Transport
Guinea,1992,0.29,Tonnes of CO2-equivalent,Transport
"Gambia, The",1992,0.08,Tonnes of CO2-equivalent,Transport
Guinea-Bissau,1992,0.05,Tonnes of CO2-equivalent,Transport
Equatorial Guinea,1992,0.01,Tonnes of CO2-equivalent,Transport
Greece,1992,16.68,Tonnes of CO2-equivalent,Transport
Grenada,1992,0.04,Tonnes of CO2-equivalent,Transport
Guatemala,1992,1.92,Tonnes of CO2-equivalent,Transport
Guyana,1992,0.24,Tonnes of CO2-equivalent,Transport
Honduras,1992,1.19,Tonnes of CO2-equivalent,Transport
Croatia,1992,2.77,Tonnes of CO2-equivalent,Transport
Haiti,1992,0.42,Tonnes of CO2-equivalent,Transport
Hungary,1992,7.35,Tonnes of CO2-equivalent,Transport
Indonesia,1992,38.81,Tonnes of CO2-equivalent,Transport
India,1992,70.26,Tonnes of CO2-equivalent,Transport
Ireland,1992,5.6,Tonnes of CO2-equivalent,Transport
"Iran, Islamic Rep.",1992,45.29,Tonnes of CO2-equivalent,Transport
Iraq,1992,23.86,Tonnes of CO2-equivalent,Transport
Iceland,1992,0.65,Tonnes of CO2-equivalent,Transport
Israel,1992,9.32,Tonnes of CO2-equivalent,Transport
Italy,1992,105.63,Tonnes of CO2-equivalent,Transport
Jamaica,1992,1.11,Tonnes of CO2-equivalent,Transport
Jordan,1992,2.74,Tonnes of CO2-equivalent,Transport
Japan,1992,232.73,Tonnes of CO2-equivalent,Transport
Kazakhstan,1992,16.46,Tonnes of CO2-equivalent,Transport
Kenya,1992,2.63,Tonnes of CO2-equivalent,Transport
Kyrgyz Republic,1992,2.78,Tonnes of CO2-equivalent,Transport
Kiribati,1992,0.01,Tonnes of CO2-equivalent,Transport
St. Kitts and Nevis,1992,0.04,Tonnes of CO2-equivalent,Transport
"Korea, Rep.",1992,55.7,Tonnes of CO2-equivalent,Transport
Kuwait,1992,4.68,Tonnes of CO2-equivalent,Transport
Lebanon,1992,3.34,Tonnes of CO2-equivalent,Transport
Liberia,1992,0.09,Tonnes of CO2-equivalent,Transport
Libya,1992,6.49,Tonnes of CO2-equivalent,Transport
St. Lucia,1992,0.11,Tonnes of CO2-equivalent,Transport
Sri Lanka,1992,2.86,Tonnes of CO2-equivalent,Transport
Lesotho,1992,0.25,Tonnes of CO2-equivalent,Transport
Lithuania,1992,4.15,Tonnes of CO2-equivalent,Transport
Luxembourg,1992,3.53,Tonnes of CO2-equivalent,Transport
Latvia,1992,2.56,Tonnes of CO2-equivalent,Transport
Morocco,1992,4.9,Tonnes of CO2-equivalent,Transport
Moldova,1992,2.3,Tonnes of CO2-equivalent,Transport
Madagascar,1992,0.61,Tonnes of CO2-equivalent,Transport
Maldives,1992,0.19,Tonnes of CO2-equivalent,Transport
Mexico,1992,92.47,Tonnes of CO2-equivalent,Transport
Marshall Islands,1992,0.03,Tonnes of CO2-equivalent,Transport
North Macedonia,1992,0.8,Tonnes of CO2-equivalent,Transport
Malta,1992,0.54,Tonnes of CO2-equivalent,Transport
Myanmar,1992,1.06,Tonnes of CO2-equivalent,Transport
Mongolia,1992,0.93,Tonnes of CO2-equivalent,Transport
Mozambique,1992,0.7,Tonnes of CO2-equivalent,Transport
Mauritania,1992,0.0,Tonnes of CO2-equivalent,Transport
Mauritius,1992,0.51,Tonnes of CO2-equivalent,Transport
Malawi,1992,0.45,Tonnes of CO2-equivalent,Transport
Malaysia,1992,17.2,Tonnes of CO2-equivalent,Transport
Namibia,1992,0.53,Tonnes of CO2-equivalent,Transport
Niger,1992,0.2,Tonnes of CO2-equivalent,Transport
Nigeria,1992,19.26,Tonnes of CO2-equivalent,Transport
Nicaragua,1992,0.95,Tonnes of CO2-equivalent,Transport
Niue,1992,0.0,Tonnes of CO2-equivalent,Transport
Netherlands,1992,29.73,Tonnes of CO2-equivalent,Transport
Norway,1992,10.67,Tonnes of CO2-equivalent,Transport
Nepal,1992,0.45,Tonnes of CO2-equivalent,Transport
Nauru,1992,0.03,Tonnes of CO2-equivalent,Transport
New Zealand,1992,9.31,Tonnes of CO2-equivalent,Transport
Oman,1992,2.01,Tonnes of CO2-equivalent,Transport
Pakistan,1992,16.51,Tonnes of CO2-equivalent,Transport
Panama,1992,1.47,Tonnes of CO2-equivalent,Transport
Peru,1992,7.07,Tonnes of CO2-equivalent,Transport
Philippines,1992,15.4,Tonnes of CO2-equivalent,Transport
Palau,1992,0.1,Tonnes of CO2-equivalent,Transport
Papua New Guinea,1992,0.65,Tonnes of CO2-equivalent,Transport
Poland,1992,22.11,Tonnes of CO2-equivalent,Transport
"Korea, Dem. People's Rep.",1992,3.58,Tonnes of CO2-equivalent,Transport
Portugal,1992,11.56,Tonnes of CO2-equivalent,Transport
Paraguay,1992,1.87,Tonnes of CO2-equivalent,Transport
Qatar,1992,1.63,Tonnes of CO2-equivalent,Transport
Romania,1992,10.76,Tonnes of CO2-equivalent,Transport
Russian Federation,1992,287.08,Tonnes of CO2-equivalent,Transport
Rwanda,1992,0.35,Tonnes of CO2-equivalent,Transport
Saudi Arabia,1992,55.86,Tonnes of CO2-equivalent,Transport
Sudan,1992,3.19,Tonnes of CO2-equivalent,Transport
Senegal,1992,0.8,Tonnes of CO2-equivalent,Transport
Singapore,1992,4.87,Tonnes of CO2-equivalent,Transport
Solomon Islands,1992,0.11,Tonnes of CO2-equivalent,Transport
Sierra Leone,1992,0.12,Tonnes of CO2-equivalent,Transport
El Salvador,1992,1.64,Tonnes of CO2-equivalent,Transport
Somalia,1992,0.27,Tonnes of CO2-equivalent,Transport
Serbia,1992,2.32,Tonnes of CO2-equivalent,Transport
Sao Tome and Principe,1992,0.03,Tonnes of CO2-equivalent,Transport
Slovak Republic,1992,3.63,Tonnes of CO2-equivalent,Transport
Slovenia,1992,2.63,Tonnes of CO2-equivalent,Transport
Sweden,1992,20.92,Tonnes of CO2-equivalent,Transport
Eswatini,1992,0.45,Tonnes of CO2-equivalent,Transport
Seychelles,1992,0.07,Tonnes of CO2-equivalent,Transport
Syrian Arab Republic,1992,7.33,Tonnes of CO2-equivalent,Transport
Chad,1992,0.29,Tonnes of CO2-equivalent,Transport
Togo,1992,0.28,Tonnes of CO2-equivalent,Transport
Thailand,1992,31.24,Tonnes of CO2-equivalent,Transport
Tajikistan,1992,0.38,Tonnes of CO2-equivalent,Transport
Turkmenistan,1992,6.97,Tonnes of CO2-equivalent,Transport
Timor-Leste,1992,0.0,Tonnes of CO2-equivalent,Transport
Tonga,1992,0.05,Tonnes of CO2-equivalent,Transport
Trinidad and Tobago,1992,1.4,Tonnes of CO2-equivalent,Transport
Tunisia,1992,2.7,Tonnes of CO2-equivalent,Transport
Turkiye,1992,27.8,Tonnes of CO2-equivalent,Transport
Tuvalu,1992,0.0,Tonnes of CO2-equivalent,Transport
Tanzania,1992,0.7,Tonnes of CO2-equivalent,Transport
Uganda,1992,0.63,Tonnes of CO2-equivalent,Transport
Ukraine,1992,41.97,Tonnes of CO2-equivalent,Transport
Uruguay,1992,1.78,Tonnes of CO2-equivalent,Transport
United States,1992,1472.86,Tonnes of CO2-equivalent,Transport
Uzbekistan,1992,5.61,Tonnes of CO2-equivalent,Transport
St. Vincent and the Grenadines,1992,0.05,Tonnes of CO2-equivalent,Transport
"Venezuela, RB",1992,30.71,Tonnes of CO2-equivalent,Transport
Viet Nam,1992,4.52,Tonnes of CO2-equivalent,Transport
Vanuatu,1992,0.03,Tonnes of CO2-equivalent,Transport
World,1992,4880.1,Tonnes of CO2-equivalent,Transport
Samoa,1992,0.06,Tonnes of CO2-equivalent,Transport
"Yemen, Rep.",1992,5.55,Tonnes of CO2-equivalent,Transport
South Africa,1992,30.91,Tonnes of CO2-equivalent,Transport
Zambia,1992,0.96,Tonnes of CO2-equivalent,Transport
Zimbabwe,1992,2.28,Tonnes of CO2-equivalent,Transport
Afghanistan,1991,0.93,Tonnes of CO2-equivalent,Transport
Angola,1991,1.29,Tonnes of CO2-equivalent,Transport
Albania,1991,0.55,Tonnes of CO2-equivalent,Transport
United Arab Emirates,1991,11.88,Tonnes of CO2-equivalent,Transport
Argentina,1991,30.71,Tonnes of CO2-equivalent,Transport
Armenia,1991,3.0,Tonnes of CO2-equivalent,Transport
Antigua and Barbuda,1991,0.12,Tonnes of CO2-equivalent,Transport
Australia,1991,62.42,Tonnes of CO2-equivalent,Transport
Austria,1991,15.47,Tonnes of CO2-equivalent,Transport
Azerbaijan,1991,4.92,Tonnes of CO2-equivalent,Transport
Burundi,1991,0.16,Tonnes of CO2-equivalent,Transport
Belgium,1991,20.9,Tonnes of CO2-equivalent,Transport
Benin,1991,0.13,Tonnes of CO2-equivalent,Transport
Burkina Faso,1991,0.28,Tonnes of CO2-equivalent,Transport
Bangladesh,1991,1.9,Tonnes of CO2-equivalent,Transport
Bulgaria,1991,3.59,Tonnes of CO2-equivalent,Transport
Bahrain,1991,1.04,Tonnes of CO2-equivalent,Transport
"Bahamas, The",1991,0.22,Tonnes of CO2-equivalent,Transport
Bosnia and Herzegovina,1991,1.91,Tonnes of CO2-equivalent,Transport
Belarus,1991,12.74,Tonnes of CO2-equivalent,Transport
Belize,1991,0.15,Tonnes of CO2-equivalent,Transport
Bolivia,1991,2.44,Tonnes of CO2-equivalent,Transport
Brazil,1991,88.38,Tonnes of CO2-equivalent,Transport
Barbados,1991,0.27,Tonnes of CO2-equivalent,Transport
Brunei Darussalam,1991,0.62,Tonnes of CO2-equivalent,Transport
Bhutan,1991,0.04,Tonnes of CO2-equivalent,Transport
Botswana,1991,0.73,Tonnes of CO2-equivalent,Transport
Central African Republic,1991,0.09,Tonnes of CO2-equivalent,Transport
Canada,1991,124.69,Tonnes of CO2-equivalent,Transport
Switzerland,1991,15.41,Tonnes of CO2-equivalent,Transport
Chile,1991,9.72,Tonnes of CO2-equivalent,Transport
China,1991,103.06,Tonnes of CO2-equivalent,Transport
Cote d'Ivoire,1991,1.21,Tonnes of CO2-equivalent,Transport
Cameroon,1991,1.61,Tonnes of CO2-equivalent,Transport
"Congo, Dem. Rep.",1991,0.5,Tonnes of CO2-equivalent,Transport
"Congo, Rep.",1991,0.55,Tonnes of CO2-equivalent,Transport
Cook Islands,1991,0.03,Tonnes of CO2-equivalent,Transport
Colombia,1991,17.62,Tonnes of CO2-equivalent,Transport
Comoros,1991,0.05,Tonnes of CO2-equivalent,Transport
Cabo Verde,1991,0.1,Tonnes of CO2-equivalent,Transport
Costa Rica,1991,1.69,Tonnes of CO2-equivalent,Transport
Cuba,1991,3.82,Tonnes of CO2-equivalent,Transport
Cyprus,1991,1.19,Tonnes of CO2-equivalent,Transport
Czechia,1991,6.34,Tonnes of CO2-equivalent,Transport
Germany,1991,166.15,Tonnes of CO2-equivalent,Transport
Djibouti,1991,0.05,Tonnes of CO2-equivalent,Transport
Dominica,1991,0.04,Tonnes of CO2-equivalent,Transport
Denmark,1991,11.04,Tonnes of CO2-equivalent,Transport
Dominican Republic,1991,2.34,Tonnes of CO2-equivalent,Transport
Algeria,1991,17.28,Tonnes of CO2-equivalent,Transport
Ecuador,1991,8.21,Tonnes of CO2-equivalent,Transport
"Egypt, Arab Rep.",1991,17.3,Tonnes of CO2-equivalent,Transport
Spain,1991,67.41,Tonnes of CO2-equivalent,Transport
Estonia,1991,2.24,Tonnes of CO2-equivalent,Transport
Ethiopia,1991,0.95,Tonnes of CO2-equivalent,Transport
European Union,1991,668.58,Tonnes of CO2-equivalent,Transport
Finland,1991,11.71,Tonnes of CO2-equivalent,Transport
Fiji,1991,0.42,Tonnes of CO2-equivalent,Transport
France,1991,119.88,Tonnes of CO2-equivalent,Transport
"Micronesia, Fed. Sts.",1991,0.0,Tonnes of CO2-equivalent,Transport
Gabon,1991,0.4,Tonnes of CO2-equivalent,Transport
United Kingdom,1991,117.75,Tonnes of CO2-equivalent,Transport
Georgia,1991,2.89,Tonnes of CO2-equivalent,Transport
Ghana,1991,1.54,Tonnes of CO2-equivalent,Transport
Guinea,1991,0.29,Tonnes of CO2-equivalent,Transport
"Gambia, The",1991,0.08,Tonnes of CO2-equivalent,Transport
Guinea-Bissau,1991,0.06,Tonnes of CO2-equivalent,Transport
Equatorial Guinea,1991,0.01,Tonnes of CO2-equivalent,Transport
Greece,1991,16.27,Tonnes of CO2-equivalent,Transport
Grenada,1991,0.04,Tonnes of CO2-equivalent,Transport
Guatemala,1991,1.83,Tonnes of CO2-equivalent,Transport
Guyana,1991,0.24,Tonnes of CO2-equivalent,Transport
Honduras,1991,1.06,Tonnes of CO2-equivalent,Transport
Croatia,1991,2.94,Tonnes of CO2-equivalent,Transport
Haiti,1991,0.41,Tonnes of CO2-equivalent,Transport
Hungary,1991,7.6,Tonnes of CO2-equivalent,Transport
Indonesia,1991,36.7,Tonnes of CO2-equivalent,Transport
India,1991,68.61,Tonnes of CO2-equivalent,Transport
Ireland,1991,5.22,Tonnes of CO2-equivalent,Transport
"Iran, Islamic Rep.",1991,43.39,Tonnes of CO2-equivalent,Transport
Iraq,1991,18.81,Tonnes of CO2-equivalent,Transport
Iceland,1991,0.65,Tonnes of CO2-equivalent,Transport
Israel,1991,8.53,Tonnes of CO2-equivalent,Transport
Italy,1991,100.44,Tonnes of CO2-equivalent,Transport
Jamaica,1991,1.06,Tonnes of CO2-equivalent,Transport
Jordan,1991,2.59,Tonnes of CO2-equivalent,Transport
Japan,1991,227.93,Tonnes of CO2-equivalent,Transport
Kazakhstan,1991,18.82,Tonnes of CO2-equivalent,Transport
Kenya,1991,2.83,Tonnes of CO2-equivalent,Transport
Kyrgyz Republic,1991,4.77,Tonnes of CO2-equivalent,Transport
Kiribati,1991,0.01,Tonnes of CO2-equivalent,Transport
St. Kitts and Nevis,1991,0.03,Tonnes of CO2-equivalent,Transport
"Korea, Rep.",1991,50.08,Tonnes of CO2-equivalent,Transport
Kuwait,1991,1.96,Tonnes of CO2-equivalent,Transport
Lebanon,1991,2.41,Tonnes of CO2-equivalent,Transport
Liberia,1991,0.08,Tonnes of CO2-equivalent,Transport
Libya,1991,6.4,Tonnes of CO2-equivalent,Transport
St. Lucia,1991,0.09,Tonnes of CO2-equivalent,Transport
Sri Lanka,1991,2.57,Tonnes of CO2-equivalent,Transport
Lesotho,1991,0.25,Tonnes of CO2-equivalent,Transport
Lithuania,1991,6.28,Tonnes of CO2-equivalent,Transport
Luxembourg,1991,3.23,Tonnes of CO2-equivalent,Transport
Latvia,1991,2.92,Tonnes of CO2-equivalent,Transport
Morocco,1991,4.42,Tonnes of CO2-equivalent,Transport
Moldova,1991,2.35,Tonnes of CO2-equivalent,Transport
Madagascar,1991,0.6,Tonnes of CO2-equivalent,Transport
Maldives,1991,0.13,Tonnes of CO2-equivalent,Transport
Mexico,1991,92.16,Tonnes of CO2-equivalent,Transport
Marshall Islands,1991,0.0,Tonnes of CO2-equivalent,Transport
North Macedonia,1991,0.8,Tonnes of CO2-equivalent,Transport
Malta,1991,0.52,Tonnes of CO2-equivalent,Transport
Myanmar,1991,1.28,Tonnes of CO2-equivalent,Transport
Mongolia,1991,1.04,Tonnes of CO2-equivalent,Transport
Mozambique,1991,0.51,Tonnes of CO2-equivalent,Transport
Mauritania,1991,0.0,Tonnes of CO2-equivalent,Transport
Mauritius,1991,0.46,Tonnes of CO2-equivalent,Transport
Malawi,1991,0.45,Tonnes of CO2-equivalent,Transport
Malaysia,1991,16.09,Tonnes of CO2-equivalent,Transport
Namibia,1991,0.49,Tonnes of CO2-equivalent,Transport
Niger,1991,0.2,Tonnes of CO2-equivalent,Transport
Nigeria,1991,15.79,Tonnes of CO2-equivalent,Transport
Nicaragua,1991,0.83,Tonnes of CO2-equivalent,Transport
Niue,1991,0.0,Tonnes of CO2-equivalent,Transport
Netherlands,1991,28.21,Tonnes of CO2-equivalent,Transport
Norway,1991,10.41,Tonnes of CO2-equivalent,Transport
Nepal,1991,0.41,Tonnes of CO2-equivalent,Transport
Nauru,1991,0.03,Tonnes of CO2-equivalent,Transport
New Zealand,1991,8.91,Tonnes of CO2-equivalent,Transport
Oman,1991,1.86,Tonnes of CO2-equivalent,Transport
Pakistan,1991,14.67,Tonnes of CO2-equivalent,Transport
Panama,1991,1.37,Tonnes of CO2-equivalent,Transport
Peru,1991,6.55,Tonnes of CO2-equivalent,Transport
Philippines,1991,13.29,Tonnes of CO2-equivalent,Transport
Palau,1991,0.0,Tonnes of CO2-equivalent,Transport
Papua New Guinea,1991,0.65,Tonnes of CO2-equivalent,Transport
Poland,1991,21.73,Tonnes of CO2-equivalent,Transport
"Korea, Dem. People's Rep.",1991,4.39,Tonnes of CO2-equivalent,Transport
Portugal,1991,10.62,Tonnes of CO2-equivalent,Transport
Paraguay,1991,1.56,Tonnes of CO2-equivalent,Transport
Qatar,1991,1.53,Tonnes of CO2-equivalent,Transport
Romania,1991,10.54,Tonnes of CO2-equivalent,Transport
Russian Federation,1991,299.93,Tonnes of CO2-equivalent,Transport
Rwanda,1991,0.34,Tonnes of CO2-equivalent,Transport
Saudi Arabia,1991,52.71,Tonnes of CO2-equivalent,Transport
Sudan,1991,3.19,Tonnes of CO2-equivalent,Transport
Senegal,1991,0.76,Tonnes of CO2-equivalent,Transport
Singapore,1991,5.04,Tonnes of CO2-equivalent,Transport
Solomon Islands,1991,0.1,Tonnes of CO2-equivalent,Transport
Sierra Leone,1991,0.12,Tonnes of CO2-equivalent,Transport
El Salvador,1991,1.41,Tonnes of CO2-equivalent,Transport
Somalia,1991,0.29,Tonnes of CO2-equivalent,Transport
Serbia,1991,3.27,Tonnes of CO2-equivalent,Transport
Sao Tome and Principe,1991,0.03,Tonnes of CO2-equivalent,Transport
Slovak Republic,1991,3.47,Tonnes of CO2-equivalent,Transport
Slovenia,1991,2.55,Tonnes of CO2-equivalent,Transport
Sweden,1991,20.12,Tonnes of CO2-equivalent,Transport
Eswatini,1991,0.47,Tonnes of CO2-equivalent,Transport
Seychelles,1991,0.05,Tonnes of CO2-equivalent,Transport
Syrian Arab Republic,1991,7.8,Tonnes of CO2-equivalent,Transport
Chad,1991,0.27,Tonnes of CO2-equivalent,Transport
Togo,1991,0.33,Tonnes of CO2-equivalent,Transport
Thailand,1991,29.41,Tonnes of CO2-equivalent,Transport
Tajikistan,1991,0.76,Tonnes of CO2-equivalent,Transport
Turkmenistan,1991,8.89,Tonnes of CO2-equivalent,Transport
Timor-Leste,1991,0.0,Tonnes of CO2-equivalent,Transport
Tonga,1991,0.07,Tonnes of CO2-equivalent,Transport
Trinidad and Tobago,1991,1.46,Tonnes of CO2-equivalent,Transport
Tunisia,1991,2.62,Tonnes of CO2-equivalent,Transport
Turkiye,1991,27.22,Tonnes of CO2-equivalent,Transport
Tuvalu,1991,0.0,Tonnes of CO2-equivalent,Transport
Tanzania,1991,0.67,Tonnes of CO2-equivalent,Transport
Uganda,1991,0.63,Tonnes of CO2-equivalent,Transport
Ukraine,1991,67.9,Tonnes of CO2-equivalent,Transport
Uruguay,1991,1.65,Tonnes of CO2-equivalent,Transport
United States,1991,1440.67,Tonnes of CO2-equivalent,Transport
Uzbekistan,1991,7.17,Tonnes of CO2-equivalent,Transport
St. Vincent and the Grenadines,1991,0.05,Tonnes of CO2-equivalent,Transport
"Venezuela, RB",1991,31.19,Tonnes of CO2-equivalent,Transport
Viet Nam,1991,4.03,Tonnes of CO2-equivalent,Transport
Vanuatu,1991,0.04,Tonnes of CO2-equivalent,Transport
World,1991,4771.95,Tonnes of CO2-equivalent,Transport
Samoa,1991,0.05,Tonnes of CO2-equivalent,Transport
"Yemen, Rep.",1991,5.27,Tonnes of CO2-equivalent,Transport
South Africa,1991,30.42,Tonnes of CO2-equivalent,Transport
Zambia,1991,1.0,Tonnes of CO2-equivalent,Transport
Zimbabwe,1991,1.63,Tonnes of CO2-equivalent,Transport
Afghanistan,1991,0.93,Tonnes of CO2-equivalent,Transport
Angola,1991,1.29,Tonnes of CO2-equivalent,Transport
Albania,1991,0.55,Tonnes of CO2-equivalent,Transport
United Arab Emirates,1991,11.88,Tonnes of CO2-equivalent,Transport
Argentina,1991,30.71,Tonnes of CO2-equivalent,Transport
Armenia,1991,3.0,Tonnes of CO2-equivalent,Transport
Antigua and Barbuda,1991,0.12,Tonnes of CO2-equivalent,Transport
Australia,1991,62.42,Tonnes of CO2-equivalent,Transport
Austria,1991,15.47,Tonnes of CO2-equivalent,Transport
Azerbaijan,1991,4.92,Tonnes of CO2-equivalent,Transport
Burundi,1991,0.16,Tonnes of CO2-equivalent,Transport
Belgium,1991,20.9,Tonnes of CO2-equivalent,Transport
Benin,1991,0.13,Tonnes of CO2-equivalent,Transport
Burkina Faso,1991,0.28,Tonnes of CO2-equivalent,Transport
Bangladesh,1991,1.9,Tonnes of CO2-equivalent,Transport
Bulgaria,1991,3.59,Tonnes of CO2-equivalent,Transport
Bahrain,1991,1.04,Tonnes of CO2-equivalent,Transport
"Bahamas, The",1991,0.22,Tonnes of CO2-equivalent,Transport
Bosnia and Herzegovina,1991,1.91,Tonnes of CO2-equivalent,Transport
Belarus,1991,12.74,Tonnes of CO2-equivalent,Transport
Belize,1991,0.15,Tonnes of CO2-equivalent,Transport
Bolivia,1991,2.44,Tonnes of CO2-equivalent,Transport
Brazil,1991,88.38,Tonnes of CO2-equivalent,Transport
Barbados,1991,0.27,Tonnes of CO2-equivalent,Transport
Brunei Darussalam,1991,0.62,Tonnes of CO2-equivalent,Transport
Bhutan,1991,0.04,Tonnes of CO2-equivalent,Transport
Botswana,1991,0.73,Tonnes of CO2-equivalent,Transport
Central African Republic,1991,0.09,Tonnes of CO2-equivalent,Transport
Canada,1991,124.69,Tonnes of CO2-equivalent,Transport
Switzerland,1991,15.41,Tonnes of CO2-equivalent,Transport
Chile,1991,9.72,Tonnes of CO2-equivalent,Transport
China,1991,103.06,Tonnes of CO2-equivalent,Transport
Cote d'Ivoire,1991,1.21,Tonnes of CO2-equivalent,Transport
Cameroon,1991,1.61,Tonnes of CO2-equivalent,Transport
"Congo, Dem. Rep.",1991,0.5,Tonnes of CO2-equivalent,Transport
"Congo, Rep.",1991,0.55,Tonnes of CO2-equivalent,Transport
Cook Islands,1991,0.03,Tonnes of CO2-equivalent,Transport
Colombia,1991,17.62,Tonnes of CO2-equivalent,Transport
Comoros,1991,0.05,Tonnes of CO2-equivalent,Transport
Cabo Verde,1991,0.1,Tonnes of CO2-equivalent,Transport
Costa Rica,1991,1.69,Tonnes of CO2-equivalent,Transport
Cuba,1991,3.82,Tonnes of CO2-equivalent,Transport
Cyprus,1991,1.19,Tonnes of CO2-equivalent,Transport
Czechia,1991,6.34,Tonnes of CO2-equivalent,Transport
Germany,1991,166.15,Tonnes of CO2-equivalent,Transport
Djibouti,1991,0.05,Tonnes of CO2-equivalent,Transport
Dominica,1991,0.04,Tonnes of CO2-equivalent,Transport
Denmark,1991,11.04,Tonnes of CO2-equivalent,Transport
Dominican Republic,1991,2.34,Tonnes of CO2-equivalent,Transport
Algeria,1991,17.28,Tonnes of CO2-equivalent,Transport
Ecuador,1991,8.21,Tonnes of CO2-equivalent,Transport
"Egypt, Arab Rep.",1991,17.3,Tonnes of CO2-equivalent,Transport
Spain,1991,67.41,Tonnes of CO2-equivalent,Transport
Estonia,1991,2.24,Tonnes of CO2-equivalent,Transport
Ethiopia,1991,0.95,Tonnes of CO2-equivalent,Transport
European Union,1991,668.58,Tonnes of CO2-equivalent,Transport
Finland,1991,11.71,Tonnes of CO2-equivalent,Transport
Fiji,1991,0.42,Tonnes of CO2-equivalent,Transport
France,1991,119.88,Tonnes of CO2-equivalent,Transport
"Micronesia, Fed. Sts.",1991,0.0,Tonnes of CO2-equivalent,Transport
Gabon,1991,0.4,Tonnes of CO2-equivalent,Transport
United Kingdom,1991,117.75,Tonnes of CO2-equivalent,Transport
Georgia,1991,2.89,Tonnes of CO2-equivalent,Transport
Ghana,1991,1.54,Tonnes of CO2-equivalent,Transport
Guinea,1991,0.29,Tonnes of CO2-equivalent,Transport
"Gambia, The",1991,0.08,Tonnes of CO2-equivalent,Transport
Guinea-Bissau,1991,0.06,Tonnes of CO2-equivalent,Transport
Equatorial Guinea,1991,0.01,Tonnes of CO2-equivalent,Transport
Greece,1991,16.27,Tonnes of CO2-equivalent,Transport
Grenada,1991,0.04,Tonnes of CO2-equivalent,Transport
Guatemala,1991,1.83,Tonnes of CO2-equivalent,Transport
Guyana,1991,0.24,Tonnes of CO2-equivalent,Transport
Honduras,1991,1.06,Tonnes of CO2-equivalent,Transport
Croatia,1991,2.94,Tonnes of CO2-equivalent,Transport
Haiti,1991,0.41,Tonnes of CO2-equivalent,Transport
Hungary,1991,7.6,Tonnes of CO2-equivalent,Transport
Indonesia,1991,36.7,Tonnes of CO2-equivalent,Transport
India,1991,68.61,Tonnes of CO2-equivalent,Transport
Ireland,1991,5.22,Tonnes of CO2-equivalent,Transport
"Iran, Islamic Rep.",1991,43.39,Tonnes of CO2-equivalent,Transport
Iraq,1991,18.81,Tonnes of CO2-equivalent,Transport
Iceland,1991,0.65,Tonnes of CO2-equivalent,Transport
Israel,1991,8.53,Tonnes of CO2-equivalent,Transport
Italy,1991,100.44,Tonnes of CO2-equivalent,Transport
Jamaica,1991,1.06,Tonnes of CO2-equivalent,Transport
Jordan,1991,2.59,Tonnes of CO2-equivalent,Transport
Japan,1991,227.93,Tonnes of CO2-equivalent,Transport
Kazakhstan,1991,18.82,Tonnes of CO2-equivalent,Transport
Kenya,1991,2.83,Tonnes of CO2-equivalent,Transport
Kyrgyz Republic,1991,4.77,Tonnes of CO2-equivalent,Transport
Kiribati,1991,0.01,Tonnes of CO2-equivalent,Transport
St. Kitts and Nevis,1991,0.03,Tonnes of CO2-equivalent,Transport
"Korea, Rep.",1991,50.08,Tonnes of CO2-equivalent,Transport
Kuwait,1991,1.96,Tonnes of CO2-equivalent,Transport
Lebanon,1991,2.41,Tonnes of CO2-equivalent,Transport
Liberia,1991,0.08,Tonnes of CO2-equivalent,Transport
Libya,1991,6.4,Tonnes of CO2-equivalent,Transport
St. Lucia,1991,0.09,Tonnes of CO2-equivalent,Transport
Sri Lanka,1991,2.57,Tonnes of CO2-equivalent,Transport
Lesotho,1991,0.25,Tonnes of CO2-equivalent,Transport
Lithuania,1991,6.28,Tonnes of CO2-equivalent,Transport
Luxembourg,1991,3.23,Tonnes of CO2-equivalent,Transport
Latvia,1991,2.92,Tonnes of CO2-equivalent,Transport
Morocco,1991,4.42,Tonnes of CO2-equivalent,Transport
Moldova,1991,2.35,Tonnes of CO2-equivalent,Transport
Madagascar,1991,0.6,Tonnes of CO2-equivalent,Transport
Maldives,1991,0.13,Tonnes of CO2-equivalent,Transport
Mexico,1991,92.16,Tonnes of CO2-equivalent,Transport
Marshall Islands,1991,0.0,Tonnes of CO2-equivalent,Transport
North Macedonia,1991,0.8,Tonnes of CO2-equivalent,Transport
Malta,1991,0.52,Tonnes of CO2-equivalent,Transport
Myanmar,1991,1.28,Tonnes of CO2-equivalent,Transport
Mongolia,1991,1.04,Tonnes of CO2-equivalent,Transport
Mozambique,1991,0.51,Tonnes of CO2-equivalent,Transport
Mauritania,1991,0.0,Tonnes of CO2-equivalent,Transport
Mauritius,1991,0.46,Tonnes of CO2-equivalent,Transport
Malawi,1991,0.45,Tonnes of CO2-equivalent,Transport
Malaysia,1991,16.09,Tonnes of CO2-equivalent,Transport
Namibia,1991,0.49,Tonnes of CO2-equivalent,Transport
Niger,1991,0.2,Tonnes of CO2-equivalent,Transport
Nigeria,1991,15.79,Tonnes of CO2-equivalent,Transport
Nicaragua,1991,0.83,Tonnes of CO2-equivalent,Transport
Niue,1991,0.0,Tonnes of CO2-equivalent,Transport
Netherlands,1991,28.21,Tonnes of CO2-equivalent,Transport
Norway,1991,10.41,Tonnes of CO2-equivalent,Transport
Nepal,1991,0.41,Tonnes of CO2-equivalent,Transport
Nauru,1991,0.03,Tonnes of CO2-equivalent,Transport
New Zealand,1991,8.91,Tonnes of CO2-equivalent,Transport
Oman,1991,1.86,Tonnes of CO2-equivalent,Transport
Pakistan,1991,14.67,Tonnes of CO2-equivalent,Transport
Panama,1991,1.37,Tonnes of CO2-equivalent,Transport
Peru,1991,6.55,Tonnes of CO2-equivalent,Transport
Philippines,1991,13.29,Tonnes of CO2-equivalent,Transport
Palau,1991,0.0,Tonnes of CO2-equivalent,Transport
Papua New Guinea,1991,0.65,Tonnes of CO2-equivalent,Transport
Poland,1991,21.73,Tonnes of CO2-equivalent,Transport
"Korea, Dem. People's Rep.",1991,4.39,Tonnes of CO2-equivalent,Transport
Portugal,1991,10.62,Tonnes of CO2-equivalent,Transport
Paraguay,1991,1.56,Tonnes of CO2-equivalent,Transport
Qatar,1991,1.53,Tonnes of CO2-equivalent,Transport
Romania,1991,10.54,Tonnes of CO2-equivalent,Transport
Russian Federation,1991,299.93,Tonnes of CO2-equivalent,Transport
Rwanda,1991,0.34,Tonnes of CO2-equivalent,Transport
Saudi Arabia,1991,52.71,Tonnes of CO2-equivalent,Transport
Sudan,1991,3.19,Tonnes of CO2-equivalent,Transport
Senegal,1991,0.76,Tonnes of CO2-equivalent,Transport
Singapore,1991,5.04,Tonnes of CO2-equivalent,Transport
Solomon Islands,1991,0.1,Tonnes of CO2-equivalent,Transport
Sierra Leone,1991,0.12,Tonnes of CO2-equivalent,Transport
El Salvador,1991,1.41,Tonnes of CO2-equivalent,Transport
Somalia,1991,0.29,Tonnes of CO2-equivalent,Transport
Serbia,1991,3.27,Tonnes of CO2-equivalent,Transport
Sao Tome and Principe,1991,0.03,Tonnes of CO2-equivalent,Transport
Slovak Republic,1991,3.47,Tonnes of CO2-equivalent,Transport
Slovenia,1991,2.55,Tonnes of CO2-equivalent,Transport
Sweden,1991,20.12,Tonnes of CO2-equivalent,Transport
Eswatini,1991,0.47,Tonnes of CO2-equivalent,Transport
Seychelles,1991,0.05,Tonnes of CO2-equivalent,Transport
Syrian Arab Republic,1991,7.8,Tonnes of CO2-equivalent,Transport
Chad,1991,0.27,Tonnes of CO2-equivalent,Transport
Togo,1991,0.33,Tonnes of CO2-equivalent,Transport
Thailand,1991,29.41,Tonnes of CO2-equivalent,Transport
Tajikistan,1991,0.76,Tonnes of CO2-equivalent,Transport
Turkmenistan,1991,8.89,Tonnes of CO2-equivalent,Transport
Timor-Leste,1991,0.0,Tonnes of CO2-equivalent,Transport
Tonga,1991,0.07,Tonnes of CO2-equivalent,Transport
Trinidad and Tobago,1991,1.46,Tonnes of CO2-equivalent,Transport
Tunisia,1991,2.62,Tonnes of CO2-equivalent,Transport
Turkiye,1991,27.22,Tonnes of CO2-equivalent,Transport
Tuvalu,1991,0.0,Tonnes of CO2-equivalent,Transport
Tanzania,1991,0.67,Tonnes of CO2-equivalent,Transport
Uganda,1991,0.63,Tonnes of CO2-equivalent,Transport
Ukraine,1991,67.9,Tonnes of CO2-equivalent,Transport
Uruguay,1991,1.65,Tonnes of CO2-equivalent,Transport
United States,1991,1440.67,Tonnes of CO2-equivalent,Transport
Uzbekistan,1991,7.17,Tonnes of CO2-equivalent,Transport
St. Vincent and the Grenadines,1991,0.05,Tonnes of CO2-equivalent,Transport
"Venezuela, RB",1991,31.19,Tonnes of CO2-equivalent,Transport
Viet Nam,1991,4.03,Tonnes of CO2-equivalent,Transport
Vanuatu,1991,0.04,Tonnes of CO2-equivalent,Transport
World,1991,4771.95,Tonnes of CO2-equivalent,Transport
Samoa,1991,0.05,Tonnes of CO2-equivalent,Transport
"Yemen, Rep.",1991,5.27,Tonnes of CO2-equivalent,Transport
South Africa,1991,30.42,Tonnes of CO2-equivalent,Transport
Zambia,1991,1.0,Tonnes of CO2-equivalent,Transport
Zimbabwe,1991,1.63,Tonnes of CO2-equivalent,Transport
Afghanistan,1990,0.97,Tonnes of CO2-equivalent,Transport
Angola,1990,1.04,Tonnes of CO2-equivalent,Transport
Albania,1990,0.72,Tonnes of CO2-equivalent,Transport
United Arab Emirates,1990,11.54,Tonnes of CO2-equivalent,Transport
Argentina,1990,29.05,Tonnes of CO2-equivalent,Transport
Armenia,1990,3.06,Tonnes of CO2-equivalent,Transport
Antigua and Barbuda,1990,0.12,Tonnes of CO2-equivalent,Transport
Australia,1990,63.92,Tonnes of CO2-equivalent,Transport
Austria,1990,14.01,Tonnes of CO2-equivalent,Transport
Azerbaijan,1990,6.4,Tonnes of CO2-equivalent,Transport
Burundi,1990,0.13,Tonnes of CO2-equivalent,Transport
Belgium,1990,20.71,Tonnes of CO2-equivalent,Transport
Benin,1990,0.17,Tonnes of CO2-equivalent,Transport
Burkina Faso,1990,0.27,Tonnes of CO2-equivalent,Transport
Bangladesh,1990,1.72,Tonnes of CO2-equivalent,Transport
Bulgaria,1990,6.66,Tonnes of CO2-equivalent,Transport
Bahrain,1990,1.02,Tonnes of CO2-equivalent,Transport
"Bahamas, The",1990,0.25,Tonnes of CO2-equivalent,Transport
Bosnia and Herzegovina,1990,2.25,Tonnes of CO2-equivalent,Transport
Belarus,1990,11.95,Tonnes of CO2-equivalent,Transport
Belize,1990,0.11,Tonnes of CO2-equivalent,Transport
Bolivia,1990,2.32,Tonnes of CO2-equivalent,Transport
Brazil,1990,84.45,Tonnes of CO2-equivalent,Transport
Barbados,1990,0.27,Tonnes of CO2-equivalent,Transport
Brunei Darussalam,1990,0.57,Tonnes of CO2-equivalent,Transport
Bhutan,1990,0.04,Tonnes of CO2-equivalent,Transport
Botswana,1990,0.67,Tonnes of CO2-equivalent,Transport
Central African Republic,1990,0.08,Tonnes of CO2-equivalent,Transport
Canada,1990,128.56,Tonnes of CO2-equivalent,Transport
Switzerland,1990,14.95,Tonnes of CO2-equivalent,Transport
Chile,1990,9.31,Tonnes of CO2-equivalent,Transport
China,1990,96.28,Tonnes of CO2-equivalent,Transport
Cote d'Ivoire,1990,1.23,Tonnes of CO2-equivalent,Transport
Cameroon,1990,1.8,Tonnes of CO2-equivalent,Transport
"Congo, Dem. Rep.",1990,0.59,Tonnes of CO2-equivalent,Transport
"Congo, Rep.",1990,0.53,Tonnes of CO2-equivalent,Transport
Cook Islands,1990,0.03,Tonnes of CO2-equivalent,Transport
Colombia,1990,16.87,Tonnes of CO2-equivalent,Transport
Comoros,1990,0.04,Tonnes of CO2-equivalent,Transport
Cabo Verde,1990,0.13,Tonnes of CO2-equivalent,Transport
Costa Rica,1990,1.63,Tonnes of CO2-equivalent,Transport
Cuba,1990,5.21,Tonnes of CO2-equivalent,Transport
Cyprus,1990,1.19,Tonnes of CO2-equivalent,Transport
Czechia,1990,7.13,Tonnes of CO2-equivalent,Transport
Germany,1990,163.21,Tonnes of CO2-equivalent,Transport
Djibouti,1990,0.04,Tonnes of CO2-equivalent,Transport
Dominica,1990,0.04,Tonnes of CO2-equivalent,Transport
Denmark,1990,10.47,Tonnes of CO2-equivalent,Transport
Dominican Republic,1990,2.37,Tonnes of CO2-equivalent,Transport
Algeria,1990,16.19,Tonnes of CO2-equivalent,Transport
Ecuador,1990,8.02,Tonnes of CO2-equivalent,Transport
"Egypt, Arab Rep.",1990,16.54,Tonnes of CO2-equivalent,Transport
Spain,1990,64.72,Tonnes of CO2-equivalent,Transport
Estonia,1990,2.48,Tonnes of CO2-equivalent,Transport
Ethiopia,1990,0.95,Tonnes of CO2-equivalent,Transport
European Union,1990,660.03,Tonnes of CO2-equivalent,Transport
Finland,1990,12.03,Tonnes of CO2-equivalent,Transport
Fiji,1990,0.41,Tonnes of CO2-equivalent,Transport
France,1990,116.21,Tonnes of CO2-equivalent,Transport
"Micronesia, Fed. Sts.",1990,0.0,Tonnes of CO2-equivalent,Transport
Gabon,1990,0.33,Tonnes of CO2-equivalent,Transport
United Kingdom,1990,118.38,Tonnes of CO2-equivalent,Transport
Georgia,1990,3.82,Tonnes of CO2-equivalent,Transport
Ghana,1990,1.66,Tonnes of CO2-equivalent,Transport
Guinea,1990,0.27,Tonnes of CO2-equivalent,Transport
"Gambia, The",1990,0.08,Tonnes of CO2-equivalent,Transport
Guinea-Bissau,1990,0.06,Tonnes of CO2-equivalent,Transport
Equatorial Guinea,1990,0.01,Tonnes of CO2-equivalent,Transport
Greece,1990,15.44,Tonnes of CO2-equivalent,Transport
Grenada,1990,0.04,Tonnes of CO2-equivalent,Transport
Guatemala,1990,1.75,Tonnes of CO2-equivalent,Transport
Guyana,1990,0.27,Tonnes of CO2-equivalent,Transport
Honduras,1990,1.07,Tonnes of CO2-equivalent,Transport
Croatia,1990,3.68,Tonnes of CO2-equivalent,Transport
Haiti,1990,0.44,Tonnes of CO2-equivalent,Transport
Hungary,1990,8.69,Tonnes of CO2-equivalent,Transport
Indonesia,1990,32.98,Tonnes of CO2-equivalent,Transport
India,1990,66.02,Tonnes of CO2-equivalent,Transport
Ireland,1990,5.03,Tonnes of CO2-equivalent,Transport
"Iran, Islamic Rep.",1990,40.14,Tonnes of CO2-equivalent,Transport
Iraq,1990,22.32,Tonnes of CO2-equivalent,Transport
Iceland,1990,0.65,Tonnes of CO2-equivalent,Transport
Israel,1990,8.26,Tonnes of CO2-equivalent,Transport
Italy,1990,98.49,Tonnes of CO2-equivalent,Transport
Jamaica,1990,1.12,Tonnes of CO2-equivalent,Transport
Jordan,1990,2.8,Tonnes of CO2-equivalent,Transport
Japan,1990,217.34,Tonnes of CO2-equivalent,Transport
Kazakhstan,1990,14.99,Tonnes of CO2-equivalent,Transport
Kenya,1990,2.77,Tonnes of CO2-equivalent,Transport
Kyrgyz Republic,1990,6.18,Tonnes of CO2-equivalent,Transport
Kiribati,1990,0.01,Tonnes of CO2-equivalent,Transport
St. Kitts and Nevis,1990,0.03,Tonnes of CO2-equivalent,Transport
"Korea, Rep.",1990,44.66,Tonnes of CO2-equivalent,Transport
Kuwait,1990,2.93,Tonnes of CO2-equivalent,Transport
Lebanon,1990,1.93,Tonnes of CO2-equivalent,Transport
Liberia,1990,0.11,Tonnes of CO2-equivalent,Transport
Libya,1990,6.35,Tonnes of CO2-equivalent,Transport
St. Lucia,1990,0.09,Tonnes of CO2-equivalent,Transport
Sri Lanka,1990,2.55,Tonnes of CO2-equivalent,Transport
Lesotho,1990,0.25,Tonnes of CO2-equivalent,Transport
Lithuania,1990,5.69,Tonnes of CO2-equivalent,Transport
Luxembourg,1990,2.69,Tonnes of CO2-equivalent,Transport
Latvia,1990,3.19,Tonnes of CO2-equivalent,Transport
Morocco,1990,3.98,Tonnes of CO2-equivalent,Transport
Moldova,1990,2.5,Tonnes of CO2-equivalent,Transport
Madagascar,1990,0.54,Tonnes of CO2-equivalent,Transport
Maldives,1990,0.12,Tonnes of CO2-equivalent,Transport
Mexico,1990,86.12,Tonnes of CO2-equivalent,Transport
Marshall Islands,1990,0.0,Tonnes of CO2-equivalent,Transport
North Macedonia,1990,0.79,Tonnes of CO2-equivalent,Transport
Malta,1990,0.46,Tonnes of CO2-equivalent,Transport
Myanmar,1990,1.37,Tonnes of CO2-equivalent,Transport
Mongolia,1990,1.61,Tonnes of CO2-equivalent,Transport
Mozambique,1990,0.62,Tonnes of CO2-equivalent,Transport
Mauritania,1990,0.0,Tonnes of CO2-equivalent,Transport
Mauritius,1990,0.45,Tonnes of CO2-equivalent,Transport
Malawi,1990,0.42,Tonnes of CO2-equivalent,Transport
Malaysia,1990,14.95,Tonnes of CO2-equivalent,Transport
Niger,1990,0.22,Tonnes of CO2-equivalent,Transport
Nigeria,1990,12.11,Tonnes of CO2-equivalent,Transport
Nicaragua,1990,0.76,Tonnes of CO2-equivalent,Transport
Niue,1990,0.0,Tonnes of CO2-equivalent,Transport
Netherlands,1990,27.72,Tonnes of CO2-equivalent,Transport
Norway,1990,10.29,Tonnes of CO2-equivalent,Transport
Nepal,1990,0.35,Tonnes of CO2-equivalent,Transport
Nauru,1990,0.03,Tonnes of CO2-equivalent,Transport
New Zealand,1990,8.91,Tonnes of CO2-equivalent,Transport
Oman,1990,1.74,Tonnes of CO2-equivalent,Transport
Pakistan,1990,14.15,Tonnes of CO2-equivalent,Transport
Panama,1990,1.31,Tonnes of CO2-equivalent,Transport
Peru,1990,7.32,Tonnes of CO2-equivalent,Transport
Philippines,1990,14.06,Tonnes of CO2-equivalent,Transport
Palau,1990,0.0,Tonnes of CO2-equivalent,Transport
Papua New Guinea,1990,0.65,Tonnes of CO2-equivalent,Transport
Poland,1990,20.85,Tonnes of CO2-equivalent,Transport
"Korea, Dem. People's Rep.",1990,5.74,Tonnes of CO2-equivalent,Transport
Portugal,1990,9.94,Tonnes of CO2-equivalent,Transport
Paraguay,1990,1.66,Tonnes of CO2-equivalent,Transport
Qatar,1990,1.51,Tonnes of CO2-equivalent,Transport
Romania,1990,12.04,Tonnes of CO2-equivalent,Transport
Russian Federation,1990,305.91,Tonnes of CO2-equivalent,Transport
Rwanda,1990,0.36,Tonnes of CO2-equivalent,Transport
Saudi Arabia,1990,50.59,Tonnes of CO2-equivalent,Transport
Sudan,1990,4.04,Tonnes of CO2-equivalent,Transport
Senegal,1990,0.75,Tonnes of CO2-equivalent,Transport
Singapore,1990,4.16,Tonnes of CO2-equivalent,Transport
Solomon Islands,1990,0.1,Tonnes of CO2-equivalent,Transport
Sierra Leone,1990,0.11,Tonnes of CO2-equivalent,Transport
El Salvador,1990,1.3,Tonnes of CO2-equivalent,Transport
Somalia,1990,0.31,Tonnes of CO2-equivalent,Transport
Serbia,1990,4.58,Tonnes of CO2-equivalent,Transport
Sao Tome and Principe,1990,0.03,Tonnes of CO2-equivalent,Transport
Slovak Republic,1990,4.18,Tonnes of CO2-equivalent,Transport
Slovenia,1990,2.7,Tonnes of CO2-equivalent,Transport
Sweden,1990,20.42,Tonnes of CO2-equivalent,Transport
Eswatini,1990,0.46,Tonnes of CO2-equivalent,Transport
Seychelles,1990,0.05,Tonnes of CO2-equivalent,Transport
Syrian Arab Republic,1990,7.43,Tonnes of CO2-equivalent,Transport
Chad,1990,0.26,Tonnes of CO2-equivalent,Transport
Togo,1990,0.44,Tonnes of CO2-equivalent,Transport
Thailand,1990,28.64,Tonnes of CO2-equivalent,Transport
Tajikistan,1990,0.76,Tonnes of CO2-equivalent,Transport
Turkmenistan,1990,9.94,Tonnes of CO2-equivalent,Transport
Timor-Leste,1990,0.0,Tonnes of CO2-equivalent,Transport
Tonga,1990,0.06,Tonnes of CO2-equivalent,Transport
Trinidad and Tobago,1990,1.39,Tonnes of CO2-equivalent,Transport
Tunisia,1990,2.55,Tonnes of CO2-equivalent,Transport
Turkiye,1990,28.54,Tonnes of CO2-equivalent,Transport
Tuvalu,1990,0.0,Tonnes of CO2-equivalent,Transport
Tanzania,1990,0.72,Tonnes of CO2-equivalent,Transport
Uganda,1990,0.61,Tonnes of CO2-equivalent,Transport
Ukraine,1990,56.46,Tonnes of CO2-equivalent,Transport
Uruguay,1990,1.55,Tonnes of CO2-equivalent,Transport
United States,1990,1468.6,Tonnes of CO2-equivalent,Transport
Uzbekistan,1990,7.95,Tonnes of CO2-equivalent,Transport
St. Vincent and the Grenadines,1990,0.05,Tonnes of CO2-equivalent,Transport
"Venezuela, RB",1990,29.44,Tonnes of CO2-equivalent,Transport
Viet Nam,1990,4.26,Tonnes of CO2-equivalent,Transport
Vanuatu,1990,0.04,Tonnes of CO2-equivalent,Transport
World,1990,4733.58,Tonnes of CO2-equivalent,Transport
Samoa,1990,0.05,Tonnes of CO2-equivalent,Transport
"Yemen, Rep.",1990,4.13,Tonnes of CO2-equivalent,Transport
South Africa,1990,30.38,Tonnes of CO2-equivalent,Transport
Zambia,1990,0.8,Tonnes of CO2-equivalent,Transport
Zimbabwe,1990,2.16,Tonnes of CO2-equivalent,Transport
Afghanistan,1990,0.97,Tonnes of CO2-equivalent,Transport
Angola,1990,1.04,Tonnes of CO2-equivalent,Transport
Albania,1990,0.72,Tonnes of CO2-equivalent,Transport
United Arab Emirates,1990,11.54,Tonnes of CO2-equivalent,Transport
Argentina,1990,29.05,Tonnes of CO2-equivalent,Transport
Armenia,1990,3.06,Tonnes of CO2-equivalent,Transport
Antigua and Barbuda,1990,0.12,Tonnes of CO2-equivalent,Transport
Australia,1990,63.92,Tonnes of CO2-equivalent,Transport
Austria,1990,14.01,Tonnes of CO2-equivalent,Transport
Azerbaijan,1990,6.4,Tonnes of CO2-equivalent,Transport
Burundi,1990,0.13,Tonnes of CO2-equivalent,Transport
Belgium,1990,20.71,Tonnes of CO2-equivalent,Transport
Benin,1990,0.17,Tonnes of CO2-equivalent,Transport
Burkina Faso,1990,0.27,Tonnes of CO2-equivalent,Transport
Bangladesh,1990,1.72,Tonnes of CO2-equivalent,Transport
Bulgaria,1990,6.66,Tonnes of CO2-equivalent,Transport
Bahrain,1990,1.02,Tonnes of CO2-equivalent,Transport
"Bahamas, The",1990,0.25,Tonnes of CO2-equivalent,Transport
Bosnia and Herzegovina,1990,2.25,Tonnes of CO2-equivalent,Transport
Belarus,1990,11.95,Tonnes of CO2-equivalent,Transport
Belize,1990,0.11,Tonnes of CO2-equivalent,Transport
Bolivia,1990,2.32,Tonnes of CO2-equivalent,Transport
Brazil,1990,84.45,Tonnes of CO2-equivalent,Transport
Barbados,1990,0.27,Tonnes of CO2-equivalent,Transport
Brunei Darussalam,1990,0.57,Tonnes of CO2-equivalent,Transport
Bhutan,1990,0.04,Tonnes of CO2-equivalent,Transport
Botswana,1990,0.67,Tonnes of CO2-equivalent,Transport
Central African Republic,1990,0.08,Tonnes of CO2-equivalent,Transport
Canada,1990,128.56,Tonnes of CO2-equivalent,Transport
Switzerland,1990,14.95,Tonnes of CO2-equivalent,Transport
Chile,1990,9.31,Tonnes of CO2-equivalent,Transport
China,1990,96.28,Tonnes of CO2-equivalent,Transport
Cote d'Ivoire,1990,1.23,Tonnes of CO2-equivalent,Transport
Cameroon,1990,1.8,Tonnes of CO2-equivalent,Transport
"Congo, Dem. Rep.",1990,0.59,Tonnes of CO2-equivalent,Transport
"Congo, Rep.",1990,0.53,Tonnes of CO2-equivalent,Transport
Cook Islands,1990,0.03,Tonnes of CO2-equivalent,Transport
Colombia,1990,16.87,Tonnes of CO2-equivalent,Transport
Comoros,1990,0.04,Tonnes of CO2-equivalent,Transport
Cabo Verde,1990,0.13,Tonnes of CO2-equivalent,Transport
Costa Rica,1990,1.63,Tonnes of CO2-equivalent,Transport
Cuba,1990,5.21,Tonnes of CO2-equivalent,Transport
Cyprus,1990,1.19,Tonnes of CO2-equivalent,Transport
Czechia,1990,7.13,Tonnes of CO2-equivalent,Transport
Germany,1990,163.21,Tonnes of CO2-equivalent,Transport
Djibouti,1990,0.04,Tonnes of CO2-equivalent,Transport
Dominica,1990,0.04,Tonnes of CO2-equivalent,Transport
Denmark,1990,10.47,Tonnes of CO2-equivalent,Transport
Dominican Republic,1990,2.37,Tonnes of CO2-equivalent,Transport
Algeria,1990,16.19,Tonnes of CO2-equivalent,Transport
Ecuador,1990,8.02,Tonnes of CO2-equivalent,Transport
"Egypt, Arab Rep.",1990,16.54,Tonnes of CO2-equivalent,Transport
Spain,1990,64.72,Tonnes of CO2-equivalent,Transport
Estonia,1990,2.48,Tonnes of CO2-equivalent,Transport
Ethiopia,1990,0.95,Tonnes of CO2-equivalent,Transport
European Union,1990,660.03,Tonnes of CO2-equivalent,Transport
Finland,1990,12.03,Tonnes of CO2-equivalent,Transport
Fiji,1990,0.41,Tonnes of CO2-equivalent,Transport
France,1990,116.21,Tonnes of CO2-equivalent,Transport
"Micronesia, Fed. Sts.",1990,0.0,Tonnes of CO2-equivalent,Transport
Gabon,1990,0.33,Tonnes of CO2-equivalent,Transport
United Kingdom,1990,118.38,Tonnes of CO2-equivalent,Transport
Georgia,1990,3.82,Tonnes of CO2-equivalent,Transport
Ghana,1990,1.66,Tonnes of CO2-equivalent,Transport
Guinea,1990,0.27,Tonnes of CO2-equivalent,Transport
"Gambia, The",1990,0.08,Tonnes of CO2-equivalent,Transport
Guinea-Bissau,1990,0.06,Tonnes of CO2-equivalent,Transport
Equatorial Guinea,1990,0.01,Tonnes of CO2-equivalent,Transport
Greece,1990,15.44,Tonnes of CO2-equivalent,Transport
Grenada,1990,0.04,Tonnes of CO2-equivalent,Transport
Guatemala,1990,1.75,Tonnes of CO2-equivalent,Transport
Guyana,1990,0.27,Tonnes of CO2-equivalent,Transport
Honduras,1990,1.07,Tonnes of CO2-equivalent,Transport
Croatia,1990,3.68,Tonnes of CO2-equivalent,Transport
Haiti,1990,0.44,Tonnes of CO2-equivalent,Transport
Hungary,1990,8.69,Tonnes of CO2-equivalent,Transport
Indonesia,1990,32.98,Tonnes of CO2-equivalent,Transport
India,1990,66.02,Tonnes of CO2-equivalent,Transport
Ireland,1990,5.03,Tonnes of CO2-equivalent,Transport
"Iran, Islamic Rep.",1990,40.14,Tonnes of CO2-equivalent,Transport
Iraq,1990,22.32,Tonnes of CO2-equivalent,Transport
Iceland,1990,0.65,Tonnes of CO2-equivalent,Transport
Israel,1990,8.26,Tonnes of CO2-equivalent,Transport
Italy,1990,98.49,Tonnes of CO2-equivalent,Transport
Jamaica,1990,1.12,Tonnes of CO2-equivalent,Transport
Jordan,1990,2.8,Tonnes of CO2-equivalent,Transport
Japan,1990,217.34,Tonnes of CO2-equivalent,Transport
Kazakhstan,1990,14.99,Tonnes of CO2-equivalent,Transport
Kenya,1990,2.77,Tonnes of CO2-equivalent,Transport
Kyrgyz Republic,1990,6.18,Tonnes of CO2-equivalent,Transport
Kiribati,1990,0.01,Tonnes of CO2-equivalent,Transport
St. Kitts and Nevis,1990,0.03,Tonnes of CO2-equivalent,Transport
"Korea, Rep.",1990,44.66,Tonnes of CO2-equivalent,Transport
Kuwait,1990,2.93,Tonnes of CO2-equivalent,Transport
Lebanon,1990,1.93,Tonnes of CO2-equivalent,Transport
Liberia,1990,0.11,Tonnes of CO2-equivalent,Transport
Libya,1990,6.35,Tonnes of CO2-equivalent,Transport
St. Lucia,1990,0.09,Tonnes of CO2-equivalent,Transport
Sri Lanka,1990,2.55,Tonnes of CO2-equivalent,Transport
Lesotho,1990,0.25,Tonnes of CO2-equivalent,Transport
Lithuania,1990,5.69,Tonnes of CO2-equivalent,Transport
Luxembourg,1990,2.69,Tonnes of CO2-equivalent,Transport
Latvia,1990,3.19,Tonnes of CO2-equivalent,Transport
Morocco,1990,3.98,Tonnes of CO2-equivalent,Transport
Moldova,1990,2.5,Tonnes of CO2-equivalent,Transport
Madagascar,1990,0.54,Tonnes of CO2-equivalent,Transport
Maldives,1990,0.12,Tonnes of CO2-equivalent,Transport
Mexico,1990,86.12,Tonnes of CO2-equivalent,Transport
Marshall Islands,1990,0.0,Tonnes of CO2-equivalent,Transport
North Macedonia,1990,0.79,Tonnes of CO2-equivalent,Transport
Malta,1990,0.46,Tonnes of CO2-equivalent,Transport
Myanmar,1990,1.37,Tonnes of CO2-equivalent,Transport
Mongolia,1990,1.61,Tonnes of CO2-equivalent,Transport
Mozambique,1990,0.62,Tonnes of CO2-equivalent,Transport
Mauritania,1990,0.0,Tonnes of CO2-equivalent,Transport
Mauritius,1990,0.45,Tonnes of CO2-equivalent,Transport
Malawi,1990,0.42,Tonnes of CO2-equivalent,Transport
Malaysia,1990,14.95,Tonnes of CO2-equivalent,Transport
Niger,1990,0.22,Tonnes of CO2-equivalent,Transport
Nigeria,1990,12.11,Tonnes of CO2-equivalent,Transport
Nicaragua,1990,0.76,Tonnes of CO2-equivalent,Transport
Niue,1990,0.0,Tonnes of CO2-equivalent,Transport
Netherlands,1990,27.72,Tonnes of CO2-equivalent,Transport
Norway,1990,10.29,Tonnes of CO2-equivalent,Transport
Nepal,1990,0.35,Tonnes of CO2-equivalent,Transport
Nauru,1990,0.03,Tonnes of CO2-equivalent,Transport
New Zealand,1990,8.91,Tonnes of CO2-equivalent,Transport
Oman,1990,1.74,Tonnes of CO2-equivalent,Transport
Pakistan,1990,14.15,Tonnes of CO2-equivalent,Transport
Panama,1990,1.31,Tonnes of CO2-equivalent,Transport
Peru,1990,7.32,Tonnes of CO2-equivalent,Transport
Philippines,1990,14.06,Tonnes of CO2-equivalent,Transport
Palau,1990,0.0,Tonnes of CO2-equivalent,Transport
Papua New Guinea,1990,0.65,Tonnes of CO2-equivalent,Transport
Poland,1990,20.85,Tonnes of CO2-equivalent,Transport
"Korea, Dem. People's Rep.",1990,5.74,Tonnes of CO2-equivalent,Transport
Portugal,1990,9.94,Tonnes of CO2-equivalent,Transport
Paraguay,1990,1.66,Tonnes of CO2-equivalent,Transport
Qatar,1990,1.51,Tonnes of CO2-equivalent,Transport
Romania,1990,12.04,Tonnes of CO2-equivalent,Transport
Russian Federation,1990,305.91,Tonnes of CO2-equivalent,Transport
Rwanda,1990,0.36,Tonnes of CO2-equivalent,Transport
Saudi Arabia,1990,50.59,Tonnes of CO2-equivalent,Transport
Sudan,1990,4.04,Tonnes of CO2-equivalent,Transport
Senegal,1990,0.75,Tonnes of CO2-equivalent,Transport
Singapore,1990,4.16,Tonnes of CO2-equivalent,Transport
Solomon Islands,1990,0.1,Tonnes of CO2-equivalent,Transport
Sierra Leone,1990,0.11,Tonnes of CO2-equivalent,Transport
El Salvador,1990,1.3,Tonnes of CO2-equivalent,Transport
Somalia,1990,0.31,Tonnes of CO2-equivalent,Transport
Serbia,1990,4.58,Tonnes of CO2-equivalent,Transport
Sao Tome and Principe,1990,0.03,Tonnes of CO2-equivalent,Transport
Slovak Republic,1990,4.18,Tonnes of CO2-equivalent,Transport
Slovenia,1990,2.7,Tonnes of CO2-equivalent,Transport
Sweden,1990,20.42,Tonnes of CO2-equivalent,Transport
Eswatini,1990,0.46,Tonnes of CO2-equivalent,Transport
Seychelles,1990,0.05,Tonnes of CO2-equivalent,Transport
Syrian Arab Republic,1990,7.43,Tonnes of CO2-equivalent,Transport
Chad,1990,0.26,Tonnes of CO2-equivalent,Transport
Togo,1990,0.44,Tonnes of CO2-equivalent,Transport
Thailand,1990,28.64,Tonnes of CO2-equivalent,Transport
Tajikistan,1990,0.76,Tonnes of CO2-equivalent,Transport
Turkmenistan,1990,9.94,Tonnes of CO2-equivalent,Transport
Timor-Leste,1990,0.0,Tonnes of CO2-equivalent,Transport
Tonga,1990,0.06,Tonnes of CO2-equivalent,Transport
Trinidad and Tobago,1990,1.39,Tonnes of CO2-equivalent,Transport
Tunisia,1990,2.55,Tonnes of CO2-equivalent,Transport
Turkiye,1990,28.54,Tonnes of CO2-equivalent,Transport
Tuvalu,1990,0.0,Tonnes of CO2-equivalent,Transport
Tanzania,1990,0.72,Tonnes of CO2-equivalent,Transport
Uganda,1990,0.61,Tonnes of CO2-equivalent,Transport
Ukraine,1990,56.46,Tonnes of CO2-equivalent,Transport
Uruguay,1990,1.55,Tonnes of CO2-equivalent,Transport
United States,1990,1468.6,Tonnes of CO2-equivalent,Transport
Uzbekistan,1990,7.95,Tonnes of CO2-equivalent,Transport
St. Vincent and the Grenadines,1990,0.05,Tonnes of CO2-equivalent,Transport
"Venezuela, RB",1990,29.44,Tonnes of CO2-equivalent,Transport
Viet Nam,1990,4.26,Tonnes of CO2-equivalent,Transport
Vanuatu,1990,0.04,Tonnes of CO2-equivalent,Transport
World,1990,4733.58,Tonnes of CO2-equivalent,Transport
Samoa,1990,0.05,Tonnes of CO2-equivalent,Transport
"Yemen, Rep.",1990,4.13,Tonnes of CO2-equivalent,Transport
South Africa,1990,30.38,Tonnes of CO2-equivalent,Transport
Zambia,1990,0.8,Tonnes of CO2-equivalent,Transport
Zimbabwe,1990,2.16,Tonnes of CO2-equivalent,Transport
Afghanistan,2018,0.2990826368331909,Tonnes of CO2-equivalent per person,Total_CO2
Afghanistan,2020,0.2234788686037063,Tonnes of CO2-equivalent per person,Total_CO2
Albania,2020,1.5445500612258911,Tonnes of CO2-equivalent per person,Total_CO2
Albania,2018,1.8546415567398071,Tonnes of CO2-equivalent per person,Total_CO2
Algeria,2018,3.9242987632751465,Tonnes of CO2-equivalent per person,Total_CO2
Algeria,2020,3.7182233333587646,Tonnes of CO2-equivalent per person,Total_CO2
Andorra,2018,6.594057083129883,Tonnes of CO2-equivalent per person,Total_CO2
Andorra,2020,5.7771477699279785,Tonnes of CO2-equivalent per person,Total_CO2
Angola,2020,0.5927429795265198,Tonnes of CO2-equivalent per person,Total_CO2
Angola,2018,0.7558276057243347,Tonnes of CO2-equivalent per person,Total_CO2
Antigua and Barbuda,2020,5.121730327606201,Tonnes of CO2-equivalent per person,Total_CO2
Antigua and Barbuda,2018,5.550826072692871,Tonnes of CO2-equivalent per person,Total_CO2
"Egypt, Arab Rep.",2020,1.9611225128173828,Tonnes of CO2-equivalent per person,Total_CO2
"Egypt, Arab Rep.",2018,2.2940163612365723,Tonnes of CO2-equivalent per person,Total_CO2
Argentina,2020,3.405617475509644,Tonnes of CO2-equivalent per person,Total_CO2
Argentina,2018,3.975650787353516,Tonnes of CO2-equivalent per person,Total_CO2
Armenia,2020,2.404683828353882,Tonnes of CO2-equivalent per person,Total_CO2
Armenia,2018,2.013779401779175,Tonnes of CO2-equivalent per person,Total_CO2
Australia,2018,15.86356258392334,Tonnes of CO2-equivalent per person,Total_CO2
Australia,2020,14.77265739440918,Tonnes of CO2-equivalent per person,Total_CO2
Austria,2020,6.632645606994629,Tonnes of CO2-equivalent per person,Total_CO2
Austria,2018,7.141139984130859,Tonnes of CO2-equivalent per person,Total_CO2
Azerbaijan,2018,3.2926411628723145,Tonnes of CO2-equivalent per person,Total_CO2
Azerbaijan,2020,3.3988494873046875,Tonnes of CO2-equivalent per person,Total_CO2
Bahrain,2018,20.737960815429688,Tonnes of CO2-equivalent per person,Total_CO2
Bahrain,2020,21.97690773010254,Tonnes of CO2-equivalent per person,Total_CO2
Bangladesh,2020,0.5106475353240967,Tonnes of CO2-equivalent per person,Total_CO2
Bangladesh,2018,0.5861576199531555,Tonnes of CO2-equivalent per person,Total_CO2
Barbados,2018,4.5413818359375,Tonnes of CO2-equivalent per person,Total_CO2
Barbados,2020,3.904871225357056,Tonnes of CO2-equivalent per person,Total_CO2
Belarus,2020,5.8424072265625,Tonnes of CO2-equivalent per person,Total_CO2
Belarus,2018,6.279579639434815,Tonnes of CO2-equivalent per person,Total_CO2
Belgium,2020,7.398130893707275,Tonnes of CO2-equivalent per person,Total_CO2
Belgium,2018,8.184366226196289,Tonnes of CO2-equivalent per person,Total_CO2
Belize,2020,1.741107702255249,Tonnes of CO2-equivalent per person,Total_CO2
Belize,2018,1.6489297151565552,Tonnes of CO2-equivalent per person,Total_CO2
Benin,2020,0.6312047839164734,Tonnes of CO2-equivalent per person,Total_CO2
Benin,2018,0.6368144750595093,Tonnes of CO2-equivalent per person,Total_CO2
Bhutan,2020,1.340054273605347,Tonnes of CO2-equivalent per person,Total_CO2
Bhutan,2018,1.908289790153504,Tonnes of CO2-equivalent per person,Total_CO2
Bolivia,2020,1.5394647121429443,Tonnes of CO2-equivalent per person,Total_CO2
Bolivia,2018,1.8851882219314573,Tonnes of CO2-equivalent per person,Total_CO2
Bosnia and Herzegovina,2018,6.651453495025635,Tonnes of CO2-equivalent per person,Total_CO2
Bosnia and Herzegovina,2020,6.312305927276611,Tonnes of CO2-equivalent per person,Total_CO2
Botswana,2018,3.288470983505249,Tonnes of CO2-equivalent per person,Total_CO2
Botswana,2020,2.263463020324707,Tonnes of CO2-equivalent per person,Total_CO2
Brazil,2018,2.0642614364624023,Tonnes of CO2-equivalent per person,Total_CO2
Brazil,2020,1.9425233602523804,Tonnes of CO2-equivalent per person,Total_CO2
Brunei Darussalam,2018,17.3623104095459,Tonnes of CO2-equivalent per person,Total_CO2
Brunei Darussalam,2020,21.70581245422364,Tonnes of CO2-equivalent per person,Total_CO2
Bulgaria,2018,5.82177734375,Tonnes of CO2-equivalent per person,Total_CO2
Bulgaria,2020,4.923280239105225,Tonnes of CO2-equivalent per person,Total_CO2
Burkina Faso,2018,0.2524282932281494,Tonnes of CO2-equivalent per person,Total_CO2
Burkina Faso,2020,0.2535331845283508,Tonnes of CO2-equivalent per person,Total_CO2
Burundi,2018,0.0578502304852008,Tonnes of CO2-equivalent per person,Total_CO2
Burundi,2020,0.0583840236067771,Tonnes of CO2-equivalent per person,Total_CO2
Cambodia,2020,1.137583613395691,Tonnes of CO2-equivalent per person,Total_CO2
Cambodia,2018,0.8458969593048096,Tonnes of CO2-equivalent per person,Total_CO2
Cameroon,2020,0.3747826516628265,Tonnes of CO2-equivalent per person,Total_CO2
Cameroon,2018,0.3887944519519806,Tonnes of CO2-equivalent per person,Total_CO2
Canada,2020,13.599374771118164,Tonnes of CO2-equivalent per person,Total_CO2
Canada,2018,15.636653900146484,Tonnes of CO2-equivalent per person,Total_CO2
Cabo Verde,2020,1.0651516914367676,Tonnes of CO2-equivalent per person,Total_CO2
Cabo Verde,2018,1.0411378145217896,Tonnes of CO2-equivalent per person,Total_CO2
Central African Republic,2018,0.044967595487833,Tonnes of CO2-equivalent per person,Total_CO2
Central African Republic,2020,0.0442820712924003,Tonnes of CO2-equivalent per person,Total_CO2
Chad,2018,0.099806398153305,Tonnes of CO2-equivalent per person,Total_CO2
Chad,2020,0.0942281857132911,Tonnes of CO2-equivalent per person,Total_CO2
Chile,2018,4.62965726852417,Tonnes of CO2-equivalent per person,Total_CO2
Chile,2020,4.395151138305664,Tonnes of CO2-equivalent per person,Total_CO2
China,2020,7.756137847900391,Tonnes of CO2-equivalent per person,Total_CO2
China,2018,7.533193111419678,Tonnes of CO2-equivalent per person,Total_CO2
Colombia,2020,1.5522594451904297,Tonnes of CO2-equivalent per person,Total_CO2
Colombia,2018,1.6103914976119995,Tonnes of CO2-equivalent per person,Total_CO2
Comoros,2018,0.3899200558662414,Tonnes of CO2-equivalent per person,Total_CO2
Comoros,2020,0.407112181186676,Tonnes of CO2-equivalent per person,Total_CO2
"Congo, Rep.",2020,1.254591703414917,Tonnes of CO2-equivalent per person,Total_CO2
"Congo, Rep.",2018,1.142589449882507,Tonnes of CO2-equivalent per person,Total_CO2
Costa Rica,2020,1.3599956035614014,Tonnes of CO2-equivalent per person,Total_CO2
Costa Rica,2018,1.6201212406158447,Tonnes of CO2-equivalent per person,Total_CO2
Croatia,2020,3.8607053756713854,Tonnes of CO2-equivalent per person,Total_CO2
Croatia,2018,4.020066261291504,Tonnes of CO2-equivalent per person,Total_CO2
Cuba,2018,2.354698657989502,Tonnes of CO2-equivalent per person,Total_CO2
Cuba,2020,2.1527695655822754,Tonnes of CO2-equivalent per person,Total_CO2
Cyprus,2020,5.47199821472168,Tonnes of CO2-equivalent per person,Total_CO2
Cyprus,2018,5.906151294708252,Tonnes of CO2-equivalent per person,Total_CO2
Czechia,2018,9.664628028869627,Tonnes of CO2-equivalent per person,Total_CO2
Czechia,2020,8.304017066955566,Tonnes of CO2-equivalent per person,Total_CO2
Cote d'Ivoire,2020,0.4063473641872406,Tonnes of CO2-equivalent per person,Total_CO2
Cote d'Ivoire,2018,0.3998903632164001,Tonnes of CO2-equivalent per person,Total_CO2
"Korea, Dem. People's Rep.",2018,1.954949975013733,Tonnes of CO2-equivalent per person,Total_CO2
"Korea, Dem. People's Rep.",2020,2.027148723602295,Tonnes of CO2-equivalent per person,Total_CO2
"Congo, Dem. Rep.",2020,0.0325847826898098,Tonnes of CO2-equivalent per person,Total_CO2
"Congo, Dem. Rep.",2018,0.0323112346231937,Tonnes of CO2-equivalent per person,Total_CO2
Denmark,2018,5.7189130783081055,Tonnes of CO2-equivalent per person,Total_CO2
Denmark,2020,4.691237449645996,Tonnes of CO2-equivalent per person,Total_CO2
Djibouti,2018,0.3924525082111358,Tonnes of CO2-equivalent per person,Total_CO2
Djibouti,2020,0.3923291563987732,Tonnes of CO2-equivalent per person,Total_CO2
Dominica,2020,2.261268138885498,Tonnes of CO2-equivalent per person,Total_CO2
Dominica,2018,2.3339874744415283,Tonnes of CO2-equivalent per person,Total_CO2
Dominican Republic,2018,2.356223821640014,Tonnes of CO2-equivalent per person,Total_CO2
Dominican Republic,2020,2.080181837081909,Tonnes of CO2-equivalent per person,Total_CO2
Ecuador,2020,1.957575321197509,Tonnes of CO2-equivalent per person,Total_CO2
Ecuador,2018,2.366829872131348,Tonnes of CO2-equivalent per person,Total_CO2
El Salvador,2020,1.0132802724838257,Tonnes of CO2-equivalent per person,Total_CO2
El Salvador,2018,1.090587496757507,Tonnes of CO2-equivalent per person,Total_CO2
Equatorial Guinea,2020,2.7257308959960938,Tonnes of CO2-equivalent per person,Total_CO2
Equatorial Guinea,2018,3.374296188354492,Tonnes of CO2-equivalent per person,Total_CO2
Eritrea,2020,0.1986575424671173,Tonnes of CO2-equivalent per person,Total_CO2
Eritrea,2018,0.1966985315084457,Tonnes of CO2-equivalent per person,Total_CO2
Estonia,2018,11.888936042785645,Tonnes of CO2-equivalent per person,Total_CO2
Estonia,2020,5.338399887084961,Tonnes of CO2-equivalent per person,Total_CO2
Ethiopia,2018,0.1532303243875503,Tonnes of CO2-equivalent per person,Total_CO2
Ethiopia,2020,0.1544317752122879,Tonnes of CO2-equivalent per person,Total_CO2
North Macedonia,2018,3.3477232456207275,Tonnes of CO2-equivalent per person,Total_CO2
North Macedonia,2020,3.2794201374053955,Tonnes of CO2-equivalent per person,Total_CO2
"Micronesia, Fed. Sts.",2018,1.3323837518692017,Tonnes of CO2-equivalent per person,Total_CO2
"Micronesia, Fed. Sts.",2020,0.9589138627052308,Tonnes of CO2-equivalent per person,Total_CO2
Fiji,2020,1.1170963048934937,Tonnes of CO2-equivalent per person,Total_CO2
Fiji,2018,1.5094733238220217,Tonnes of CO2-equivalent per person,Total_CO2
Finland,2018,8.049188613891602,Tonnes of CO2-equivalent per person,Total_CO2
Finland,2020,6.570145130157471,Tonnes of CO2-equivalent per person,Total_CO2
France,2020,3.95368242263794,Tonnes of CO2-equivalent per person,Total_CO2
France,2018,4.570517539978027,Tonnes of CO2-equivalent per person,Total_CO2
Gabon,2020,2.3332736492156982,Tonnes of CO2-equivalent per person,Total_CO2
Gabon,2018,2.3359360694885254,Tonnes of CO2-equivalent per person,Total_CO2
Georgia,2020,2.754709243774414,Tonnes of CO2-equivalent per person,Total_CO2
Georgia,2018,2.6097066402435303,Tonnes of CO2-equivalent per person,Total_CO2
Germany,2018,8.537042617797852,Tonnes of CO2-equivalent per person,Total_CO2
Germany,2020,7.255220890045166,Tonnes of CO2-equivalent per person,Total_CO2
Ghana,2018,0.5433933138847351,Tonnes of CO2-equivalent per person,Total_CO2
Ghana,2020,0.6028874516487122,Tonnes of CO2-equivalent per person,Total_CO2
Greece,2018,6.058130741119385,Tonnes of CO2-equivalent per person,Total_CO2
Greece,2020,4.767184734344482,Tonnes of CO2-equivalent per person,Total_CO2
Grenada,2018,2.6289007663726807,Tonnes of CO2-equivalent per person,Total_CO2
Grenada,2020,2.624067068099976,Tonnes of CO2-equivalent per person,Total_CO2
Guatemala,2020,1.000407338142395,Tonnes of CO2-equivalent per person,Total_CO2
Guatemala,2018,1.1057536602020264,Tonnes of CO2-equivalent per person,Total_CO2
Guinea,2020,0.3436461389064789,Tonnes of CO2-equivalent per person,Total_CO2
Guinea,2018,0.2974942624568939,Tonnes of CO2-equivalent per person,Total_CO2
Guinea-Bissau,2018,0.1650947630405426,Tonnes of CO2-equivalent per person,Total_CO2
Guinea-Bissau,2020,0.1632083654403686,Tonnes of CO2-equivalent per person,Total_CO2
Guyana,2018,3.293512344360352,Tonnes of CO2-equivalent per person,Total_CO2
Guyana,2020,3.472770929336548,Tonnes of CO2-equivalent per person,Total_CO2
Haiti,2018,0.2987299561500549,Tonnes of CO2-equivalent per person,Total_CO2
Haiti,2020,0.2838150262832641,Tonnes of CO2-equivalent per person,Total_CO2
Honduras,2018,0.922234058380127,Tonnes of CO2-equivalent per person,Total_CO2
Honduras,2020,0.8729111552238464,Tonnes of CO2-equivalent per person,Total_CO2
Hungary,2018,5.033254146575928,Tonnes of CO2-equivalent per person,Total_CO2
Hungary,2020,4.591652870178223,Tonnes of CO2-equivalent per person,Total_CO2
Iceland,2020,3.947465419769287,Tonnes of CO2-equivalent per person,Total_CO2
Iceland,2018,4.817688941955566,Tonnes of CO2-equivalent per person,Total_CO2
India,2018,1.7955952882766724,Tonnes of CO2-equivalent per person,Total_CO2
India,2020,1.5760931968688965,Tonnes of CO2-equivalent per person,Total_CO2
Indonesia,2018,2.1268367767333984,Tonnes of CO2-equivalent per person,Total_CO2
Indonesia,2020,2.0716588497161865,Tonnes of CO2-equivalent per person,Total_CO2
Iraq,2020,3.842177867889404,Tonnes of CO2-equivalent per person,Total_CO2
Iraq,2018,4.142680644989014,Tonnes of CO2-equivalent per person,Total_CO2
Ireland,2020,6.768227577209473,Tonnes of CO2-equivalent per person,Total_CO2
Ireland,2018,7.69902753829956,Tonnes of CO2-equivalent per person,Total_CO2
"Iran, Islamic Rep.",2020,7.063351154327393,Tonnes of CO2-equivalent per person,Total_CO2
"Iran, Islamic Rep.",2018,7.445127964019775,Tonnes of CO2-equivalent per person,Total_CO2
Israel,2018,6.914992809295654,Tonnes of CO2-equivalent per person,Total_CO2
Israel,2020,6.345215797424316,Tonnes of CO2-equivalent per person,Total_CO2
Italy,2020,4.732372760772705,Tonnes of CO2-equivalent per person,Total_CO2
Italy,2018,5.3769402503967285,Tonnes of CO2-equivalent per person,Total_CO2
Jamaica,2018,3.054588794708252,Tonnes of CO2-equivalent per person,Total_CO2
Jamaica,2020,2.0690417289733887,Tonnes of CO2-equivalent per person,Total_CO2
Japan,2020,8.031496047973633,Tonnes of CO2-equivalent per person,Total_CO2
Japan,2018,8.761979103088379,Tonnes of CO2-equivalent per person,Total_CO2
Jordan,2018,2.36236310005188,Tonnes of CO2-equivalent per person,Total_CO2
Jordan,2020,1.9191724061965945,Tonnes of CO2-equivalent per person,Total_CO2
Kazakhstan,2020,11.29774284362793,Tonnes of CO2-equivalent per person,Total_CO2
Kazakhstan,2018,11.867549896240234,Tonnes of CO2-equivalent per person,Total_CO2
Kenya,2018,0.3854379653930664,Tonnes of CO2-equivalent per person,Total_CO2
Kenya,2020,0.3740792274475097,Tonnes of CO2-equivalent per person,Total_CO2
Kiribati,2018,0.5987191200256348,Tonnes of CO2-equivalent per person,Total_CO2
Kiribati,2020,0.4499339759349823,Tonnes of CO2-equivalent per person,Total_CO2
Kuwait,2020,21.16961097717285,Tonnes of CO2-equivalent per person,Total_CO2
Kuwait,2018,21.46122932434082,Tonnes of CO2-equivalent per person,Total_CO2
Kyrgyz Republic,2018,1.7882583141326904,Tonnes of CO2-equivalent per person,Total_CO2
Kyrgyz Republic,2020,1.379975438117981,Tonnes of CO2-equivalent per person,Total_CO2
Lao PDR,2020,2.620283365249634,Tonnes of CO2-equivalent per person,Total_CO2
Lao PDR,2018,2.767597913742065,Tonnes of CO2-equivalent per person,Total_CO2
Latvia,2018,4.039697647094727,Tonnes of CO2-equivalent per person,Total_CO2
Latvia,2020,3.645612239837648,Tonnes of CO2-equivalent per person,Total_CO2
Lebanon,2018,4.604611396789551,Tonnes of CO2-equivalent per person,Total_CO2
Lebanon,2020,3.792193651199341,Tonnes of CO2-equivalent per person,Total_CO2
Lesotho,2018,1.0357518196105957,Tonnes of CO2-equivalent per person,Total_CO2
Lesotho,2020,1.025642156600952,Tonnes of CO2-equivalent per person,Total_CO2
Liberia,2020,0.2318389266729354,Tonnes of CO2-equivalent per person,Total_CO2
Liberia,2018,0.230417251586914,Tonnes of CO2-equivalent per person,Total_CO2
Libya,2020,6.68280553817749,Tonnes of CO2-equivalent per person,Total_CO2
Libya,2018,8.351625442504883,Tonnes of CO2-equivalent per person,Total_CO2
Liechtenstein,2018,3.744019269943237,Tonnes of CO2-equivalent per person,Total_CO2
Liechtenstein,2020,3.6638479232788086,Tonnes of CO2-equivalent per person,Total_CO2
Lithuania,2020,4.184000492095947,Tonnes of CO2-equivalent per person,Total_CO2
Lithuania,2018,4.15931510925293,Tonnes of CO2-equivalent per person,Total_CO2
Luxembourg,2020,12.456953048706056,Tonnes of CO2-equivalent per person,Total_CO2
Luxembourg,2018,15.331523895263672,Tonnes of CO2-equivalent per person,Total_CO2
Madagascar,2018,0.1231022626161575,Tonnes of CO2-equivalent per person,Total_CO2
Madagascar,2020,0.0972695425152778,Tonnes of CO2-equivalent per person,Total_CO2
Malawi,2020,0.0846361592411995,Tonnes of CO2-equivalent per person,Total_CO2
Malawi,2018,0.0876203328371048,Tonnes of CO2-equivalent per person,Total_CO2
Malaysia,2018,7.452371597290039,Tonnes of CO2-equivalent per person,Total_CO2
Malaysia,2020,7.383715629577637,Tonnes of CO2-equivalent per person,Total_CO2
Maldives,2018,3.626484870910645,Tonnes of CO2-equivalent per person,Total_CO2
Maldives,2020,2.826385259628296,Tonnes of CO2-equivalent per person,Total_CO2
Mali,2018,0.1940324157476425,Tonnes of CO2-equivalent per person,Total_CO2
Mali,2020,0.1955659687519073,Tonnes of CO2-equivalent per person,Total_CO2
Malta,2020,3.1255578994750977,Tonnes of CO2-equivalent per person,Total_CO2
Malta,2018,3.203474760055542,Tonnes of CO2-equivalent per person,Total_CO2
Marshall Islands,2018,3.2855682373046875,Tonnes of CO2-equivalent per person,Total_CO2
Marshall Islands,2020,2.533803224563598,Tonnes of CO2-equivalent per person,Total_CO2
Mauritania,2020,0.8551763892173767,Tonnes of CO2-equivalent per person,Total_CO2
Mauritania,2018,0.8701359629631042,Tonnes of CO2-equivalent per person,Total_CO2
Mauritius,2018,3.2664153575897217,Tonnes of CO2-equivalent per person,Total_CO2
Mauritius,2020,2.938513994216919,Tonnes of CO2-equivalent per person,Total_CO2
Mexico,2018,3.587489366531372,Tonnes of CO2-equivalent per person,Total_CO2
Mexico,2020,3.040766477584839,Tonnes of CO2-equivalent per person,Total_CO2
Moldova,2020,3.2678463459014893,Tonnes of CO2-equivalent per person,Total_CO2
Moldova,2018,3.160420656204224,Tonnes of CO2-equivalent per person,Total_CO2
Mongolia,2020,6.43064546585083,Tonnes of CO2-equivalent per person,Total_CO2
Mongolia,2018,6.809659004211426,Tonnes of CO2-equivalent per person,Total_CO2
Montenegro,2020,4.067561149597168,Tonnes of CO2-equivalent per person,Total_CO2
Montenegro,2018,4.018308639526367,Tonnes of CO2-equivalent per person,Total_CO2
Morocco,2018,1.7893279790878296,Tonnes of CO2-equivalent per person,Total_CO2
Morocco,2020,1.8185263872146609,Tonnes of CO2-equivalent per person,Total_CO2
Mozambique,2020,0.2227675467729568,Tonnes of CO2-equivalent per person,Total_CO2
Mozambique,2018,0.2336571663618087,Tonnes of CO2-equivalent per person,Total_CO2
Myanmar,2018,0.6224982142448425,Tonnes of CO2-equivalent per person,Total_CO2
Myanmar,2020,0.6340803503990173,Tonnes of CO2-equivalent per person,Total_CO2
Namibia,2018,1.7788317203521729,Tonnes of CO2-equivalent per person,Total_CO2
Namibia,2020,1.5880451202392578,Tonnes of CO2-equivalent per person,Total_CO2
Nauru,2020,3.3617539405822754,Tonnes of CO2-equivalent per person,Total_CO2
Nauru,2018,4.528681755065918,Tonnes of CO2-equivalent per person,Total_CO2
Nepal,2018,0.5310819149017334,Tonnes of CO2-equivalent per person,Total_CO2
Nepal,2020,0.5093662738800049,Tonnes of CO2-equivalent per person,Total_CO2
Netherlands,2018,8.785143852233887,Tonnes of CO2-equivalent per person,Total_CO2
Netherlands,2020,7.471553325653076,Tonnes of CO2-equivalent per person,Total_CO2
New Zealand,2018,6.613271713256836,Tonnes of CO2-equivalent per person,Total_CO2
New Zealand,2020,6.160799026489258,Tonnes of CO2-equivalent per person,Total_CO2
Nicaragua,2020,0.678252100944519,Tonnes of CO2-equivalent per person,Total_CO2
Nicaragua,2018,0.7645499110221863,Tonnes of CO2-equivalent per person,Total_CO2
Niger,2018,0.0866494625806808,Tonnes of CO2-equivalent per person,Total_CO2
Niger,2020,0.090325579047203,Tonnes of CO2-equivalent per person,Total_CO2
Nigeria,2018,0.5727832317352295,Tonnes of CO2-equivalent per person,Total_CO2
Nigeria,2020,0.5375101566314697,Tonnes of CO2-equivalent per person,Total_CO2
Norway,2018,7.261315822601318,Tonnes of CO2-equivalent per person,Total_CO2
Norway,2020,6.7250800132751465,Tonnes of CO2-equivalent per person,Total_CO2
Oman,2020,15.636200904846191,Tonnes of CO2-equivalent per person,Total_CO2
Oman,2018,16.379575729370117,Tonnes of CO2-equivalent per person,Total_CO2
Pakistan,2018,0.8504270911216736,Tonnes of CO2-equivalent per person,Total_CO2
Pakistan,2020,0.8103601932525635,Tonnes of CO2-equivalent per person,Total_CO2
Palau,2020,8.802581787109375,Tonnes of CO2-equivalent per person,Total_CO2
Palau,2018,11.861845016479492,Tonnes of CO2-equivalent per person,Total_CO2
Panama,2018,2.3813188076019287,Tonnes of CO2-equivalent per person,Total_CO2
Panama,2020,2.231442928314209,Tonnes of CO2-equivalent per person,Total_CO2
Papua New Guinea,2020,0.5632515549659729,Tonnes of CO2-equivalent per person,Total_CO2
Papua New Guinea,2018,0.7625497579574585,Tonnes of CO2-equivalent per person,Total_CO2
Paraguay,2020,1.144591212272644,Tonnes of CO2-equivalent per person,Total_CO2
Paraguay,2018,1.297481656074524,Tonnes of CO2-equivalent per person,Total_CO2
Peru,2020,1.3985660076141355,Tonnes of CO2-equivalent per person,Total_CO2
Peru,2018,1.6951308250427246,Tonnes of CO2-equivalent per person,Total_CO2
Philippines,2018,1.2813907861709597,Tonnes of CO2-equivalent per person,Total_CO2
Philippines,2020,1.189679503440857,Tonnes of CO2-equivalent per person,Total_CO2
Poland,2018,8.209531784057617,Tonnes of CO2-equivalent per person,Total_CO2
Poland,2020,7.367563247680664,Tonnes of CO2-equivalent per person,Total_CO2
Portugal,2018,4.80961275100708,Tonnes of CO2-equivalent per person,Total_CO2
Portugal,2020,3.784907579421997,Tonnes of CO2-equivalent per person,Total_CO2
Qatar,2020,31.726842880249023,Tonnes of CO2-equivalent per person,Total_CO2
Qatar,2018,31.480966567993164,Tonnes of CO2-equivalent per person,Total_CO2
"Venezuela, RB",2020,2.5450279712677,Tonnes of CO2-equivalent per person,Total_CO2
"Venezuela, RB",2018,4.363961219787598,Tonnes of CO2-equivalent per person,Total_CO2
"Korea, Rep.",2020,10.990029335021973,Tonnes of CO2-equivalent per person,Total_CO2
"Korea, Rep.",2018,12.216456413269045,Tonnes of CO2-equivalent per person,Total_CO2
"Yemen, Rep.",2020,0.3085146248340606,Tonnes of CO2-equivalent per person,Total_CO2
"Yemen, Rep.",2018,0.3686135411262512,Tonnes of CO2-equivalent per person,Total_CO2
Romania,2020,3.564137458801269,Tonnes of CO2-equivalent per person,Total_CO2
Romania,2018,3.861061811447144,Tonnes of CO2-equivalent per person,Total_CO2
Russian Federation,2018,11.49657154083252,Tonnes of CO2-equivalent per person,Total_CO2
Russian Federation,2020,11.232288360595703,Tonnes of CO2-equivalent per person,Total_CO2
Rwanda,2018,0.1119870319962501,Tonnes of CO2-equivalent per person,Total_CO2
Rwanda,2020,0.1051241382956504,Tonnes of CO2-equivalent per person,Total_CO2
St. Kitts and Nevis,2018,5.1338958740234375,Tonnes of CO2-equivalent per person,Total_CO2
St. Kitts and Nevis,2020,4.848662853240967,Tonnes of CO2-equivalent per person,Total_CO2
St. Lucia,2018,2.967597484588623,Tonnes of CO2-equivalent per person,Total_CO2
St. Lucia,2020,2.785139322280884,Tonnes of CO2-equivalent per person,Total_CO2
St. Vincent and the Grenadines,2020,2.100695848464966,Tonnes of CO2-equivalent per person,Total_CO2
St. Vincent and the Grenadines,2018,2.3964438438415527,Tonnes of CO2-equivalent per person,Total_CO2
Samoa,2020,0.9607824087142944,Tonnes of CO2-equivalent per person,Total_CO2
Samoa,2018,1.185974359512329,Tonnes of CO2-equivalent per person,Total_CO2
Saudi Arabia,2018,15.065500259399414,Tonnes of CO2-equivalent per person,Total_CO2
Saudi Arabia,2020,14.26658535003662,Tonnes of CO2-equivalent per person,Total_CO2
Senegal,2018,0.6533970832824707,Tonnes of CO2-equivalent per person,Total_CO2
Senegal,2020,0.6498005390167236,Tonnes of CO2-equivalent per person,Total_CO2
Serbia,2020,6.714517116546631,Tonnes of CO2-equivalent per person,Total_CO2
Serbia,2018,6.615354537963867,Tonnes of CO2-equivalent per person,Total_CO2
Seychelles,2018,6.224550724029541,Tonnes of CO2-equivalent per person,Total_CO2
Seychelles,2020,6.0805182456970215,Tonnes of CO2-equivalent per person,Total_CO2
Sierra Leone,2018,0.1327646225690841,Tonnes of CO2-equivalent per person,Total_CO2
Sierra Leone,2020,0.1272776126861572,Tonnes of CO2-equivalent per person,Total_CO2
Singapore,2020,7.686683654785156,Tonnes of CO2-equivalent per person,Total_CO2
Singapore,2018,8.01821231842041,Tonnes of CO2-equivalent per person,Total_CO2
Slovak Republic,2020,5.31905460357666,Tonnes of CO2-equivalent per person,Total_CO2
Slovak Republic,2018,6.059571743011475,Tonnes of CO2-equivalent per person,Total_CO2
Slovenia,2020,5.934735298156738,Tonnes of CO2-equivalent per person,Total_CO2
Slovenia,2018,6.78573751449585,Tonnes of CO2-equivalent per person,Total_CO2
Solomon Islands,2018,0.4564284384250641,Tonnes of CO2-equivalent per person,Total_CO2
Solomon Islands,2020,0.3230655491352081,Tonnes of CO2-equivalent per person,Total_CO2
Somalia,2020,0.039934653788805,Tonnes of CO2-equivalent per person,Total_CO2
Somalia,2018,0.0425732284784317,Tonnes of CO2-equivalent per person,Total_CO2
South Africa,2018,7.66737699508667,Tonnes of CO2-equivalent per person,Total_CO2
South Africa,2020,6.687562942504883,Tonnes of CO2-equivalent per person,Total_CO2
South Sudan,2020,0.1643091291189193,Tonnes of CO2-equivalent per person,Total_CO2
South Sudan,2018,0.1701629608869552,Tonnes of CO2-equivalent per person,Total_CO2
Spain,2018,5.521059989929199,Tonnes of CO2-equivalent per person,Total_CO2
Spain,2020,4.279594421386719,Tonnes of CO2-equivalent per person,Total_CO2
Sri Lanka,2018,1.00093674659729,Tonnes of CO2-equivalent per person,Total_CO2
Sri Lanka,2020,0.9966832399368286,Tonnes of CO2-equivalent per person,Total_CO2
Sudan,2020,0.4679539203643799,Tonnes of CO2-equivalent per person,Total_CO2
Sudan,2018,0.5159710645675659,Tonnes of CO2-equivalent per person,Total_CO2
Suriname,2018,3.6154215335845934,Tonnes of CO2-equivalent per person,Total_CO2
Suriname,2020,4.28507661819458,Tonnes of CO2-equivalent per person,Total_CO2
Eswatini,2018,0.9529242515563964,Tonnes of CO2-equivalent per person,Total_CO2
Eswatini,2020,0.9720875024795532,Tonnes of CO2-equivalent per person,Total_CO2
Sweden,2020,3.2429890632629395,Tonnes of CO2-equivalent per person,Total_CO2
Sweden,2018,3.5297439098358154,Tonnes of CO2-equivalent per person,Total_CO2
Switzerland,2020,4.042072772979736,Tonnes of CO2-equivalent per person,Total_CO2
Switzerland,2018,4.402143955230713,Tonnes of CO2-equivalent per person,Total_CO2
Syrian Arab Republic,2020,1.2148025035858154,Tonnes of CO2-equivalent per person,Total_CO2
Syrian Arab Republic,2018,1.463943600654602,Tonnes of CO2-equivalent per person,Total_CO2
Sao Tome and Principe,2020,0.6453501582145691,Tonnes of CO2-equivalent per person,Total_CO2
Sao Tome and Principe,2018,0.6505980491638184,Tonnes of CO2-equivalent per person,Total_CO2
Tajikistan,2018,0.887070894241333,Tonnes of CO2-equivalent per person,Total_CO2
Tajikistan,2020,0.9775330424308776,Tonnes of CO2-equivalent per person,Total_CO2
Tanzania,2018,0.2068997770547866,Tonnes of CO2-equivalent per person,Total_CO2
Tanzania,2020,0.2339455932378769,Tonnes of CO2-equivalent per person,Total_CO2
Thailand,2020,3.714255809783936,Tonnes of CO2-equivalent per person,Total_CO2
Thailand,2018,3.718427896499634,Tonnes of CO2-equivalent per person,Total_CO2
"Bahamas, The",2020,6.042251586914063,Tonnes of CO2-equivalent per person,Total_CO2
"Bahamas, The",2018,6.955357551574707,Tonnes of CO2-equivalent per person,Total_CO2
"Gambia, The",2020,0.2375296056270599,Tonnes of CO2-equivalent per person,Total_CO2
"Gambia, The",2018,0.2445073723793029,Tonnes of CO2-equivalent per person,Total_CO2
Timor-Leste,2018,0.4042493402957916,Tonnes of CO2-equivalent per person,Total_CO2
Timor-Leste,2020,0.343155175447464,Tonnes of CO2-equivalent per person,Total_CO2
Togo,2020,0.2860618531703949,Tonnes of CO2-equivalent per person,Total_CO2
Togo,2018,0.2721495330333709,Tonnes of CO2-equivalent per person,Total_CO2
Tonga,2020,1.1220476627349854,Tonnes of CO2-equivalent per person,Total_CO2
Tonga,2018,1.276271939277649,Tonnes of CO2-equivalent per person,Total_CO2
Trinidad and Tobago,2020,10.157118797302246,Tonnes of CO2-equivalent per person,Total_CO2
Trinidad and Tobago,2018,11.805405616760254,Tonnes of CO2-equivalent per person,Total_CO2
Tunisia,2018,2.599764823913574,Tonnes of CO2-equivalent per person,Total_CO2
Tunisia,2020,2.40862250328064,Tonnes of CO2-equivalent per person,Total_CO2
Turkiye,2018,5.000789642333984,Tonnes of CO2-equivalent per person,Total_CO2
Turkiye,2020,4.842267036437988,Tonnes of CO2-equivalent per person,Total_CO2
Turkmenistan,2020,10.184085845947266,Tonnes of CO2-equivalent per person,Total_CO2
Turkmenistan,2018,10.43972110748291,Tonnes of CO2-equivalent per person,Total_CO2
Tuvalu,2020,0.5962598323822021,Tonnes of CO2-equivalent per person,Total_CO2
Tuvalu,2018,0.8099401593208313,Tonnes of CO2-equivalent per person,Total_CO2
Uganda,2020,0.1277930289506912,Tonnes of CO2-equivalent per person,Total_CO2
Uganda,2018,0.1413114368915558,Tonnes of CO2-equivalent per person,Total_CO2
Ukraine,2020,3.7538161277771,Tonnes of CO2-equivalent per person,Total_CO2
Ukraine,2018,4.159868240356445,Tonnes of CO2-equivalent per person,Total_CO2
United Arab Emirates,2018,19.060949325561523,Tonnes of CO2-equivalent per person,Total_CO2
United Arab Emirates,2020,20.25227165222168,Tonnes of CO2-equivalent per person,Total_CO2
United Kingdom,2020,4.601142406463623,Tonnes of CO2-equivalent per person,Total_CO2
United Kingdom,2018,5.42512845993042,Tonnes of CO2-equivalent per person,Total_CO2
United States,2020,13.032828330993652,Tonnes of CO2-equivalent per person,Total_CO2
United States,2018,15.22251796722412,Tonnes of CO2-equivalent per person,Total_CO2
Uruguay,2020,1.899718999862671,Tonnes of CO2-equivalent per person,Total_CO2
Uruguay,2018,1.910014510154724,Tonnes of CO2-equivalent per person,Total_CO2
Uzbekistan,2018,3.420322895050049,Tonnes of CO2-equivalent per person,Total_CO2
Uzbekistan,2020,3.376303672790528,Tonnes of CO2-equivalent per person,Total_CO2
Vanuatu,2018,0.597044050693512,Tonnes of CO2-equivalent per person,Total_CO2
Vanuatu,2020,0.3891749680042267,Tonnes of CO2-equivalent per person,Total_CO2
Viet Nam,2018,3.014711380004883,Tonnes of CO2-equivalent per person,Total_CO2
Viet Nam,2020,3.6764400005340576,Tonnes of CO2-equivalent per person,Total_CO2
Zambia,2020,0.4019027054309845,Tonnes of CO2-equivalent per person,Total_CO2
Zambia,2018,0.4405274093151092,Tonnes of CO2-equivalent per person,Total_CO2
Zimbabwe,2018,0.7354348301887512,Tonnes of CO2-equivalent per person,Total_CO2
Zimbabwe,2020,0.5304835438728333,Tonnes of CO2-equivalent per person,Total_CO2
